# Urdu word -> Roman spelling, from the aligned region of
# Roman-Urdu-Parl. Built by scripts/build_translit_dict.py (ADR-014).
# Do not rebuild from the whole corpus: 90% of it is misaligned.
urdu	roman
!	!
"	"
%	%
'	'
(	(
)	)
+	+
,	,
-	-
.	.
/	/
0	0
02	02
03	03
07	07
1	1
1,197	1,197
10	10
100	100
1000	1000
103	103
11	11
110	110
111	111
112	112
117	117
12	12
121	121
1212	1212
125	125
13	13
135	135
14	14
140	140
15	15
150	150
16	16
162	162
17	17
18	18
181	181
19	19
197	197
1971	1971
1999	1999
2	2
20	20
2000	2000
2005	2005
2006	2006
2007	2007
2008	2008
2009	2009
2010	2010
2011	2011
2012	2012
2013	2013
2014	2014
21	21
22	22
2221	2221
223	223
228	228
23	23
24	24
25	25
26	26
27	27
271	271
28	28
29	29
3	3
30	30
31	31
32	32
33	33
35	35
36	36
37	37
38	38
4	4
40	40
41	41
42	42
43	43
44	44
45	45
450	450
46	46
47	47
48	48
49	49
5	5
50	50
51	51
53	53
54	54
541	541
55	55
56	56
560	560
58	58
59	59
6	6
60	60
61	61
64	64
67	67
681	681
7	7
7,317	7,317
70	70
721	721
79	79
8	8
80	80
81	81
83	83
84	84
9	9
90	90
92	92
98	98
:	:
;	;
?	?
@	@
[	[
]	]
^	^
_	_
`	`
|	|
á	?
ء	hamza
ءاسلام	hamza
آ	aa
آؤ	aao
آؤن	aaon
آؤٹ	out
آؤں	aon
آئ	aay
آئبیریا	iberia
آئر	aair
آئرس	aires
آئرستان	mumlikat
آئرش	irish
آئرلینڈ	ireland
آئرن	iron
آئرین	airain
آئزن	aayzn
آئزک	aayzk
آئس	ice
آئسو	ausuu
آئل	oil
آئلینڈ	aaylind
آئمہ	aima
آئن	ion
آئند	aaind
آئندہ	aindah
آئنی	aini
آئو	aaoo
آئي	aayi
آئين	aeen
آئيڈيل	ideal
آئيں	ayen
آئيے	aayiyae
آئڈل	idle
آئی	aayi
آئیا	aiya
آئیرلینڈ	aayirlind
آئیز	eyes
آئین	aeen
آئینوں	aa_iinon
آئینگے	aaenge
آئینہ	aaina
آئینی	aaeni
آئینے	aaiine
آئیوری	ivory
آئیوو	aayivo
آئیووا	aayyowa
آئیڈيا	idea
آئیڈیا	idea
آئیڈیالوجی	aayidyaloji
آئیڈیل	ideal
آئیڈیلز	ideals
آئیکون	aayikon
آئیگا	aayega
آئیگی	pahari
آئیں	ayen
آئیے	aayiyae
آئے	aeye
آئےجب	waqt
آئےـ	aeye
آب	aabb
آبا	aaba
آباء	aaba
آباؤ	abao
آبائی	aabadi
آباد	abad
آبادي	abadi
آباديوں	aabadyon
آبادکار	aabadkar
آبادکاروں	aabadkaron
آبادکاری	abadkari
آبادی	abadi
آبادیات	abadiyat
آبادیاتی	aabadyati
آبادیاں	abadiyaan
آبادیوں	aabadiyon
آبار	aabar
آبان	aban
آباو	abao
آبجیکٹ	aabjikt
آبداری	aabdari
آبدوز	aabdoz
آبدوزوں	aabdozon
آبدوزیں	aabdozin
آبدیدہ	aabdeedah
آبرو	aabaroo
آبروریزی	aabrorizi
آبزرور	aabzror
آبزرویٹری	aabzroytri
آبشار	aabshaar
آبشاروں	absharoon
آبشاریں	aabsharin
آبلہ	aabla
آبنائے	abnaye
آبنوس	abnos
آبپاشی	aab
آبکاری	abkari
آبگینوں	aabginon
آبی	aabi
آبیاری	abyari
آبیانہ	aabyana
آبے	wala
آت	aat
آتا	aata
آتاہے	aatahe
آتش	aatish
آتشبازی	aatishbazi
آتشزدگی	atishzadgi
آتشگیر	aatshgir
آتشی	aatshi
آتشیں	aatsheen
آتما	attmma
آتی	aati
آتیں	aatin
آتے	atay
آثار	assaar
آج	aaj
آجا	aja
آجاؤ	aajao
آجائیں	ajayeen
آجائے	aajay
آجاتا	ajata
آجاتی	ajati
آجاتے	aajate
آجانا	aajana
آجانے	ajany
آجتک	par
آجر	ajir
آجروں	aajron
آجرہ	ajra
آجرین	aajrin
آجکل	aajkal
آخر	aakhir
آخرالذکر	aakhralzkr
آخرت	akhirat
آخرمیں	aakhrmin
آخری	aakhri
آخور	akhore
آخون	akhoon
آخوند	aakhond
آخیر	akher
آداب	aadaab
آداہ	aadah
آدتیا	aditya
آدتیہ	aadtih
آدرش	aadarsh
آدرشوں	aadrshon
آدرشی	aadrshi
آدم	aadam
آدمجی	aadmji
آدمی	aadmi
آدمیت	aadmit
آدمیوں	admion
آدھ	aadh
آدھا	aadha
آدھی	aadhi
آدھے	adhay
آدی	aadi
آذاد	aazad
آذادی	azadi
آذار	aazaar
آذان	aazan
آذر	azer
آذربائجان	aazrbayjan
آذربائیجان	azerbaijan
آر	are
آرئی	aaryi
آرا	aara
آراء	aaraa
آرائش	araish
آرائشی	araishi
آرائی	aarai
آرائیاں	aaraiyan
آرائیوں	aarayyon
آرائیں	aarayin
آرائے	aaraye
آراستہ	aaraasta
آرام	aaraam
آرامی	aarami
آرایشی	araishi
آربیٹریشن	aarbitrishn
آرتھر	arthur
آرتھوڈوکس	aarthodoks
آرتی	aarti
آرد	aard
آرزؤں	aarzuon
آرزو	arzoo
آرزوئیں	aarzoyeen
آرزوں	aarazun
آرسی	arsee
آرلینڈو	aarlindo
آرم	arm
آرمرڈ	aarmrd
آرمز	aarmz
آرمسٹرانگ	aarmstrang
آرمڈ	armed
آرمی	army
آرمینیا	arminia
آرمینیائی	aarminyayi
آرنلڈ	aarnld
آرنے	aarne
آرٹ	art
آرٹس	arts
آرٹسٹ	aartst
آرٹلری	aartlri
آرٹیلری	aartilri
آرٹیکل	article
آرپار	se
آرچ	aarch
آرڈر	order
آرڈینس	jari
آرڈینسن	aardinsn
آرڈیننس	ordinence
آرڈینینس	aardinins
آرڈینیٹر	aardinitr
آرکائیو	aarkayyo
آرکسٹرا	orchestra
آرکنساس	aarknsas
آرکٹک	aarktk
آرکیٹکٹ	aarkitkt
آرکیٹیکٹ	aarkitikt
آرکیٹیکچر	architecture
آرکیڈ	aarkid
آرگن	aargan
آرگنائزر	organisers
آرگنائزیشن	organization
آرگنائزیشنوں	aargnayzishnon
آرگنائیزیشن	aargnayizishn
آرگینک	organic
آرہ	aarah
آرہا	araha
آرہاہے	aarhahe
آرہی	aa
آرہے	arhay
آری	aarey
آریا	aarya
آریان	aryan
آریانہ	ariana
آرین	aarin
آریوس	aaryoos
آریوسیت	aaryosiat
آریہ	aairah
آرے	aaray
آزا	aaza
آزاد	azad
آزادئ	aazady
آزادانہ	azadana
آزادنہ	aazadnh
آزادي	azaadi
آزادکشمیرکے	aazadkshmirke
آزادی	azaadi
آزادیوں	azadion
آزار	dil
آزاری	aazari
آزدی	aazdi
آزر	azar
آزربائیجان	aazrbayijan
آزردگی	aazurdghi
آزردہ	aazurda
آزما	aazma
آزماؤں	aazmaoun
آزمائش	azmaish
آزمائشوں	aazmayshon
آزمائشی	aazmaishi
آزمائی	aazmai
آزمائیں	aazmayin
آزمائے	aazamaa_e
آزمانے	azmaane
آزمايا	aazmaaya
آزمایا	aazmaaya
آزمودہ	azmooda
آس	aas
آسائش	asayish
آسائشوں	aasayshon
آسام	aasam
آسامی	aasami
آسامیوں	aasamyon
آسان	aasaan
آسانی	aasani
آسانیاں	aasanyan
آساں	aasan
آستانہ	astana
آستانے	astane
آستاں	aastaan
آستین	aasteen
آسرا	aasra
آسمان	aasman
آسمانوں	asmano
آسمانی	aasmani
آسماں	aasmaa
آسن	aasen
آسودگی	aasoudgi
آسودہ	aasooda
آسودۂ	aasooda
آسٹر	aastr
آسٹرو	aastro
آسٹریا	austria
آسٹریائی	aastryayi
آسٹریلوی	australvi
آسٹریلیا	australia
آسٹریلیائی	autraliyai
آسٹریلین	australian
آسٹرین	aastreen
آسٹن	aastn
آسڑیا	austria
آسکا	asaka
آسکتا	aasakta
آسکتی	askati
آسکتے	aaskte
آسکر	oscar
آسکی	aaski
آسکیں	aa
آسکے	aasakay
آسی	asee
آسیا	aasia
آسیان	aasyan
آسیب	asaib
آسیہ	asya
آشا	aasha
آشام	aasham
آشتی	aashtee
آشر	aashr
آشرم	aashrm
آشرواد	aashirwaad
آشفتہ	asham
آشنا	aashna
آشنائی	ashanie
آشوب	aashob
آشور	aashor
آشوری	ashoori
آشوریہ	aashorih
آشکار	aashkaar
آشکارا	aashkara
آشیانہ	aashiyina
آشیر	aashir
آشیرباد	aashirbad
آصف	asif
آصفہ	asifa
آصفیہ	asfia
آعظم	aaazm
آغا	agha
آغاز	aaghaz
آغازسے	aaghazse
آغازکردیا	ka
آغازی	aghaze
آغوش	agosh
آف	of
آفات	afaat
آفاتی	aafati
آفاق	afaq
آفاقی	aafaqi
آفاقیت	aafaqiat
آفت	aafat
آفتاب	aftaab
آفر	offer
آفريدی	afridi
آفریدی	afridi
آفرین	afreen
آفرینی	aafrini
آفریں	afreen
آفس	office
آفسر	aafsr
آفسیٹ	aafsit
آفندی	afandi
آفٹر	after
آفیسر	officer
آفیسرز	officers
آفیسروں	aafisron
آفیشل	official
آقا	aaqa
آقاؤں	aaqaon
آقائے	aaqaye
آل	all
آلا	ala
آلات	alaat
آلاتی	aalati
آلام	alaam
آلان	aalaan
آلاپ	aalap
آلتی	aalti
آلف	alf
آلندے	aalnde
آلو	aalo
آلوؤں	aluon
آلود	alood
آلودگی	aloodgi
آلودہ	aaloda
آلوک	aalok
آلہ	aala
آلۂ	aala
آلی	aali
آلے	alay
آم	aam
آماجگاہ	aamajgah
آمادگی	amaadgi
آمادہ	amaada
آمادۂ	amaada
آمان	aaman
آمد	aamad
آمداور	aamdavr
آمدرفت	aamdrft
آمدن	amdan
آمدنی	aamdani
آمدنیوں	aamdnyon
آمدو	aamdo
آمدورفت	amad
آمدکی	hazrat
آمدہ	aamd_h
آمدید	aamdeed
آمر	amir
آمرانہ	aamranah
آمری	aamri
آمریت	aamriyat
آمریتوں	aamriton
آمریکی	aamriki
آملا	aamla
آملیں	aamlin
آملے	aamle
آمنا	aamna
آمنہ	amina
آمنے	aamnay
آمو	amo
آموز	amooz
آموزش	aamozash
آموزی	aamozi
آمون	amoon
آموں	aamon
آمیز	aamaiz
آمیزش	ameezash
آمیزہ	amezah
آمیزی	amaizi
آمیزے	amezay
آمین	ameeen
آن	aan
آنا	aana
آنت	aant
آنتوں	anton
آنجہانی	aanjhani
آنحضرت	anhazrat
آنحضور	ahazoor
آندرے	andray
آندھرا	aandhra
آندھراپردیش	aandhraprdish
آندھی	aandhi
آندھیاں	aandhiyan
آندھیوں	aandhiyon
آندی	aaundi
آنر	honor
آنرز	honours
آنریری	aanriri
آنسو	ansoo
آنسوؤں	aanso-on
آنسوئوں	ansooun
آنند	aanand
آنٹی	aunti
آنچ	aanch
آنچل	aanchal
آنکھ	aankhh
آنکھوں	aankhon
آنکھیں	ankhen
آنگن	aangan
آنگنوں	aanganon
آنہ	aanah
آنہوں	ahoon
آنی	aani
آنیوالے	aaniwale
آنے	anay
آو	ao
آوار	aawar
آواران	aawaran
آوارگی	avargi
آوارہ	aawara
آواز	aawaz
آوازوں	awazon
آوازی	awazi
آوازیں	aawazian
آواگون	aawagoon
آور	aawar
آورد	aaward
آوروں	awaron
آوری	aawri
آوٹ	out
آوپر	oopar
آویز	aawez
آویزاں	awezan
آویزش	aavizsh
آویزشوں	aavizshon
آوے	aawe
آيا	aaya
آيت	aayat
آٹا	aatta
آٹو	auto
آٹوموبائلز	aatomobaylz
آٹومیٹک	kalashnikov
آٹھ	aath
آٹھواں	aathwan
آٹھوں	aathon
آٹھویں	aathween
آٹے	aattay
آپ	aap
آپا	aapa
آپرچونیٹی	aaprchoniti
آپریش	aaprish
آپریشن	operation
آپریشنز	operations
آپریشنل	aaprishnl
آپریٹر	opreter
آپریٹرز	operators
آپریٹنگ	operating
آپس	aapas
آپسی	aapsi
آپشن	option
آپنے	aapne
آپکا	aapka
آپکو	aapko
آپکی	apkee
آپکے	apke
آپے	aapay
آچکا	aachuka
آچکی	chuki
آچکے	aachukay
آچے	aache
آڈر	aadr
آڈرز	aadrz
آڈٹ	audit
آڈیشن	aadishn
آڈینس	audiens
آڈیو	audio
آڈیٹر	aaditr
آڈیٹوریم	aaditorim
آڑ	aarr
آڑھی	aarhi
آڑے	aade
آک	aak
آکاش	aakash
آکر	aakar
آکس	aaks
آکسائڈ	ki
آکسائیڈ	oxide
آکسفرڈ	aaksfrd
آکسفورڈ	oxford
آکسفورڈشائر	aaksfordshayr
آکسیجن	oxygen
آکلینڈ	oakland
آکھڑے	aakhrhe
آگ	aag
آگئی	aagai
آگئیں	agaien
آگئے	aagaye
آگا	aaga
آگاہ	aagah
آگاہی	aagahi
آگرو	aagro
آگرہ	agrah
آگرے	aagre
آگست	aagst
آگسٹا	aagsta
آگہی	aag_hi
آگیا	agaya
آگے	agay
آگےمروہ	agay
آں	aan
آہ	aah
آہا	ahaa
آہستگی	ahistagi
آہستہ	aahista
آہن	aahn
آہنگ	aahang
آہنگی	ahangi
آہنی	aahinii
آہو	aho
آہوں	aanhon
آہٹ	aahat
آہٹیں	ahhtain
آیئے	aayye
آیا	aaya
آیات	ayaat
آیاہے	aayahe
آیت	aayat
آیتوں	ayaton
آیتیں	ayatain
آید	aayd
آیندہ	aaynd_h
آیو	awyoo
آیورویدک	aayoroydk
آیوڈین	iodine
آیہ	aayea
آیی	aayi
آیین	aayin
ؤں	on
ئب	yb
ئد	yd
ئر	yr
ئز	yz
ئزہ	yzh
ئل	fiza
ئلی	yli
ئم	ym
ئندہ	ynd_h
ئی	yi
ئیر	yir
ئیں	yin
ئیے	yie
ئے	ye
ئےرئیسہ	ye
ا	a
ائد	ayd
ائر	ayr
ائرلائن	airline
ائرلائنز	ayrlaynz
ائرلینڈ	ayrlind
ائرپورٹ	airport
ائرکنڈیشن	ayrkndishn
ائس	ays
ائمہ	aymh
ائمۂ	woh
ائيرلائن	ayirlayn
ائی	ayi
ائیر	air
ائیرفورس	ayirfors
ائیرلائن	ayirlayn
ائیرلائنز	ayirlaynz
ائیرپورٹ	airport
ائیرپورٹس	airports
ائین	ayin
ائے	aye
اانہیں	aanhin
ااور	aavr
اایک	aayk
اب	ab
ابا	abba
اباحت	ibahat
اباد	abad
اباریق	abariq
اباسین	abasin
ابال	ubaal
ابالنے	ubaalne
ابتدئی	abtdyi
ابتدا	ibtida
ابتداء	ibtida
ابتدائ	ibtidai
ابتدائي	ibtidayi
ابتدائی	ibtidayi
ابتدائیہ	abtdayih
ابتدائے	ibtidaye
ابتذال	ibtizal
ابتر	ab-tar
ابتری	abtari
ابتلا	ibtila
ابتک	abtak
ابتہاج	ibtihaj
ابجد	abjd
ابد	abadd
ابدال	abdal
ابدالی	abdaali
ابدی	abdi
ابدیت	abdiyat
ابر	abr
ابرار	abrar
ابراھیم	abrahim
ابراھیمی	abrahimi
ابراہام	abraham
ابراہم	abraham
ابراہيم	ibrahim
ابراہیم	ibrahim
ابراہیمی	ibraahimi
ابرق	abraq
ابرو	abrow
ابرک	abrak
ابرہہ	abrah
ابرہیم	ibarheem
ابریق	abreeq
ابطال	abtaal
ابل	ubal
ابلا	abla
ابلاغ	ablaagh
ابلاغی	iblaghi
ابلاغیات	ablaghyat
ابلتا	ubalta
ابلیس	iblees
ابلے	ublay
ابن	ibn
ابنا	abna
ابو	abbu
ابواب	abwab
ابوالحسن	abwalhsn
ابوالخیر	abwalkhir
ابوالفضل	abwalfzl
ابواللیث	abwallis
ابوالکلام	abwalklam
ابوبکر	abubaker
ابوجا	aboja
ابوجہل	aboj_hl
ابوحنیفہ	abohnifh
ابوداؤد	abbu-dawood
ابوذر	abuzer
ابوزر	abozr
ابوزید	abozid
ابوسالم	ki
ابوسفیان	abu-safyaan
ابوطالب	abu
ابوطلحہ	abotlh_h
ابوظبی	abozbi
ابوظہبی	abozhbi
ابوغریب	aboghrib
ابوفراج	ke
ابوقتادہ	aboqtad_h
ابولہب	abu
ابوہریرہ	abu-hurera
ابھار	ubhaar
ابھارا	ubhara
ابھارتا	abharta
ابھارتے	abharte
ابھارنا	ubharna
ابھارنے	ubhaarne
ابھاری	ubhari
ابھارے	abhare
ابھر	ubhar
ابھرا	ubhra
ابھرتا	ubharta
ابھرتی	ubharti
ابھرتے	ubhartay
ابھرنا	ubharna
ابھرنے	ubharnay
ابھرواں	ubharwan
ابھری	ubhri
ابھریں	ubhrain
ابھرے	ubhray
ابھی	abhi
ابھیشیک	abhishik
ابہام	ibham
ابی	abi
ابیب	abib
ابیض	abyaz
ابیک	aback
ابے	abay
ات	it-
اتا	ata
اتابک	atabak
اتاترک	atatrk
اتار	utaar
اتارا	utaara
اتارنا	utaarna
اتارنے	utaarnay
اتاری	utari
اتاریں	utarain
اتارے	utaarey
اتاشی	atashi
اتالیق	ataleeq
اتاہ	utah
اتباع	itebaa
اتحاد	ittehaad
اتحادوں	athadon
اتحادی	ittihadi
اتحادیوں	itihadiyon
اتر	utar
اترا	itra
اترتا	utartaa
اترتی	utarti
اترتے	utartay
اترنا	utarna
اترنے	utrney
اتری	utri
اتریں	utrain
اترے	utre
اتش	utsah
اتصال	itsaal
اتصالات	atsalat
اتفاق	ittafaq
اتفاقا	ittifiaqan
اتفاقی	ittifaqi
اتفاقیہ	ittifaqia
اتم	atam
اتمام	itmam
اتمان	atman
اتمانزئی	atmanzyi
اتن	atan
اتنا	itna
اتنہا	atnha
اتنی	itni
اتنے	itnay
اتو	ato
اتوار	itwaar
اتھارٹی	atharti
اتھارٹیز	athartiz
اتھاہ	athah
اتھر	uthar
اتھرو	athru
اتھل	athl
اتھلیٹکس	athlitks
اتھوپیا	athopya
اتھے	ithe
اتہاس	attehas
اتی	ati
اتے	utay
اثاثوں	asason
اثاثہ	asasa
اثاثے	asasay
اثار	asar
اثبات	asbat
اثباتی	asbati
اثر	assar
اثرا	asra
اثرات	asraat
اثرانداز	asrandaz
اثررسوخ	asrrsokh
اثرو	asro
اثری	asri
اثمار	is
اثنا	isna
اثناء	hain
اثنین	asneen
اثیر	aseer
اج	uj
اجابت	ajabat
اجارہ	ajarah
اجازت	ijazat
اجازہ	ijaza
اجازۃ	ijaza
اجالا	ujala
اجاگر	ujagar
اجتماع	ijtima
اجتماعات	ijitmaat
اجتماعی	ijtimai
اجتماعیت	ijtimaiyat
اجتناب	ijtinab
اجتہاد	ijtehaad
اجتہادی	ijtihadi
اجداد	ajdaad
اجر	ajar
اجرا	ijra
اجراء	ajra
اجرام	ajraam
اجرت	ujrat
اجرتوں	ajrton
اجرک	ajrk
اجزا	ajza
اجزاء	juzwi
اجزائے	ajzaye
اجسام	ajsaam
اجل	ajal
اجلاس	ijlaas
اجلاسوں	ajlason
اجلال	ajlal
اجلی	ujli
اجلے	ujaly
اجماع	ijma
اجمال	ajmal
اجمالی	ajmali
اجمل	ajmal
اجمیر	ajmeer
اجمیری	ajmiri
اجناس	ijnaas
اجنبی	ajnabi
اجنبیت	ajnabaiyat
اجنبیوں	ajnabion
اجوائن	ajwain
اجوکا	ajoka
اجڑ	ujar
اجڑا	ujrraa
اجڑے	ujre
اجی	aji
اجیت	ajeet
اجیتابھ	ajitabh
اجیرن	ajeeran
اجین	ajinn
اجے	aje
احادیث	ahadees
احاطوں	ahaton
احاطہ	ihata
احاطے	ihatay
احباب	ahbaab
احبار	ahbar
احتجاج	ehtijaj
احتجاجا	ahtjaja
احتجاجی	ehtajaji
احتراز	ihtiraz
احترام	ehtram
احتراما	ehtraman
احترامی	ahtrami
احتساب	ehatasab
احتسابی	ihtasaabi
احتشام	ehtisham
احتلام	ethlaam
احتماع	ahtmaa
احتمال	ihtimal
احتمالی	ahtmali
احتمام	ahtmam
احتیاج	ehtiaaj
احتیاط	ahthyat
احتیاطی	ahteyati
احد	ahad
احرار	ehrar
احرام	ahram
احزاب	ahzaab
احسا	ehsaa
احساس	ehsas
احساسات	ehsasat
احسان	ahsaan
احسانات	ahsanat
احسانوں	ehsaanon
احسن	ahsen
احفاظ	ahfaaz
احكام	ahkam
احل	ahl
احمد	ahmed
احمدآباد	ahmdaabad
احمدانی	ahmdani
احمدکے	ahmdke
احمدی	ahmedi
احمدیت	ahmdit
احمدیوں	ahmadiyon
احمدیہ	ahmadiyya
احمر	ahmar
احمق	lagen
احمقانہ	ehmaqana
احوال	ahwaal
احکام	ehkaam
احکامات	ehkamaat
احیا	ihyaa
احیائے	ahya-e
اخبا	akhba
اخبار	akhbar
اخبارات	akhbarat
اخباروں	akhbaron
اخباری	akhbaari
اختتام	ekhtataam
اختتامی	ikhtitami
اختر	akhtar
اخترا	akhtra
اختراع	ikhtira
اختراعات	akhtraaat
اختراعی	akhtraay
اختصار	ikhtisaar
اختصاری	ikhtisari
اختصاصی	akhtsasi
اختلاط	ikhtilaat
اختلاف	ikhtilaaf
اختلافات	ikhtilafat
اختلافی	ikhtalafi
اختيار	ikhtiyar
اختیا	akhtya
اختیار	ikhtiyar
اختیارا	akhtyara
اختیارات	ikhtiyarat
اختیاراتی	is
اختیارت	ikhtiyarat
اختیارکرنے	akhtyarkrne
اختیارکی	akhtyarki
اختیارکیا	akhtyarkya
اختیاری	ikhtiyaari
اخذ	akhaz
اخر	akkhar
اخراج	ikhraj
اخراجا	akhraja
اخراجات	akhrajaat
اخرجات	akhrjat
اخرم	akhram
اخروٹ	akhrot
اخروی	ukharwi
اخضر	akhzir
اخطب	akhtab
اخفا	ikhfa
اخفائے	akhfaye
اخفش	akhfash
اخلاص	ikhlaas
اخلاط	ikhlaat
اخلاف	ekhlaf
اخلاق	ikhlaq
اخلاقی	ikhlaqi
اخلاقیات	ikhlaqiaat
اخوان	akwan
اخوت	akhuwat
اخوند	akhond
اخونزادہ	akhwanzada
اخیار	akhyar
اخیر	akheer
اد	ad
ادا	ada
ادائگی	adaygi
ادائیگی	adaigi
ادائیگیاں	adayigyan
ادائیگیوں	adayigyon
ادائیں	adayey
ادائے	adaye
ادارت	adart
ادارتی	adarti
اداروں	idaron
ادارہ	idaara
ادارۂ	idaara
اداری	idaari
اداریہ	idaria
اداریے	adarie
ادارے	idaray
اداس	udaas
اداسی	udasi
اداکئے	adakye
اداکار	adakar
اداکاراؤں	adakaraon
اداکارائیں	adakaren
اداکاروں	adakaron
اداکارہ	adakara
اداکاری	adakari
اداکرتی	adakrti
اداکرنا	adakrna
اداکیا	adakya
ادب	adab
ادبار	adbar
ادبی	adbi
ادبیات	adbiyat
ادبیت	adbiat
ادت	udit
ادخال	adkhal
ادرار	adrar
ادراک	idraak
ادراکی	idraki
ادرک	adrak
ادریس	adrees
ادغام	adgham
ادل	adal
ادلہ	adlaa
ادنی	adna
ادو	ado
ادوار	adwaar
ادویات	adwiyaat
ادویہ	adwiyah
اديبہ	adiba
ادکاری	adkari
ادھ	adh
ادھار	udhaar
ادھر	idhar
ادھم	adham
ادھورا	adhoora
ادھوری	adhuri
ادھیڑ	udhair
ادھیکار	adheekar
ادی	adi
ادیان	adyan
ادیب	adeeb
ادیبانہ	adeebanah
ادیبوں	adeebon
ادیبہ	adiba
اذان	azaan
اذلان	azlan
اذن	azan
اذکار	azkar
اذہان	izhan
اذیت	aziat
اذیتوں	aziyatoun
اذیتیں	azeeyaten
ار	ar
اراؤنڈ	around
ارائیں	arain
ارادا	arada
ارادت	eradat
ارادوں	iraadon
اراديت	aradit
ارادہ	iradah
ارادی	iraadi
ارادیت	aradit
ارادے	iraday
اراضی	araazi
اراک	arak
اراکان	arakan
اراکین	arakeen
ارب	arab
ارباب	arbab
اربتھ	arbth
اربعہ	arbaa
اربن	arbn
اربوں	arbon
اربکان	arbkan
اربیل	arbil
ارتالیس	artalis
ارتباط	artbat
ارتداد	irtdaad
ارتضی	irtiza
ارتعاش	irtiaash
ارتفاع	irtifa
ارتقا	irtiqa
ارتقاء	irtiqa
ارتقائی	irtiqai
ارتکاب	irtikaab
ارتکاز	irtkaz
ارتھ	arth
ارتھی	arthi
ارتیوم	artyom
ارجمند	arjmand
ارجن	arjun
ارجنا	arjna
ارجنٹائن	urgentine
ارجنٹینا	argentina
ارد	ird
اردشیر	ardsher
اردن	urdan
اردنی	ardni
اردو	urdu
اردوئے	urdu-e
اردوداں	ardodan
اردوزبان	ardozban
اردوغان	ardoghan
اردومیں	ardomin
اردگان	ardgan
اردگرد	ird
اردہ	ard_h
ارزاں	arzaan
ارزل	arzl
ارسال	arsaal
ارسطو	arastoo
ارسلان	arsalan
ارسٹھ	arsth
ارشاد	irshad
ارشادات	arshadat
ارشتہ	arishta
ارشد	arshad
ارض	arz
ارضياتی	arzyati
ارضی	arzi
ارضیات	arziat
ارضیاتی	arzyati
ارغوانی	arghawani
ارغون	arghon
ارفع	arfah
ارق	arq
ارقم	arqam
ارل	arl
ارم	iram
ارمان	armaan
ارمغان	armghan
ارمن	ermen
ارمنی	armni
ارن	earn
ارنا	arna
ارنسٹ	arnst
ارنسٹو	arnsto
ارو	aro
ارواح	samaa
ارود	urdu
اروزگان	arozgan
ارون	aron
اروناچل	arunachal
ارونگ	arong
اروڑہ	arorh_h
اروین	urveen
ارچنا	archana
ارکان	arkaan
ارکین	arkin
ارگون	arghon
ارہر	arhr
اریزونا	arizona
ارینا	areena
ارینج	arrange
اریٹریا	aritrya
اریگیشن	arigishn
ارے	arrey
از	az
ازاد	azad
ازادی	azadi
ازالہ	azaala
ازالے	azale
ازان	azan
ازاں	azan
ازبک	uzbak
ازبکستان	azbkstan
ازبکوں	azbkon
ازجلد	azjld
ازخود	azkhud
ازدواج	izdiwaj
ازدواجی	azdawaji
ازراہ	azrah
ازروئے	azroe
ازسر	az
ازل	azal
ازلی	azli
ازم	azm
ازمنہ	uzmana
ازمنۂ	uzmana
ازمیر	azmir
ازواج	azwaaj
ازوف	azof
ازوقت	az-waqat
ازکم	azkam
ازہر	azher
ازی	azee
ازیں	azeen
اس	is
اسا	asa
اسائنمنٹ	assignment
اساتذہ	asateza
اساتذۂ	asateza
اساتزہ	asatzh
اسادا	asada
اساس	asaas
اساسی	asasi
اساطیر	asateer
اساطیری	asatiri
اسالیب	asaleeb
اسامہ	osama
اسامی	asaami
اسانی	asani
اساں	asan
اسباب	asbaab
اسباق	asbaq
است	ast
استاد	ustaad
استادوں	ustadon
استادی	ustaadi
استان	astaan
استانی	ustani
استبداد	istibdaad
استبدادی	istabdadi
استبول	astbol
استثنا	istasna
استثنائی	istasnai
استثنی	istashna
استحالہ	istahala
استحسان	istahsan
استحصال	istehsal
استحصالی	par
استحقاق	istehqaq
استحکام	istehkaam
استخارہ	isstikhara
استخراج	istikhraaj
استخراجی	istakhraji
استدعا	istada
استدلال	istadlaal
استدلالی	istidlali
استر	aster
استراحت	istirahat
استرداد	istirdaad
استرے	ustaray
استشنا	istashna
استصواب	istiswaab
استطاعت	istetat
استعارہ	isteara
استعارے	istaaray
استعال	ista-aal
استعانت	isteanat
استعجاب	astajab
استعداد	istedad
استعفا	astafa
استعفوں	isifon
استعفی	istifa
استعفے	isteefay
استعما	istima
استعمار	astamar
استعماری	astamari
استعمال	istemaal
استعمالی	istimali
استغاثہ	istighasa
استغراق	istaghraaq
استغفار	astaghfar
استفادہ	istifada
استفادے	istifaday
استفسار	istafsaar
استفسارات	astfsarat
استقامت	istiqamat
استقبال	istaqbaal
استقبالی	astqbali
استقبالیہ	istaqbalia
استقرائی	istiqrai
استقرار	istiqraar
استقلال	istiqlal
استمال	astmal
استمعال	astmaal
استنباط	istanbat
استنبول	istanbul
استنجا	astnja
استوا	istewa
استوائی	astawai
استوار	ustuwar
استور	astor
استھان	istihan
استہزا	istehza
استیصال	istisaal
اسحاق	ishaq
اسحق	ashq
اسد	asad
اسدآباد	asdaabad
اسداللہ	asdallh
اسدی	asdi
اسرا	asra
اسرائيل	israel
اسرائيلی	israeli
اسرائیل	israel
اسرائیلی	israeli
اسرائیلیوں	asrayilyon
اسرار	asaraar
اسراف	israaf
اسرافیل	israfeel
اسرو	asro
اسسٹ	assist
اسسٹنٹ	assistant
اسسٹینس	asstins
اسطرح	istarah
اسطوانہ	ustawana
اسعد	asad
اسفار	asfaar
اسفل	asfal
اسفند	asfnd
اسقاط	isqaat
اسقدر	ka
اسقف	usquf
اسقفی	usqafi
اسكا	aska
اسلئے	isliye
اسلا	asla
اسلاف	islaaf
اسلام	islam
اسلامک	aslamk
اسلامی	islami
اسلامیات	aslamyat
اسلامیت	islamiyat
اسلامیہ	islamia
اسلحہ	asleha
اسلحے	aslehay
اسلم	aslam
اسلوب	usloob
اسلوبی	usloobi
اسلیئے	isiliye
اسلیے	isiliye
اسم	ism
اسما	asmaa
اسماء	asma
اسمائیل	asmayil
اسمائے	asmaye
اسمارٹ	bilhaaz
اسمارہ	asmarh
اسماعیل	ismael
اسماعیلی	asmaayli
اسمبل	asmbl
اسمبلي	assembly
اسمبلی	assembly
اسمبلیاں	asmblyan
اسمبلیوں	assemblion
اسمتھ	asmth
اسمعیل	asmayl
اسموکنگ	smoking
اسمگل	smuggle
اسمگلروں	asmglron
اسمگلنگ	smuggling
اسمی	ismi
اسمیں	asmin
اسناد	asnad
اسنوکر	snooker
اسنیپ	asnip
اسنے	usnay
اسو	aso
اسود	aswed
اسوسی	asosi
اسوقت	asoqt
اسوہ	uswah
اسوۂ	uswah
اسوۃ	uswah
اسٹائل	style
اسٹائن	astayn
اسٹار	star
اسٹارز	stars
اسٹارٹ	start
اسٹاف	staff
اسٹالز	stalls
اسٹالن	stalon
اسٹاپ	stop
اسٹاک	stock
اسٹبلشمنٹ	establishment
اسٹرائیک	strike
اسٹرائیکر	sticker
اسٹراس	strauss
اسٹرلنگ	sterling
اسٹرونگ	strong
اسٹرکچر	astrkchr
اسٹریلیا	mein
اسٹریٹ	street
اسٹریٹجک	astritjk
اسٹریپ	strippe
اسٹریچر	astrichr
اسٹنٹ	assistant
اسٹور	store
اسٹورٹ	stuart
اسٹوری	story
اسٹوریج	storage
اسٹون	stone
اسٹونیا	astonya
اسٹوڈنٹس	astodnts
اسٹوڈیو	astodyo
اسٹوڈیوز	astodyoz
اسٹڈیز	astdiz
اسٹیبلشمنٹ	astiblshmnt
اسٹیج	stage
اسٹیریو	astiryo
اسٹیشن	station
اسٹیشنز	stations
اسٹیشنوں	stationon
اسٹیفن	stephen
اسٹیفی	astifi
اسٹیل	steal
اسٹیم	esteem
اسٹیمپ	astimp
اسٹین	astin
اسٹینفورڈ	astinford
اسٹینلی	astinli
اسٹینلے	astinle
اسٹینڈ	astind
اسٹینڈرڈ	standard
اسٹیو	steve
اسٹیورٹ	astyort
اسٹیٹ	state
اسٹیٹس	astits
اسٹیڈيم	stadium
اسٹیڈیز	astidiz
اسٹیڈیم	stadium
اسٹیک	steak
اسپ	asp
اسپائیڈر	spider
اسپارٹا	sparta
اسپاٹ	aspat
اسپتال	hospital
اسپتالوں	aspatalon
اسپر	aegi
اسپرٹ	spratt
اسپغول	ispaghol
اسپنر	spiner
اسپورٹس	sports
اسپیئر	spear
اسپیس	space
اسپیشل	special
اسپیشلائزڈ	specialized
اسپین	spain
اسپینش	spenish
اسپیکر	speaker
اسپیکرز	aspikrz
اسکا	uska
اسکاؤٹس	askaots
اسکاؤٹنگ	askaotng
اسکالر	askalr
اسکالرشپ	askalrshp
اسکاٹ	scot
اسکاچستان	scochistan
اسکردو	askrdo
اسکرٹ	skirt
اسکرپٹ	script
اسکرین	screen
اسکرینیں	askrinin
اسکریں	screen
اسکل	skill
اسکندر	askndr
اسکندریہ	iskandriya
اسکو	usko
اسکوئر	askoyr
اسکوائر	square
اسکوائش	askwaysh
اسکوارڈرن	askwardrn
اسکواش	askwash
اسکواڈرن	askwadrn
اسکور	score
اسکول	school
اسکولز	schools
اسکولوں	schoolon
اسکولی	askole
اسکيل	scale
اسکی	uski
اسکیل	askil
اسکیم	scheme
اسکیمو	schemon
اسکیموں	askimon
اسکین	scan
اسکینر	scanner
اسکینڈل	scandal
اسکیٹنگ	skating
اسکیچ	scatch
اسکے	uskay
اسکےبعد	aik
اسہال	ishaal
اسی	isi
اسیا	asya
اسید	asayed
اسیر	aseer
اسیران	asiiraan
اسیری	aseeri
اسیل	asil
اسیں	assin
اسیے	asie
اسے	usay
اش	ush
اشارات	asharaat
اشاراتی	asharati
اشارتا	ishartan
اشارتی	ashaarti
اشاروں	ishaaron
اشارہ	ishara
اشارۂ	ishara
اشارۃ	ishara
اشاریت	asharit
اشاریوں	asharyon
اشاریہ	asharih
اشاریے	asharie
اشارے	isharay
اشاعت	ashaat
اشاعتوں	ashaaton
اشاعتی	ashaati
اشاعتیں	ashaatin
اشتال	ishtaal
اشتباہ	ishtibaah
اشتر	ashter
اشتراک	ishtiraaq
اشتراکی	ishtiraaki
اشتراکیت	ishtirakiat
اشتعال	ishtial
اشتمالیت	ishtimaliyat
اشتہا	ishtiha
اشتہار	ishtihar
اشتہارات	ishtiharaat
اشتہاری	ishtihari
اشتیاق	ishtiaq
اشجار	ashjar
اشخاص	ashkhaas
اشد	ashad
اشدود	ashdod
اشرار	ashrar
اشراف	ashraaf
اشرافیہ	ishrafia
اشراق	ishraaq
اشرف	ashraf
اشرفی	ashrafi
اشرفیاں	ashrafiaan
اشرفیہ	ashrfih
اشعار	ashaar
اشعر	asher
اشعری	ashri
اشعہ	ashey
اشفاق	ashfaq
اشلوک	ashlok
اشنان	ashnan
اشنگٹن	ashngtn
اشور	assure
اشورنس	assurance
اشوریہ	ashorih
اشوک	ashok
اشوکا	ashoka
اشک	asshk
اشکال	ashkaal
اشکبار	ashkbaar
اشکباری	ashqbaaree
اشکوں	ashqo
اشہر	asher
اشیا	ashya
اشیاء	ashya
اشیائ	ashiayi
اشیائے	ashyae
اشے	eshey
اص	as
اصافہ	asafh
اصحاب	ashaab
اصرار	israar
اصطبل	astabal
اصطلاح	istilaah
اصطلاحات	eslehaath
اصطلاحی	istilahi
اصطلاحیں	istilahein
اصغر	asghar
اصغری	asghari
اصفہان	asfahan
اصفہانی	asfhani
اصل	asal
اصلاح	islaah
اصلاحات	islahat
اصلاحاتی	aslahati
اصلاحی	islahi
اصلح	aslh
اصلی	asli
اصلیت	asliyat
اصلیہ	asliya
اصناف	asnaf
اصنام	asnaam
اصول	usool
اصولوں	usoolon
اصولی	usooli
اضاف	izaaf
اضافت	azaft
اضافوں	azafon
اضافہ	izafah
اضافی	izafi
اضافیت	izafiyat
اضافے	izafay
اضطراب	iztiraab
اضطراری	iztirari
اضلاع	azlaa
اطاعت	itaat
اطاق	ataq
اطالوی	atalwi
اطالویوں	ataloyon
اطالیہ	italia
اطبا	atba
اطراف	atraaf
اطفال	atfaal
اطلا	ittila
اطلاع	ittila
اطلاعات	it-tila-aat
اطلاعاتی	atlaaati
اطلاق	itlaq
اطلاقات	atlaqat
اطلاقی	atlaqi
اطلس	atlas
اطلسی	atlasi
اطمینان	itminan
اطمینانی	itmenani
اطوار	atwaar
اطہار	at_har
اطہر	ather
اطیب	ateeb
اظفر	azfar
اظہا	azha
اظہار	izhaar
اظہاریکجہتی	azharikj_hti
اظہاریہ	azharih
اظہاریے	azharie
اظہر	azhar
اظہرمحمود	azhrmhmod
اظہری	azhri
اع	aa
اعادہ	iada
اعانت	eaanat
اعتبار	aitbaar
اعتباری	aitbaari
اعتدال	aitdaal
اعتذار	atzaar
اعتراض	aitraaz
اعتراضات	aitrazaat
اعتراف	aitraaf
اعترافات	aatrafat
اعترافی	aatrafi
اعترض	aatrz
اعتزاز	aitzaz
اعتقاد	aitqaad
اعتقادات	aetaqadat
اعتقادی	aitqaadi
اعتماد	aetmaad
اعتمادکی	aatmadki
اعتمادی	itmadi
اعتنا	aetna
اعتنائی	aitnai
اعتکاف	aitekaf
اعجاز	ejaaz
اعدا	aada
اعداد	adaad
اعدادوشمار	adad
اعدادی	aadadi
اعراب	aarab
اعراس	araas
اعراض	aaraaz
اعراف	airaaf
اعزا	azaa
اعزاز	aizaz
اعزازات	ezazat
اعزازت	aazazt
اعزازی	aizazi
اعزازیہ	aazazih
اعزہ	aazh
اعشاری	aashariye
اعشاریہ	aashariya
اعصاب	asaab
اعصابی	aasabi
اعصار	esaar
اعضا	aaza
اعضاء	aaza
اعضائے	azaye
اعطم	aatm
اعظم	azam
اعظموں	aazmon
اعظمی	aazmi
اعظیم	aazam
اعلا	aala
اعلاج	aalaj
اعلام	alaam
اعلامیہ	aalamia
اعلامیے	ailamiye
اعلان	elaan
اعلانات	elanaat
اعلانیہ	elania
اعلم	aalm
اعلی	alla
اعمال	aamaal
اعمالی	aamali
اعوان	awan
اعوذ	auzu
اغاز	aghaz
اغراض	aghraaz
اغزاز	aghzaz
اغلاط	aghlat
اغلب	aghlab
اغنیا	aghnya
اغوا	ighwa
اغواء	aghwaa
اغواشدگان	aghwashdgan
اغواہ	aghwa
اف	uf
افادہ	afadah
افادی	afadi
افادیت	ifadiyat
افاضہ	afazah
افتا	afta
افتاد	aftad
افتادگی	uftadgi
افتادہ	aftada
افتتاح	iftitah
افتتاحی	iftitahi
افتتاحیہ	afttahih
افتتاع	afttaa
افتحار	afthar
افتخار	iftikhar
افتخارعارف	aftkharaarf
افترا	aftara
افتراق	iftiraq
افتی	afti
افراتفری	afratafri
افراد	afraad
افرادنے	afradne
افرادي	afraadi
افرادی	afraadi
افراز	afraaz
افراط	afraat
افرد	afrd
افردا	afrada
افرسیاب	afrasyab
افرنگ	afrng
افروز	afroz
افريقہ	africa
افريقی	africi
افریقا	africa
افریقن	afriqn
افریقہ	africa
افریقی	africi
افریقین	afriqin
افریقیوں	afriqyon
افزا	afzaa
افزائش	afzaish
افزائی	afzai
افزودگی	afzodgi
افزودہ	afzodah
افزونی	afzoni
افزوں	afzun
افسانوں	afsanoon
افسانوی	afsanwi
افسانہ	afsana
افسانے	afsaanay
افسر	afsar
افسران	afsaraan
افسردگی	afsurdagi
افسردہ	afsurdah
افسروں	afsaron
افسو	afso
افسوس	afsos
افسوسناک	afsoosnaak
افسوں	afsoon
افشا	afsha
افشائے	afshaye
افشار	afshaar
افشانی	afshani
افشاں	afshaan
افشین	afsheen
افضائی	afzayi
افضال	afzal
افضل	afizal
افضیہ	afzia
افطار	aftaar
افطاری	aftaari
افعال	af-aal
افعان	afaan
افعانستان	afaanstan
افعانوں	afghanoon
افغان	afghan
افغانستان	afghanistan
افغانوں	afghanon
افغانی	afghani
افغانیوں	afghanyon
افق	ufaq
افقی	ufuqi
افلاس	iflaas
افلاطون	aflatoon
افلاطونی	aflatooni
افلاق	aflaak
افلاک	aflaaq
افواج	afwaj
افواہ	afwaah
افواہوں	afwahon
افواہیں	afwahen
افوج	islami
افکار	afkaar
افگار	afgaar
افگن	afgan
افہام	afham
افیئرز	affairs
افیم	afeem
افیون	afiyoon
افیونی	afyooni
اق	aq
اقارب	iqareb
اقامت	iqamat
اقامتی	iqamti
اقبا	aqba
اقبال	iqbal
اقتباس	iqtabas
اقتباسات	iqtisabaat
اقتدا	aqtda
اقتدار	iqtidaar
اقتدارمیں	ewaan
اقتصاد	iqtisad
اقتصادی	iqtisadi
اقتصادیات	iqtisadiat
اقتصادیت	aqtsadit
اقدار	eqdaar
اقدام	iqdaam
اقدامات	iqdamaat
اقدس	aqes
اقدمات	aqdmat
اقرا	iqrah
اقرار	iqraar
اقربا	uqarba
اقساط	aqsat
اقسام	aqsam
اقصی	aqsa
اقع	aqa
اقلیت	aqliat
اقلیتوں	aqliton
اقلیتی	aqliati
اقلیتیں	aqlitin
اقلیدس	aqleedas
اقلیم	aqleem
اقوال	aqval
اقوام	aqwam
ال	al
الآرا	alaara
الا	ila
الاؤ	alaao
الائمہ	alaymh
الائمۃ	alaymh
الائنس	alayns
الائیو	alive
الائیڈ	alayid
الااقوامی	alaaqwami
الاباما	alabama
الاثر	al-asar
الاحد	alahd
الاحرار	alahrar
الاحزاب	al-ahzaab
الاحمد	alahmd
الاختر	alakhtr
الاخلاق	al-ikhlaq
الادا	alada
الادب	aladb
الارم	ularam
الازھر	alazhr
الازہر	alazhr
الازہری	alazhri
الاستعمال	alastamal
الاسلاميہ	alaslamih
الاسکا	alaska
الاشاعت	alashaat
الاشرف	al-ashraf
الاصل	alasl
الاصلاح	alaslah
الاصوبائی	alasobayi
الاضحی	al-adha
الاظہر	alazhr
الاعتقادی	al-etqadi
الاعراف	al-aa
الاعلان	al-elaan
الاقصی	alaqsi
الاقوام	al-aqwaam
الاقوامی	al
الاقومی	alaqomi
الامام	alamam
الامت	alamt
الامراض	al-amraaz
الامور	alamor
الامکان	al
الامین	al-ameen
الانا	illana
الانبار	alanbar
الانسان	al-insaan
الانصاری	alansari
الانعام	al-inaam
الاوسط	alavst
الاول	al-awwal
الاٹ	allot
الاپ	alap
الاپا	alapa
الاپتا	alapta
الایمان	alayman
الباری	albari
البالی	albani
البانوی	albanoy
البانی	albani
البانیہ	albanih
البتہ	albata
البدایہ	albadaya
البدایۃ	albadaya
البدر	albdr
البدل	albdl
البدیہ	al-badee
البدیہہ	albdihh
البر	albar
البرائٹ	albrayt
البرادی	albradi
البرٹ	albert
البرٹو	albrto
البشر	al-bashr
البصر	al-basr
البغدادی	albghdadi
البقرہ	al-baqrah
البقرۃ	al-baqrah
البقیع	albqia
البلاد	alblad
البلاغہ	alblagh_h
البلد	albalad
البم	albm
البمز	albmz
البنا	albna
البنات	albanat
البیان	al
البیلا	albela
الت	alat
التبہ	altb_h
التجا	iltija
التحصیل	althsil
التزام	iltazam
التفات	iltifaat
التماس	iltamas
التمش	altamash
التوا	iltiwa
التوائے	altwaye
التوحید	altohid
التہاب	al-tahab
الثانی	alsani
الثقافتی	alsqafti
الجابر	aljabr
الجامعہ	aljamah
الجبار	aljbar
الجبرا	aljebra
الجبل	al-jabal
الجثہ	aljsh
الجزائر	al-jaizair
الجزائری	al-jazairi
الجزائیر	aljzayir
الجماعت	aljamaat
الجماعتی	aljmaati
الجمعیۃ	aljmayh
الجنوب	aljanoob
الجھ	ulajh
الجھا	uljha
الجھاؤ	uljhao
الجھایا	uljhaya
الجھن	uljan
الجھنا	ulajhna
الجھنوں	uljhano
الجھنیں	uljhanein
الجھی	uljhi
الجھے	ulje
الجیریا	aljirya
الحئی	alhyi
الحاج	alhaj
الحاد	al-haad
الحارث	al-haris
الحاق	ilhaaq
الحال	fi
الحامد	alhamd
الحاکم	al-hakim
الحبيب	alhbib
الحج	alhj
الحجاج	alhjaj
الحجہ	al-haja
الحديث	al-hadith
الحدیث	al-hadith
الحرام	alhram
الحرم	alhrm
الحرمین	alhrmin
الحزن	alhazan
الحسن	al
الحسنین	alhsnin
الحسین	al-hussein
الحسینی	alhsini
الحفیظ	alhafeez
الحق	al
الحقیقت	al
الحلیم	alhlim
الحمد	alhmd
الحمداللہ	alhamdulillah
الحمید	alhmid
الحوالی	alhwali
الحکمۃ	alhkmh
الحکومت	alhkomt
الحکیم	masqoom
الحیوانات	alhiwanat
الخبائث	alkhbays
الخبر	alkhbr
الخدمت	alkhdmt
الخط	alkht
الخطیب	alkhtib
الخلق	alkhalq
الخلیفہ	alkhalifa
الخیر	alkhir
الخیری	alkhiri
الد	ald
الدستور	aldstor
الدعوات	aldawat
الدعوہ	aldavh
الدعوۃ	aldavh
الدنیا	al-dunia
الدولہ	adolah
الدين	aldeen
الدین	aldeen
الدیں	adeen
الذ	alz
الذكر	alzkr
الذمہ	alzmh
الذکر	alzkr
الر	alr
الرؤف	alrof
الرائے	al
الرجال	alrjal
الرجی	allergy
الرحم	al
الرحمان	fazl
الرحمتہ	alrhmt_h
الرحمن	al
الرحمہ	alrhmh
الرحمۃ	alrhmh
الرحیم	uraheem
الرسول	alrsol
الرشید	alrshid
الرعد	al-raad
الرغم	alrghm
الرنتیسی	alrntisi
الرياض	alryaz
الرٹ	alert
الریاض	alryaz
الزام	ilzaam
الزامات	ilzamaat
الزبتھ	elizebath
الزبیدی	alzbidi
الزرقاوی	alzrqavi
الزم	alzm
الزمات	alzmat
الزمان	uzzaman
الزماں	alzman
الزور	alzor
الزہرا	alzhra
الزہرہ	az-zahra
الس	alas
السالم	alsalim
الستار	alstar
السر	alsar
السلا	alsla
السلام	salam
السلامیہ	alslamih
السلطان	alsltan
السلطنت	al
السنہ	alsnh
السنۃ	alsnh
السید	alsid
السیرۃ	alsirh
الشام	alsham
الشان	al
الشرف	alshrf
الشرق	alshrq
الشریفین	alshrifin
الشفا	mein
الشمس	al-shams
الشمسی	alshmsi
الشہباز	alsh_hbaz
الشہدا	alsh_hda
الشہود	alsh_hod
الصادق	alsadiq
الصافی	alsafi
الصباح	alsbah
الصبح	alsubah
الصدور	alsadoor
الصدیق	alsdiq
الصفا	alsfa
الصلوۃ	bhi
الصوبائی	alsobayi
الطاف	altaf
الطالبین	altalbin
الطبقات	al-tabqaat
الطور	altor
الظفر	alzfr
العابدین	alaabdin
العارفین	alaarfin
العالم	alaalm
العالمین	alaalmin
العالمیہ	alaalmih
العباد	ishrat
العباس	alabas
العرب	alarab
العربي	alarbi
العربی	alarbi
العزت	ulizzat
العزيز	alaziz
العزیز	alaziz
العسیری	alasiri
العظیم	alazim
العقل	al-aqal
العقول	alaqol
العقیدہ	alaqid_h
العلق	al-alq
العلم	al-ilm
العلمائے	alalmaye
العلوم	al-aloom
العلیم	alalim
العمر	alamr
العمل	al
العنان	alanan
العنانی	alanani
العودہ	alavd_h
العین	alain
العینی	alayni
الغ	alagh
الغازی	alghazi
الغرض	algaraz
الغزالی	alghzali
الغفار	alghfar
الغنی	alghni
الف	alif
الفا	alpha
الفار	alfaar
الفاسی	alfasi
الفاط	alfat
الفاظ	alfaaz
الفاظوں	alfazo
الفت	ulfat
الفجر	alfjr
الفردوس	alfrdos
الفرقان	alfrqan
الفرڈ	alfrd
الفریڈ	alfred
الفطر	ulfittar
الفطرت	alfitrat
الفور	alfoor
الفونسو	alfonso
الفیصل	alfisl
الفیل	al-fail
الق	alq
القا	alqa
القائدہ	ke
القائم	alqaym
القاب	alqab
القابات	alqabaat
القادر	alqadr
القادری	al-qadri
القارعۃ	al-qaria
القاسم	risala
القاسمی	alqasmi
القاعدہ	al
القبطیۃ	al-qubtia
القت	alqat
القتل	al
القدر	al-qadar
القدوس	alquddoos
القدیر	alqdir
القرآن	al
القران	alqran
القصر	qasar
القصص	alqss
القعدہ	al-qada
القمر	al
القوامی	alqwami
القومی	alqomi
القیوم	alqyom
الكلام	alklam
اللحم	allhm
اللسان	allsan
اللسانی	allsani
اللطیف	alltif
اللعالمین	allaalmin
اللغات	al-lugaat
اللفظ	allfz
الله	allah
اللہ	allah
الم	alum
المؤمنین	al-momineen
الما	alma
المائدہ	al-maaida
الماجد	almajd
الماری	almaari
الماریوں	almariyon
المال	almaal
المالکی	almalki
المانیک	almanik
المثل	almisal
المجید	almjid
المخلوق	almkhloq
المخلوقات	almkhloqat
المدارس	al-madaris
المدتی	almdti
المدثر	almudasar
المدينہ	almdinh
المدینہ	almdinh
المذاہب	almzahb
المر	almr
المرجب	almrjb
المرسلین	al-mursaleen
المرگ	almrg
المزمل	al-muzammil
المسلمون	almslmon
المسلمین	almslmin
المشائخ	almshaykh
المشرقین	almshrqin
المصری	almsri
المطلب	al-mutlib
المظفر	almzfr
المعارف	al-maarif
المعانی	almaani
المعروف	almarof
المعظم	almazm
المعیاد	al-mayaad
المقدس	almuqaddas
الملوک	almlok
الملوکی	almloki
الملک	almulk
المنار	almnar
المناک	alamnaak
المنتظر	almntzr
المنصور	almnsor
المنورہ	almnorh
المنکر	almnkr
الموت	ulmaut
الموسوی	almosoy
المومنین	al-momineen
المونیم	aluminium
المپکس	almpks
المکتوم	almktom
المکرم	almkrm
المکرمہ	almkrmh
المہدی	almhdi
المہرہ	almera
المیزان	almizan
المیعاد	almead
المیوں	almyon
المیہ	almiya
الن	alan
الناس	al
النبویہ	al-nabwiya
النبي	alnbi
النبی	alnbi
النبین	alnain
النجوم	al
النسا	alnisa
النساء	al-nisaa
النسل	al-nasal
النضر	al-nazar
النظری	alnzri
النظیر	alnzir
النفس	al-nafs
النور	al-noor
النوع	alnoa
النہار	alnahar
النہایۃ	al-nahaya
النہیان	alnhyan
الو	uuullllu
الواح	alwah
الوادی	alwadi
الواریز	alwariz
الواقع	al
الوجود	al-wajood
الود	alood
الوداعی	alwidai
الوری	alori
الوسع	alosa
الوطنی	al-watni
الوقت	al-waqt
الوقوع	al-waqo
الولی	aloli
الوہیت	al-wahiyat
الياس	ilyas
اليکشن	election
الٹ	ulat
الٹا	ulta
الٹانا	ultaana
الٹراساؤنڈ	altrasaond
الٹنا	ultana
الٹنے	ulatnay
الٹی	ulti
الٹے	ultay
الپ	alap
الپائن	alpayn
الپس	alpas
الپوری	alpori
الڈر	alder
الکاہل	al
الکبری	alkabri
الکتاب	al-kitab
الکحل	alchohal
الکریم	alkrim
الکلام	al
الکلامی	alklami
الکلی	alkali
الکندی	alkndi
الکوت	alkot
الکوحل	alchohal
الکوم	alkom
الگ	allag
الہ	elah
الہا	ilhaa
الہادی	alhadi
الہام	ilham
الہامی	ilhaami
الہدی	alhdi
الہند	al-hind
الہی	ellahi
الہیہ	aliha
الی	eli
الیاس	ilyas
الیزبیتھ	alizbith
الیس	ellise
الیف	alif
الیقین	al-yaqeen
الین	alin
الینوائے	aarknsas
الیون	eleven
الیکشن	election
الیکٹران	aliktran
الیکٹرانک	electronic
الیکٹرانکس	aliktranks
الیکٹرونک	aliktronk
الیکٹرک	electric
الیکٹریکل	electrical
الیکٹورل	aliktorl
الیگزنڈر	aligzndr
الیگزینڈر	aligzindr
الیہ	ilaihi
ام	umm
اما	ama
امارات	amarat
امارت	amarat
امارہ	amarh
امارۃ	amarh
امالہ	imala
امالیت	amaliyat
امام	imam
امامت	imamat
اماموں	amamon
امامہ	amama
امامیہ	amamih
امان	amaan
امانت	amanat
امانتوں	amanaton
امانتیں	amanatain
امانہ	amana
اماوس	amavas
اماں	amma
امب	emb
امبا	amba
امبانی	ambani
امبر	ambar
امبریلا	umbrela
امبیدکر	ambidkr
امبیڈکر	ambidkr
امبیکا	ambika
امت	ummat
امتابھ	amtabh
امتحان	imthehaan
امتحانات	imtehanaat
امتحانی	imtihani
امتحاں	imteha
امتزاج	imtezaaj
امتناعی	imtinai
امتوں	amton
امتياز	imtiaz
امتہ	amta
امتی	ummati
امتیاز	imtiaz
امتیازات	amtyazat
امتیازی	imtiazi
امثال	imsaal
امجد	amjad
امجدیہ	amjdih
امداد	imdaad
امدادی	imdadi
امدادیہ	amdadih
امدد	amdd
امر	amar
امرا	amra
امراء	umraa
امراؤ	umrao
امراض	amraaz
امراضیات	amraziyaat
امرت	amrat
امرتا	omerta
امرتسر	amritsar
امرتیا	amrtya
امرتیہ	amrtih
امرناتھ	amrnath
امرو	amroo
امرود	amrood
امروز	amroz
امروہوی	amrohoy
امروہہ	amroha
امروہی	amrohi
امروہے	amrohe
امريکہ	america
امريکی	amrici
امری	amri
امریتا	amrita
امریش	amresh
امریکا	america
امریکن	american
امریکہ	america
امریکی	amrici
امریکیوں	amrikyon
امسال	amsal
امل	amal
املا	imla
املاک	amlaak
املی	imli
امم	mnh
امن	aman
امنڈ	umand
امنگ	umang
امنگوں	umangon
امنی	amni
امنیہ	amnih
اموات	amwaat
اموار	amwar
اموال	amwal
امور	umoor
امورو	amoro
امونیئم	amoniym
امونیا	amonia
امونیم	amonim
امير	ameer
امينی	amini
امپائر	umpire
امپائرنگ	umpiring
امپائروں	ampayron
امپاورمنٹ	empowerment
امپریل	ampril
امپورٹ	import
امپھال	amphal
امپیریل	imperial
امڈ	umadd
امکا	amka
امکان	imkaan
امکانات	imkanaat
امکانی	imkani
امہ	ya
امہات	umhaat
امی	ammi
امیتابھ	amitabh
امیج	image
امید	umeed
امیداروں	amidaron
امیداوار	amidawar
امیدوار	umeed
امیدواروں	umeedwaron
امیدوارں	amidwarn
امیدواری	umeedwari
امیدوں	umedon
امیدیں	umeeden
امیر	ameer
امیراللہ	amirallh
امیرالمومنین	amiralmomnin
امیران	amiran
امیرترین	amirtrin
امیروں	ameeron
امیرکن	amirkn
امیری	ameeri
امیریکن	american
امیزنگ	amazing
امیمہ	amima
امین	amain
امینہ	amina
امیٹھی	amithi
امیچر	immature
امیگریشن	immigration
امیں	amin
امیہ	umia
ان	un
انا	anaa
اناؤنسر	anaonsr
اناج	anaaj
انار	aanar
انارکلی	anarkali
انارکی	anarki
اناسی	unaasi
اناللہ	anallh
اناڑی	anaari
انبار	ambaar
انبالہ	anbalh
انبساط	inbisaat
انبوہ	anbwah
انبیا	anabia
انبیاء	anbia
انبیائے	anbiya-e
انت	ant
انتالیس	untaalees
انتباہ	intibah
انتباہی	intibahi
انتحاب	anthab
انتحابات	anthabat
انتخاب	intikhab
انتخابا	antkhaba
انتخابات	intikhabaat
انتخابی	intikhabi
انتخات	antkhat
انتر	antar
انتساب	intsaab
انتشار	inteshaar
انتطام	anttam
انتطامی	intizami
انتطامیہ	anttamih
انتظار	intzaar
انتظام	intizam
انتظامات	intizamaa
انتظامت	antzamt
انتظامی	intizami
انتظامیہ	intizamia
انتفادہ	antfad_h
انتفاضہ	antfazh
انتقال	intqaal
انتقام	intiqam
انتقامی	intiqami
انتونی	antoni
انتونیو	antonyo
انتڑی	antari
انتڑیوں	antadiyon
انتھونی	anthony
انتھک	anthak
انتہا	intahaa
انتہائ	ant_hay
انتہائي	intahi
انتہائی	intahi
انتہائے	ant_haye
انتہاپسندی	ant_hapsndi
انتہاہ	ant_hah
انتی	anti
انتیس	unatees
انتیسویں	antisoyn
انجائنا	angina
انجائینا	anjayina
انجام	injaam
انجان	anjaan
انجانے	anjanay
انجذاب	injizaab
انجری	injury
انجلی	anjali
انجلیس	anjlis
انجلینا	angelina
انجم	anjum
انجماد	injmaad
انجمن	anjuman
انجمنوں	anjmnon
انجمنیں	anjmnin
انجن	engine
انجنئیر	anjnyir
انجنوں	enginon
انجنیئر	anjniyr
انجنیئرنگ	anjniyrng
انجو	anju
انجکشن	anjkshn
انجیر	injeer
انجیل	injeel
انجیلا	anjeela
انجیلینا	ko
انجینئر	engineer
انجینئرز	engineers
انجینئرنگ	engineering
انجینئروں	anjinyron
انجینئیرز	anjinyirz
انجینئیرنگ	anjinyirng
انجینیئرنگ	engineering
انجینیر	engineer
انجیکشن	injection
انحراف	inhiraf
انحصار	inhisaar
انحصاری	inhasari
انحطاط	inhitat
انخابات	ankhabat
انخلا	inkhala
اند	und
اندا	andaa
انداز	andaaz
اندازا	andaaz
اندازاہ	andazah
اندازسے	andazse
اندازمیں	andazmin
اندازوں	andazon
اندازہ	andaza
اندازی	andazi
اندازے	andazay
اندام	andaam
اندر	andar
اندرا	indra
اندراج	indraaj
اندراجات	andrajaat
اندراندر	andrandr
اندرانی	andrani
اندرون	androon
اندرونی	androoni
اندروں	andron
اندرہ	ngin
اندلس	undlas
اندمال	indimaal
اندو	andoo
اندور	andor
اندورن	andorn
اندورنی	androoni
اندوز	andoz
اندوزی	andozi
اندونی	andoni
اندوہ	andoh
اندھا	andha
اندھرا	andhra
اندھوں	andhon
اندھی	andhi
اندھیر	andher
اندھیرا	andhera
اندھیروں	andheron
اندھیری	andheri
اندھیرے	andheray
اندھے	andhay
اندیجان	andijan
اندیش	andesh
اندیشوں	un
اندیشہ	andesha
اندیشۂ	andesha
اندیشی	andeshi
اندیشے	andaishay
انرجی	energy
انزال	inzaal
انس	ans
انسا	ansaa
انسائکلوپیڈیا	encyclopedia
انسائیکلوپیڈیا	enciclopideya
انسان	ensaan
انسانوں	insanon
انسانی	insani
انسانیت	insaaniyat
انساں	insaa
انسداد	insidaad
انسدادی	insidadi
انسولین	insoline
انسٹال	install
انسٹرکٹر	instructor
انسٹيٹيوٹ	institute
انسٹھ	unsath
انسٹی	insti
انسٹیوٹ	anstyot
انسٹیٹوٹ	anstitot
انسٹیٹیوٹ	institute
انسپکٹر	inspector
انسپیکٹر	inspector
انسی	ansi
انسیت	ansiyat
انشا	insha
انشاء	insha
انشائیہ	anshayih
انشااللہ	inshaallah
انشقاق	inshiqaq
انشورنس	insurance
انصاب	insaab
انصار	ansar
انصاری	ansari
انصاف	insaaf
انصافی	insafi
انصافیوں	ansafyon
انصرام	insaram
انصرامی	ansrami
انضباط	inzibat
انضمام	inzimam
انضی	anzi
انظمام	anzmam
انعام	inaam
انعامات	inamaat
انعامی	inaami
انعطاف	initaaf
انعقاد	ineqad
انعقادہوا	anaqad_hwa
انعم	anam
انعکاس	inikaas
انعکاسی	inikasi
انف	enough
انفارمیشن	information
انفاس	anfaas
انفرا	anfra
انفرادی	infiradi
انفرادیت	infiradiat
انفراسٹرکچر	anfrastrkchr
انفراسٹکچر	anfrastkchr
انفردی	anfrdi
انفعالی	infiali
انفلوئنزا	anfloynza
انفلوائنزا	infloensa
انفلیشن	inflation
انفنٹری	anfntri
انفو	anfo
انفینٹری	anfintri
انفیکشن	infection
انقباض	inqibaz
انقرہ	anqrh
انقسام	inqsaam
انقطاع	inqita
انقلا	anqla
انقلاب	inqilab
انقلابات	inqalaabat
انقلابی	inqalabi
انقلابیوں	inqilabion
انمول	anmol
انمٹ	unmit
انمیں	anmin
انناس	anannaas
اننت	annt
اننگ	ining
اننگز	ining
انهوں	anhon
انو	anu
انوار	anwaar
انواع	anwaa
انور	anwar
انوراگ	anorag
انورچوہدری	anorchohdri
انوری	anwari
انوسٹمنٹ	anostmnt
انوسینٹ	innocent
انوشکا	anushka
انوشے	anoshay
انونو	anono
انوپ	anop
انوپم	anopm
انوکھا	anokha
انوکھی	anokhi
انوکھے	anokhay
انوی	envy
انویسٹر	investor
انویسٹمنٹ	investment
انویسٹی	investi
انٹارکٹک	antarktk
انٹارکٹکا	antarktka
انٹارکٹیکا	antarktika
انٹر	inter
انٹرایکٹو	antraykto
انٹرفیس	antrfis
انٹرمیڈیٹ	intermediate
انٹرن	antrn
انٹرنشینل	international
انٹرنيشنل	international
انٹرنیت	antrnit
انٹرنیشل	antrnishl
انٹرنیشنل	international
انٹرنیٹ	internet
انٹرویو	interview
انٹرویوز	interviews
انٹرٹینمنٹ	entertainment
انٹرٹینمینٹ	antrtinmint
انٹرچینج	antrchinj
انٹرکانٹی	antrkanti
انٹری	entry
انٹریم	interim
انٹل	until
انٹلیجنس	antlijns
انٹی	anti
انٹیروگیشن	interrogation
انٹیلی	intelli
انٹیلیجنس	intelligence
انٹینا	antenna
انٹیک	intake
انچ	inch
انچائی	unchai
انچار	anchar
انچارج	incharge
انچارچ	ancharch
انچاس	unchaas
انچل	anchl
انچولی	ancholi
انچیف	anchif
انچے	anche
انڈا	anda
انڈر	under
انڈرگراؤنڈ	andrgraond
انڈس	indus
انڈسٹريز	industries
انڈسٹری	industry
انڈسٹریز	industries
انڈسٹریل	andstril
انڈمان	andman
انڈو	indo
انڈورا	andora
انڈونشیا	andonshya
انڈونيشيا	indonesia
انڈونیشا	andonisha
انڈونیشی	andonishi
انڈونیشیا	indonesia
انڈونیشیائی	andonishyayi
انڈوں	andon
انڈيا	india
انڈين	indian
انڈکس	andks
انڈکشن	induction
انڈہ	and_h
انڈی	andi
انڈیا	india
انڈیانا	indiana
انڈیز	indies
انڈیمان	andiman
انڈین	indian
انڈینز	indians
انڈینوں	andeeno
انڈیکس	andiks
انڈے	anday
انک	ink
انکا	inka
انکار	inkaar
انکارپوریشن	ankarporishn
انکاری	inkari
انکسار	inkisar
انکساری	inkisari
انکشاف	inkishaaf
انکشافات	inkishafaat
انکل	uncle
انکم	income
انکو	unko
انکوائری	inquiry
انکوڈر	encoder
انکھیاں	akhiyaan
انکھیں	ankhin
انکی	unki
انکے	unkay
انگ	ang
انگار	angaar
انگارہ	angara
انگاری	angraai
انگارے	angare
انگريزوں	engrazeo
انگريزی	angrezi
انگریز	angraiz
انگریزوں	engrazeo
انگریزی	angrezi
انگش	angsh
انگشت	angisht
انگلستان	inglistan
انگلش	english
انگلو	anglo
انگلی	ungli
انگلیاں	ungelian
انگلینڈ	england
انگلیوں	unglio
انگور	angoor
انگوروں	angarro
انگوری	angoori
انگوشتیا	angoshtya
انگولا	angola
انگوٹھا	anghutha
انگوٹھوں	angothon
انگوٹھی	angothi
انگوٹھیاں	anghutiyaan
انگوٹھے	angothay
انگوں	angon
انگڑائی	angrai
انگہ	anga
انگیز	angaiz
انگیزی	angazi
انگیزیوں	angizyon
انھو	anho
انھون	anhon
انھوں	unhon
انھيں	unhein
انھی	unheen
انھیں	unhein
انہ	anh
انہار	anhar
انہتر	unhatar
انہدام	inhedam
انہضام	inhizam
انہماک	inhimak
انہو	anho
انہوئی	anhoyi
انہون	unhon
انہوں	unhon
انہيں	inhen
انہں	anhn
انہی	unhi
انہیں	inhen
انی	ani
انیاب	anyab
انیس	anees
انیسو	aniso
انیسوں	anison
انیسویں	unniswen
انیل	aneel
انیلہ	anila
انیمیا	anemia
انییس	aniis
انے	une
او	o
اوئل	avyl
اوئی	oui
اوئے	oye
اوائل	awail
اواخر	awakhr
اوارڈ	award
اواز	awwaz
اوباش	obaash
اوباما	obama
اوبامہ	avbamh
اوبرائے	avbraye
اوبی	avbi
اوت	aut
اوتار	otaar
اوتھل	avthl
اوج	awj
اوجھ	oajh
اوجھل	oojhal
اوجھڑی	ojhri
اود	oad
اودا	ooda
اودھ	avdh
اودھم	udham
اودھی	ohdi
اودے	uday
اور	aur
اورآسٹریلیا	avraastrilya
اورآپ	avraap
اورا	avra
اوراب	avrab
اوراحتیاط	avrahtyat
اوراد	adrad
اوراس	aur
اوراسکے	avraske
اوراق	ourak
اورالطاف	avraltaf
اورامریکہ	avramrik_h
اورانہوں	avranhon
اوراپنے	avrapne
اوراگر	avragr
اوراہم	avrahm
اورایران	avrayran
اورباوقار	avrbavqar
اوربعد	avrbad
اوربعدازاں	avrbadazan
اوربعض	avrbaz
اورت	avrt
اورتاریخ	avrtarikh
اورجب	avrjb
اورجذبہ	avrjzb_h
اورجس	avrjs
اورجلد	avrjld
اورجناب	avrjnab
اورجنوب	avrjnob
اورجنوبی	avrjnobi
اورحوصلہ	avrhoslh
اورحکومت	avrhkomt
اورحکومتی	avrhkomti
اورخاص	avrkhas
اوردرست	avrdrst
اوردوسرا	avrdosra
اوردوسری	avrdosri
اوردوسرے	avrdosre
اورسات	rakha
اورساتھ	avrsath
اورسب	avrsb
اورسعودی	avrsavdi
اورشمالی	avrshmali
اورشہر	avrsh_hr
اورصوبہ	avrsob_h
اورضرورت	avrzrort
اورظاہر	avrzahr
اورعام	avraam
اورعلی	avrali
اورعورتوں	avravrton
اورغیر	avrghir
اورقوم	avrqom
اورقومی	avrqomi
اورل	oral
اورلی	avrli
اورلینز	avrlinz
اورماڑہ	avrmarh_h
اورمتحدہ	avrmthd_h
اورمتعدد	avrmtadd
اورمحقق	avrmhqq
اورمحنت	avrmhnt
اورمسلم	avrmslm
اورمعاشی	avrmaashi
اورمغرب	avrmghrb
اورمغربی	avrmghrbi
اورملکی	avrmlki
اورمنشیات	avrmnshyat
اورمیرے	avrmire
اورنج	orange
اورنگ	aurang
اورنگزيب	orangzaib
اورنگزیب	orangzaib
اورنگی	avrngi
اورو	oru
اوروزیراعظم	avroziraazm
اوروقار	avroqar
اوروقت	avroqt
اوروں	ouron
اوروہ	avroh
اوروہاں	avrohan
اورپاکستان	avrpakstan
اورپھر	avrphr
اورکافی	avrkafi
اورکالجوں	avrkaljon
اورکزئی	aurakzai
اورکہا	avrk_ha
اورگزشتہ	avrgzsht_h
اورہمارے	avrhmare
اورہندوستان	avrhndostan
اوریئنٹل	avriyntl
اوریا	aurya
اوریجنل	original
اورینٹ	avrint
اورینٹل	oriental
اوریورپ	avryorp
اوریکل	oracle
اوریگون	avrigon
اوریہ	avrih
اوریہاں	avrihan
اوریہیں	avrihin
اوز	avz
اوزار	ozaar
اوزاروں	auzaron
اوزان	awzan
اوزون	ozone
اوس	oas
اوساکا	avsaka
اوست	oast
اوستا	osta
اوستہ	avst_h
اوسط	ost
اوسطا	ostan
اوسلو	oslo
اوسو	owusu
اوش	avsh
اوشا	usha
اوشانا	oshana
اوصاف	awsaf
اوطاق	avtaq
اوطان	avtan
اوغلو	avghlo
اوف	awf
اوقات	auqaat
اوقاف	uqaaf
اوقیانوس	oqiyanus
اول	awwal
اولا	oola
اولاد	aulaad
اولادوں	avladon
اولادیں	avladin
اولسی	avlsi
اولمپس	olympus
اولمپک	olympic
اولمپکس	olympics
اولڈ	old
اولی	ovely
اولیا	aolia
اولیاء	aulia
اولیائے	avlyaye
اولیات	auliyat
اولیت	awliyat
اولین	awleen
اولیوا	avliwa
اولیور	avlyor
اولیں	maqsad
اولے	olley
اوم	ome
اوما	avma
اومان	oman
اومنی	omni
اون	oon
اوندھا	ondha
اوندھے	avndhe
اونس	oons
اوني	ooni
اونٹ	oont
اونٹاریو	avntaryo
اونٹنی	oontni
اونٹوں	avnton
اونچ	avnch
اونچا	ouncha
اونچائی	oonchai
اونچی	onche
اونچے	ounchay
اونکار	avnkar
اونگ	oong
اونگھ	ongh
اونہوں	onhu
اونی	ooni
اونیل	onail
اونیڈا	avnida
اونے	onay
اوو	avow
اوور	over
اوورز	overs
اوورسیز	avorsiz
اووروں	overon
اوول	oval
اوون	oven
اووین	avoyn
اويسی	avisi
اوٹ	oot
اوٹاوا	avtawa
اوٹس	oats
اوپر	oopar
اوپرا	opera
اوپری	oopri
اوپل	opal
اوپن	open
اوپنر	opener
اوپننگ	opening
اوپی	opi
اوپیرا	avpira
اوپیک	avpik
اوچ	ouch
اوچھا	oocha
اوچھی	avchhi
اوچھے	oochay
اوڈ	oud
اوڈھو	avdho
اوڈیسی	avdisi
اوڑھ	ourh
اوڑھا	odha
اوڑھنا	odhna
اوڑھنی	orhni
اوڑھنے	orhanay
اوڑھوں	ooro
اوڑھے	oorhay
اوک	oak
اوکاڑوی	avkarhoy
اوکاڑہ	avkarh_h
اوکس	ox
اوکسفرڈ	oxford
اوکسفورڈ	avksford
اوکلاہاما	avklahama
اوکلاہوما	avklahoma
اوکے	ok
اوھام	auham
اوہ	oh
اوہائیو	avhayyo
اوہام	oohaam
اوہایو	avhayo
اوہم	oham
اوہو	oho
اوہیو	avhyo
اویس	owais
اویسی	avisi
ايات	iyat
ايران	iran
ايراني	irani
ايرانی	irani
ايس	s
ايسا	aisa
ايسي	aisi
ايسی	aisi
ايسے	aisay
ايشيا	asia
ايف	f
ايل	ail
ايم	am
ايمن	aiman
اين	jee
ايويشن	ayoyshn
ايٹمی	atomi
ايچ	each
ايڈيشن	addition
ايک	aik
ايکڑ	aekar
اٹ	att
اٹا	atta
اٹارنی	attorny
اٹاری	atari
اٹالین	atalin
اٹاوہ	atavh
اٹرنیٹ	atrnit
اٹل	atal
اٹلانٹا	atlanta
اٹلانٹک	atlantic
اٹلس	atls
اٹلی	italy
اٹوٹ	atot
اٹک	ataaq
اٹکی	atki
اٹھ	uth
اٹھا	utha
اٹھاؤ	uthao
اٹھائی	uthai
اٹھائیس	athais
اٹھائیں	athayin
اٹھائے	uthaye
اٹھاتا	uthata
اٹھاتی	athati
اٹھاتے	uthatay
اٹھاتےہیں	p_hnchayin
اٹھارواں	atharwaan
اٹھارویں	atharvin
اٹھارکھا	atharkha
اٹھارھویں	atharhoyn
اٹھارہ	athaara
اٹھارہویں	atharhaween
اٹھاسکتے	athaskte
اٹھاسی	athasi
اٹھالی	uthali
اٹھالیا	athalya
اٹھان	uthaaen
اٹھانا	uthana
اٹھانوے	athanway
اٹھانی	uthani
اٹھانے	uthany
اٹھاون	athawan
اٹھاکر	athakr
اٹھایا	uthaya
اٹھتا	uthta
اٹھتر	athattar
اٹھتی	uthti
اٹھتے	uthte
اٹھنا	uthna
اٹھنے	uthnay
اٹھو	utho
اٹھہتر	ath-hattar
اٹھی	uthi
اٹھیں	utheen
اٹھے	utthay
اٹیلی	atili
اٹین	ateen
اٹیچ	atach
اٹیک	attack
اپ	up
اپارٹمنٹ	apartment
اپارٹمنٹس	apartmnts
اپالو	apalo
اپاہج	apahaj
اپر	upper
اپريل	april
اپریشن	aprishn
اپریل	april
اپسرا	apsraa
اپلائی	apply
اپلوڈ	aplod
اپلیکیشن	application
اپن	apun
اپنا	apna
اپناؤں	apnaun
اپنائی	apanee
اپنائے	apane
اپناتا	apanata
اپناتی	yeh
اپناتے	apnate
اپنانا	apnaana
اپنانی	apnani
اپنانے	apnane
اپناکام	apnakam
اپناکر	apnakr
اپناکلام	apnaklam
اپنایا	apnaya
اپنوں	apnon
اپني	apni
اپنی	apni
اپنے	apne
اپوا	apwa
اپوائنٹمنٹ	apwayntmnt
اپوزیشن	oppostion
اپولو	apolo
اپون	apon
اپچ	apch
اپڈیٹ	apdit
اپھر	uphar
اپیل	appeal
اپیکس	apex
اپے	uppe
اچ	ach
اچار	achaar
اچانک	achanak
اچاٹ	achat
اچنبھے	achanbhay
اچکزئی	achakzai
اچھا	acha
اچھائی	achhai
اچھائیاں	achaiyaan
اچھائیوں	achaiyoon
اچھال	uchaal
اچھالا	uchala
اچھرہ	achhrh
اچھل	uchhal
اچھلتے	achhlte
اچھلنا	uchhalna
اچھلی	achhli
اچھنبے	achhnbe
اچھوت	inhen
اچھوتا	achoota
اچھوتوں	achhoton
اچھوتی	achhooti
اچھوتے	achootay
اچھوں	achoon
اچھی	achi
اچھے	achay
اچیو	acheive
اچیومنٹ	achievement
اچیومینٹ	achievemant
اڈا	adda
اڈوانس	adwans
اڈوانی	adwani
اڈولف	adolf
اڈوں	adon
اڈہ	adda
اڈیالہ	adyalh
اڈیشنل	additional
اڈیٹر	editor
اڈے	adday
اڑ	urr
اڑا	ura
اڑاؤ	urrao
اڑائی	udai
اڑائے	udaaye
اڑاتا	urata
اڑاتے	uratay
اڑادوں	arhadon
اڑان	udaan
اڑانا	urana
اڑانوں	udanoo
اڑانی	arhani
اڑانے	urane
اڑایا	uraya
اڑتا	urta
اڑتالیس	artalees
اڑتی	oodati
اڑتیس	adatees
اڑتیسویں	artiswi
اڑتے	urrtay
اڑسٹھ	arsath
اڑن	uran
اڑنے	urrnay
اڑيسہ	arhish
اڑچن	arrchan
اڑھائی	arhhayi
اڑیسہ	arhish
اڑیں	urein
اک	ik
اکا	ikka
اکاؤنٹ	account
اکاؤنٹس	accounts
اکاؤنٹنگ	accounting
اکاؤنٹینٹ	akaontint
اکائی	ikai
اکائیاں	akayyan
اکائیوں	akaeyo
اکابر	ikaber
اکابرین	akabrin
اکادمی	akadmi
اکارت	akart
اکاسی	akasi
اکال	akaal
اکالی	akali
اکان	akan
اکانومسٹ	akanomst
اکانومی	akanomi
اکانوے	akanoe
اکاون	ikawan
اکاونٹ	akavnt
اکاونٹنٹ	akavntnt
اکاوٹنٹ	akavtnt
اکبر	akbar
اکبری	akbari
اکتا	ukta
اکتالیس	iktalees
اکتاہٹ	uktahat
اکتساب	iktisab
اکتسابی	iktisabi
اکتفا	iktifa
اکتوبر	october
اکتوبرتک	aktobrtk
اکتوبرکو	aktobrko
اکتیس	ikatees
اکتیسویں	tor
اکثر	aksar
اکثرتی	aksrti
اکثریت	aksariyat
اکثریتی	aksriti
اکر	occur
اکرام	ikram
اکرم	akrm
اکری	akri
اکساتا	aksata
اکساتی	uksaati
اکساتے	aksate
اکسانے	uksanay
اکسایا	uksaya
اکسفورڈ	aksford
اکسٹھ	iksath
اکسی	uksee
اکسیر	akseer
اکشے	akshay
اکلوتا	aklotaa
اکلوتی	ekloti
اکلوتے	aklote
اکمال	ikmaal
اکمل	akmal
اکناف	aknaaf
اکنامک	economic
اکنامکس	economics
اکو	ako
اکوڑہ	akorh_h
اکٹھا	akhatta
اکٹھی	ikathe
اکٹھے	ikathay
اکھاڑ	ukhaar
اکھاڑا	akhara
اکھاڑنا	ukharna
اکھاڑیں	akharhin
اکھاڑے	akharhe
اکھنور	akhnor
اکھنڈ	akhnd
اکھٹا	akatha
اکھٹی	ikathi
اکھٹے	ikhatay
اکھڑ	akhar
اکھڑی	akhrhi
اکھڑے	ukhray
اکھیاں	ankhiyaan
اکہتر	71
اکی	aki
اکیاسی	ikiyasi
اکیانوے	ikanway
اکیاون	ikawan
اکیس	ikees
اکیسواں	ikkeswah
اکیسوی	ikkiswi
اکیسویں	ikeeswen
اکیلا	akela
اکیلی	akeli
اکیلے	akailey
اکیڈمک	akidmk
اکیڈمی	academy
اکیڈمیوں	akidmyon
اکیڈیمک	akidimk
اکیڈیمی	akidimi
اکے	ake
اگ	agg
اگا	uga
اگائے	ugaye
اگاسی	agasi
اگانا	ugana
اگانے	ugane
اگایا	agaya
اگتا	ugta
اگتی	ugti
اگتے	ugte
اگر	agar
اگرآپ	agar
اگراس	agras
اگرایسا	agraysa
اگرتلہ	agrtlh
اگروال	agarwal
اگرچہ	agarchay
اگرچے	agerche
اگریمنٹ	agrimnt
اگریہ	agrih
اگست	augst
اگل	ugal
اگلا	agla
اگلتی	aglti
اگلنے	aglne
اگلوں	uglo
اگلہ	aglaa
اگلی	agli
اگلے	aglay
اگنا	ugna
اگنی	agni
اگنے	ugnay
اگوا	agwa
اگیا	agya
اگے	uge
اں	an
اھل	ahel
اہ	ah
اہا	aha
اہالیان	ahalyan
اہانت	ihaanat
اہتمام	ihtimaam
اہداف	ahdaaf
اہرام	ahraam
اہراموں	ahramon
اہرن	ahran
اہل	ahal
اہلام	ahlaam
اہلبیت	ahlbit
اہلحديث	ahl-al-hadith
اہلحدیث	ahl-al-hadith
اہلخانہ	ahl-e-khana
اہلسنت	ahl-e-sunnat
اہلکار	ahelkaar
اہلکارو	ahlkaro
اہلکاروں	ehalkaron
اہلی	ehli
اہلیان	ahlyan
اہلیت	ahliat
اہلیتوں	ahliton
اہلیہ	ahliya
اہم	ahem
اہميت	ahmiyat
اہمیت	ahmiyat
اہنی	ahni
اہنے	ahne
اہے	ahe
ای	e
ایئر	air
ایئرفورس	ayyrfors
ایئرلائن	airline
ایئرلائنز	airlines
ایئرویز	ko
ایئرپورٹ	airport
ایئرکرافٹ	ayyrkraft
ایئن	aein
ایا	aya
ایاد	ayaad
ایاز	ayaz
ایال	ayaal
ایالت	iyalat
ایام	ayyaam
ایان	ayaan
ایب	ayb
ایبرڈین	aybrdin
ایبل	able
ایبٹ	abbotabad
ایبڈو	ko
ایبک	aibak
ایبی	aybi
ایتھر	eather
ایتھرٹن	aythrtn
ایتھنز	aithens
ایتھوپیا	ethiopia
ایتھوپیائی	aythopyayi
ایثار	eesaar
ایج	age
ایجاب	eejaab
ایجاد	ijaad
ایجادات	ayjadat
ایجادیں	ijadain
ایجاز	eijaaz
ایجرٹن	ayjrtn
ایجنسوں	agenso
ایجنسی	agency
ایجنسیاں	agencia
ایجنسیوں	agencio
ایجنٹ	agent
ایجنٹوں	ayjnton
ایجنڈا	agenda
ایجنڈے	agenday
ایجو	ayjo
ایجوکیشن	education
ایجوکیشنل	educational
ایجی	igi
ایجینسی	ayjinsi
ایجینسیوں	ayjinsyon
ایجینٹ	ayjint
ایدھی	edhi
ایذا	aeza
ایذارسانی	ayzarsani
ایذرا	ayzra
ایرئیل	ayryil
ایرا	aira
ایران	iran
ایرانی	irani
ایرانین	ayranin
ایرانیوں	iranio
ایرج	airej
ایرر	error
ایرنی	ayrni
ایرو	ayro
ایرک	airk
ایری	eyri
ایریا	area
ایریاز	areas
ایریامیں	ayryamin
ایریزونا	ayrizona
ایریٹریا	ayritrya
ایرے	airay
ایزدی	ayzdi
ایزی	easy
ایس	s
ایسا	aisa
ایستادہ	eistaada
ایسو	ayso
ایسوسی	associ
ایسٹ	east
ایسٹر	aystr
ایسٹرن	aystrn
ایسٹونیا	aystonya
ایسڈ	acid
ایسکس	aysks
ایسکی	ascii
ایسی	aisi
ایسیکس	aysiks
ایسے	aisay
ایشا	ishaa
ایشائی	ayshayi
ایشائے	aishaye
ایشز	ayshz
ایشلے	ayshle
ایشن	ation
ایشنز	ayshnz
ایشو	aysho
ایشور	ayshor
ایشوری	ayshori
ایشوریا	aishwariya
ایشیا	asia
ایشیاء	asia
ایشیائي	asiayi
ایشیائی	asiayi
ایشیز	ayshiz
ایشین	asian
ایصال	aisaal
ایف	f
ایفا	aifaa
ایفائے	ayfaye
ایفریکن	ayfrikn
ایفل	ayfl
ایفیکٹ	ayfikt
ایقان	aiqan
ایل	ail
ایلبم	aylbm
ایلزبتھ	elizbath
ایلس	else
ایلسا	elsa
ایلفابیٹ	alphabet
ایلمنٹری	aylmntri
ایلن	allan
ایلنگ	aylng
ایلورا	aylora
ایلوس	aylos
ایلومینیم	aylominim
ایلون	aylon
ایلوی	ayloy
ایلپس	ailpas
ایلچی	alchi
ایلک	aylk
ایلکس	aylks
ایلی	ayli
ایلیا	ailiya
ایلیسن	elision
ایلیفنٹ	elephent
ایلیمنٹس	aylimnts
ایلین	alien
ایلیٹ	aylit
ایم	am
ایما	aima
ایمائیت	aymayit
ایمازون	amazon
ایمان	imaan
ایماندار	imandaar
ایماندارانہ	imandarana
ایمانداری	imandari
ایمانی	imani
ایماں	ayman
ایمبولینس	ambulance
ایمبولینسیں	aymbolinsin
ایمبیسڈر	aymbisdr
ایمر	aymr
ایمرجنسی	emergency
ایمرجنگ	aymrjng
ایمرسن	aymrsn
ایمرو	aymro
ایمریٹس	aymrits
ایمزون	amazon
ایمسٹرڈیم	aymstrdim
ایمل	aimel
ایملی	aimly
ایمن	aiman
ایمنسٹی	amnesty
ایمونیشن	aymonishn
ایمپائر	empire
ایمپائرنگ	aympayrng
ایمپریس	aympris
ایمی	aimi
ایمیریٹس	aymirits
ایمیگریشن	emigration
این	an
اینا	iena
اینتھونی	aynthoni
اینجل	angel
اینجلس	angeles
اینجلو	anglo
اینجلیز	aynjliz
اینجلیکن	aynjlikn
ایندھن	eendhan
اینم	aynm
اینٹ	eent
اینٹوں	chhoout
اینٹی	anti
اینٹیں	eenten
اینڈ	and
اینڈر	ayndr
اینڈرائیڈ	android
اینڈرسن	ayndrsn
اینڈریو	andrew
اینڈیز	ayndiz
اینڈیور	adnewer
اینکر	anchor
اینگل	angle
اینگلز	aynglz
اینگلو	anglo
اینی	any
اینیمل	animal
اینیمیشن	aynimishn
اینیمیٹڈ	aynimitd
ایوا	eva
ایوارڈ	award
ایوارڈز	awards
ایوارڈوں	aywardon
ایوان	ewaan
ایوانوں	aiwanon
ایوانی	aiwani
ایوب	ayub
ایوبی	ayobi
ایودھیا	ayodhya
ایور	ever
ایوراڈ	ayorad
ایورسٹ	everest
ایورٹ	ayort
ایورڈ	award
ایوری	every
ایول	evil
ایون	even
ایوننگ	evening
ایونٹس	events
ایونگ	evng
ایونیو	ayonyo
ایوی	ave
ایٹ	at
ایٹلس	aytls
ایٹلی	aytli
ایٹم	atom
ایٹموں	atomo
ایٹمی	atomi
ایٹن	eaten
ایٹوڈ	aytod
ایٹکنز	aytknz
ایٹکنسن	aytknsn
ایٹیڈ	aytid
ایپ	app
ایپل	apple
ایپلی	appli
ایپلیٹ	applet
ایپلیکیشنز	applications
ایپی	appy
ایچ	each
ایچی	aichi
ایڈ	add
ایڈر	aydr
ایڈریس	address
ایڈرین	aydrin
ایڈز	aids
ایڈسن	aydsn
ایڈلر	aydlr
ایڈمرل	admiral
ایڈمز	adams
ایڈمن	admin
ایڈمنسٹریشن	administration
ایڈمنسٹریٹر	administrator
ایڈمنڈ	edmund
ایڈن	eden
ایڈنبرا	aydnbra
ایڈنبرگ	aydnbrg
ایڈو	aydo
ایڈوائزر	advisors
ایڈوائزری	aydwayzri
ایڈوانس	advance
ایڈوانی	aydwani
ایڈوب	adobe
ایڈورٹائز	advertise
ایڈورٹائزر	aydortayzr
ایڈورٹائزنگ	aydortayzng
ایڈورڈ	adored
ایڈورڈز	adwerds
ایڈولف	adolf
ایڈونچر	adventure
ایڈووکیٹ	advocate
ایڈوکیٹ	advocate
ایڈٹ	aydt
ایڈڈ	added
ایڈگر	aydgr
ایڈہاک	ayd_hak
ایڈی	eddy
ایڈیا	india-our
ایڈیسن	edison
ایڈیشن	addition
ایڈیشنل	additional
ایڈیشنوں	naye
ایڈیلیڈ	aydilid
ایڈیٹر	editor
ایڈیٹرز	ayditrz
ایڈیٹس	idiots
ایڈیٹنگ	editing
ایڈیٹوریل	ayditoril
ایڑی	airee
ایڑیاں	ayrhyan
ایک	aik
ایکا	aika
ایکارڈ	aykard
ایکتا	ekta
ایکریڈیشن	aykridishn
ایکزیکٹیو	executive
ایکس	x
ایکسا	apexa
ایکسائز	ayksayz
ایکسرے	x-ray
ایکسل	excel
ایکسٹرنل	external
ایکسٹینشن	extension
ایکسپرس	ayksprs
ایکسپرٹ	experts
ایکسپریس	express
ایکسپریشن	expression
ایکسپریشنز	expressions
ایکسپلورر	explorer
ایکسپو	aykspo
ایکسپورٹ	export
ایکسچنج	aykschnj
ایکسچیج	aykschij
ایکسچینج	exchange
ایکسیوز	excuse
ایکسیڈنٹ	accident
ایکشن	action
ایکو	ayko
ایکواڈور	aykwador
ایکوسٹا	aykosta
ایکونومی	aykonomi
ایکٹ	act
ایکٹر	ayktr
ایکٹرز	ayktrz
ایکٹو	aykto
ایکٹیو	active
ایکٹیویٹی	activity
ایکڑ	aekar
ایگ	egg
ایگریمنٹ	aygrimnt
ایگریکلچر	aygriklchr
ایگزاسٹ	aygzast
ایگزیکٹو	executive
ایگزیکٹوز	aygziktoz
ایگزیکٹیو	executive
ایگزیکیوشن	execution
ایگزیکیٹو	executive
ایگل	eagle
ایگلز	ayglz
ایں	ein
ایہام	aihaam
ایہود	aihood
اے	ae
اےئر	ae
ب	bay
بآسانی	baasani
با	ba
باآسانی	wajah
باآواز	baaawaz
باؤ	bao
باؤل	baol
باؤلر	bowler
باؤلی	baoli
باؤنڈری	baondri
باؤڈن	baodn
بائبل	bible
بائس	bys
بائسیکل	bicycle
بائنری	binary
بائو	bauo
بائيٹ	bayit
بائٹ	bite
بائٹس	bytes
بائی	bayi
بائیجان	bayijan
بائیس	baaes
بائیسویں	bayisoyn
بائیو	bio
بائیوٹک	biotic
بائیکاٹ	boycott
بائیں	baen
بائے	leaks
بااثر	ba
بااختیار	baikhtiar
بااخلاق	baaekhlaaq
بااسلام	baaslam
باالخصوص	baalkhsos
باالفاظ	baalfaz
بااللہ	billah
باالمعروف	baalmarof
باب	baab
بابا	baba
بابائے	babaye
بابت	baabat
بابر	babar
بابرکت	babarkat
بابرہ	babra
بابری	babri
بابل	babul
بابلی	babli
بابو	baabo
بابک	babad
بابی	babi
بات	baat
باتصویر	batsoyr
باتو	bato
باتونی	batoni
باتوں	baton
باتيں	baatein
باتھ	baath
باتیں	baatein
باتے	batay
باج	baaj
باجا	baja
باجرہ	baajra
باجماعت	bajmaat
باجود	bajod
باجوڑ	bajore
باجوہ	ne
باجپائی	bajpayi
باجگزار	bajgzar
باجگزاری	bajguzari
باجہ	baaja
باجی	baji
باجے	bajay
باحفاظت	bahfazt
باحیا	bahayaa
باخ	bakh
باخا	bakha
باخبر	bakhabar
باختر	bakhtar
باختگی	bakhtagi
باختہ	bakhta
باختیار	bakhtyar
باخدا	bakhuda
باد	baad
بادا	bada
بادام	badam
بادامی	badami
بادبان	badbaan
بادبانوں	badbano
بادبانی	baadbani
بادشاہ	badshah
بادشاہت	badshahat
بادشاہتوں	badshahton
بادشاہوں	badshahon
بادشاہی	badshahi
بادل	baadal
بادلوں	baadalon
بادہ	baadah
بادۂ	baadah
بادی	baadi
بادیت	badiyat
بادینی	badini
بادیہ	badia
بار	baar
بارآور	baraavr
بارآوری	baraavri
بارا	bara
بارات	baarat
باراتیوں	baration
باران	baaraan
بارانی	barani
باراک	barak
باراں	baran
بارایٹ	barayt
باربار	barbar
بارباڈوس	barbados
باربرا	barbra
باربرداری	barbrdari
باربی	barbie
باربین	barbin
باردوی	bardoy
بارز	baraz
بارزانی	barzani
بارسلونا	barslona
بارش	barish
بارشوں	baarisho
بارشیں	barishain
بارعب	barab
بارن	barn
بارنز	barnz
بارنیٹ	barnet
بارو	barrow
بارود	barood
بارودی	baroodi
بارونق	baronq
بارٹ	bart
بارٹر	barter
بارڈر	border
بارڈرز	bardrz
بارک	bark
بارکر	barker
بارکزئی	barkzyi
بارکھان	barkhan
بارگا	barga
بارگارہ	imam
بارگاہ	bargaah
بارگاہوں	bargahon
بارگی	bargee
بارھواں	barhawan
بارھویں	barhoyn
بارہ	baara
بارہا	baarha
بارہواں	barhawan
بارہویں	baarhavin
باری	baari
باریاں	barian
باریسال	barisal
باریک	bareek
باریکی	aur
باریکیوں	barikion
باریہ	baria
بارے	baray
باز	baz
بازؤں	bazuoon
بازار	bazaar
بازارمیں	bazarmin
بازاروں	baazaaron
بازاری	bazari
بازنطین	bazanteen
بازنطینی	bazan-teeni
بازنطینیوں	bazantinion
بازو	baazu
بازوؤں	baazuon
بازور	bazoor
بازووں	bazuon
بازوکی	bazoki
بازوں	bazoo
بازگشت	baaz
بازی	baazi
بازیاب	bazyab
بازیابی	baazyabi
بازیافت	bazyaft
بازیاں	bazyan
بازیوں	bazyon
بازیچہ	baazeecha
بازیگر	baazigar
باس	boss
باسط	basit
باسعادت	basaadt
باسفورس	basfors
باسٹھ	basath
باسک	basik
باسکٹ	basket
باسی	baasi
باسیوں	basyon
باش	baash
باشد	bashid
باشعور	bashaour
باشندوں	bashindon
باشندگان	bashindgaan
باشندہ	bashindah
باشندے	bashinday
باشی	bashi
باصلاحیت	ba-salahiyat
باضابطگی	bazabtagi
باضابطہ	bazabta
باطل	baatil
باطن	batin
باطنی	baatini
باطنیت	bateniat
باطنیہ	bateniya
باعث	baais
باعمل	baaml
باغ	baagh
باغات	baagaat
باغبان	baghban
باغبانپورہ	baghbanporh
باغبانی	baghbani
باغوں	baghoon
باغی	baaghi
باغیانہ	baghiana
باغیوں	baghion
باغیچوں	baghichon
باغیچہ	baagicha
باغیچے	baghiche
بافتوں	bafton
باق	baaq
باقائدہ	baqaida
باقاعدگی	baqaidagi
باقاعدہ	baqaida
باقر	baqar
باقرانی	baqrani
باقوت	ba-quwat
باقی	baqi
باقیات	baqiyat
باقیوں	baqyon
بال	baal
بالآخر	bil
بالا	baala
بالاآخر	balaaakhr
بالائی	balai
بالائے	baalaye
بالاتر	balatar
بالاتفاق	balatfaq
بالاخر	bil-aakhir
بالادست	baladst
بالادستی	baladasti
بالارادہ	bila-iradah
بالاکوٹ	balakot
بالترتیب	australia
بالجبر	bil-jabar
بالخ	balkh
بالخصوص	bilkhushoos
بالر	bowler
بالش	balish
بالشت	balisht
بالشویک	balshoyk
بالشیوکوں	balshyokon
بالعموم	bil
بالغ	baaligh
بالغان	balghan
بالغوں	balighon
بالفاظ	balfaz
بالفور	balfor
بالكل	balkl
باللہ	ballh
بالمعروف	balmarof
بالمقابل	bil-muqabil
بالمی	balmy
بالنگ	balng
بالواستہ	balwast_h
بالواسطہ	bil
بالوں	balon
بالٹک	baltk
بالٹی	balti
بالک	balak
بالکل	bilkul
بالکنی	baalkani
بالکونی	balcony
بالی	bollywood
بالیاں	baliyan
بالیدگی	baleedgi
بالے	balay
بام	baam
بامبے	bambay
بامحاورہ	ba-muhawra
بامر	bamr
بامشقت	bamushaqqat
بامعنی	bamani
بامقصد	ba
بامیان	bamyan
بان	baan
بانا	baana
بانجھ	banjh
باندا	banda
باندرا	bandra
باندرہ	bandrh
باندھ	bandh
باندھا	baandha
باندھتا	bandhta
باندھتے	bandhte
باندھنا	bandhna
باندھنے	bandhnay
باندھی	baandhi
باندھے	bandhay
باندی	bandi
بانس	baans
بانسری	bansuri
بانسریوں	bansryon
بانو	bano
بانوں	banon
بانوے	banway
بانٹ	baant
بانٹا	bnta
بانٹتا	baantta
بانٹتی	bant-ti
بانٹنے	baantane
بانٹیں	bantin
بانٹے	baantey
بانڈ	band
بانکپن	bankpan
بانکی	banki
بانکے	bankay
بانگ	bangh
بانہ	banh
بانی	baani
بانیان	banyan
بانیوں	banyon
بانے	banay
باو	bao
باوا	baawa
باوانی	bawani
باوثوق	bavsoq
باوجود	bawajood
باور	bawar
باوردی	bavrdi
باورچی	bawarchi
باوصف	bavsf
باوفا	bawafa
باوقار	bawaqar
باولر	bavlr
باولی	bavli
باولے	bawlay
باون	bawan
باٹ	baat
باٹنی	batny
باٹوں	batu
باپ	baap
باپو	bapu
باپوں	bapon
باچا	bacha
باچہ	bach_h
باڈر	badr
باڈی	body
باڈیز	bodies
باڈے	baade
باڑ	baar
باڑمیر	barhmir
باڑہ	barah
باڑی	baari
باڑے	baray
باک	baak
باکر	bakr
باکردار	bakrdar
باکرہ	bakrah
باکس	box
باکسر	boxer
باکسرز	baksrz
باکسنگ	baksng
باکل	bakl
باکمال	bakamaal
باکو	bako
باکی	baki
باگ	baag
باگو	baago
باگھ	baaghh
باگیں	bagin
باھر	bahar
باہ	baah
باہا	baha
باہر	bahar
باہرکی	bahrki
باہری	baahiri
باہم	baahum
باہمی	bahami
باہنی	bahni
باہو	bahoo
باہی	bahi
بایا	baya
بایار	bayar
بایاں	baayaan
بایر	bayr
بایزید	bayazeed
بایوٹک	bayotk
ببانگ	bbang
ببر	bibber
ببلو	babloo
ببول	babool
بت	buut
بتا	bta
بتاؤ	batao
بتاؤں	batau
بتائ	btay
بتائی	batayi
بتائیں	bitayen
بتائیے	bataiye
بتائے	betaye
بتاتا	batata
بتاتی	batati
بتاتے	batatay
بتادیا	batadiya
بتادینا	batadena
بتادیں	hoto
بتاریخ	btarikh
بتانا	batana
بتانی	batani
بتانے	bitanay
بتايا	bataya
بتاں	btan
بتایا	bataya
بتایاگیا	btayagya
بتدریج	batadreej
بتر	buttar
بترا	btra
بتلا	batla
بتلائی	batlai
بتلائے	batlaaye
بتول	baitul
بتوں	buton
بتی	batii
بتیس	batees
بتیوں	btyon
بج	baj
بجا	baja
بجاآوری	bjaaavri
بجائی	bajai
بجائے	bajaye
بجاتا	bajata
بجاتی	bajati
بجاتے	bjate
بجارانی	bjarani
بجاری	bjari
بجاطور	bjator
بجالاتے	bjalate
بجانا	bajana
بجانب	bajanib
بجانے	bajanay
بجایا	bajaya
بجتی	bajti
بجتے	bajtay
بجرنگ	bjrng
بجری	bajri
بجز	bajuz
بجلی	bijli
بجنے	bajne
بجٹ	budget
بجکر	bajkar
بجھ	bujh
بجھا	bujha
بجھاؤ	bujhaao
بجھائو	bujhao
بجھائی	bujhai
بجھائیں	bujhayen
بجھاتی	bhujati
بجھانے	bujhanay
بجھانےکےبہانےاللہ	betay
بجھتا	bhujta
بجھنے	bujhnay
بجھوا	bjhwa
بجھوائے	behjwaye
بجھے	bujhe
بجیا	bjya
بجیر	bjir
بجے	bujey
بحار	bihar
بحال	bahaal
بحالت	aur
بحالی	bahaali
بحث	behas
بحثیت	bhsit
بحثیں	bhsin
بحر	behar
بحرالکاہل	bah-rul-kahil
بحران	bohraan
بحرانوں	bhranon
بحرانی	bhrani
بحراوقيانوس	bhravqyanos
بحرحال	bahar
بحروں	behron
بحريہ	behria
بحری	behri
بحریات	bhryat
بحرین	bahrain
بحریہ	behria
بحسن	bhsn
بحضور	bhzor
بحفاظت	bahafazat
بحق	bahaq
بحوالہ	bahawala
بحور	bhor
بحيرہ	bahera
بحکم	bahukum
بحیثیت	ba-hasiat
بحیرا	buhera
بحیرہ	bahera
بحیرۂ	bahera
بخار	bukhaar
بخارا	bukhara
بخارات	bukharat
بخاری	bukhari
بخت	bikhat
بختاور	bakhtawer
بختی	bakhti
بختیار	bukhtiar
بختیاری	bkhtyari
بخدا	ba
بخرے	bakhray
بخش	bakhash
بخشا	bakhsha
بخشتا	bkhshta
بخشتی	bakhshti
بخشتے	bkhshte
بخشش	bakhshish
بخششیں	bakhshishen
بخشنا	bakhshna
بخشنے	bakhsnay
بخشو	bakhsho
بخشی	bakhsh
بخشیں	bakhsheen
بخشے	bakhshay
بخل	bukhal
بخلاف	bakhilaf
بخوبی	bakhoobi
بخود	bakhud
بخوشی	bakhushi
بخیر	bakhair
بخیریت	bkhirit
بخیل	bukheel
بد	bad
بدا	bidaa
بدائی	bidai
بدامنی	bad
بدایونی	badauni
بدایوں	bdayon
بدبخت	badbakht
بدبو	badboo
بدتر	badter
بدترین	bad
بدتمیزی	badtameezi
بدحال	bud
بدحالی	badhaali
بدحواس	bad
بدحواسی	badhawasi
بدخشاں	bdkhshan
بددعا	bud-dua
بددعائیں	badduaen
بددلی	bad-dily
بددیانت	bddyant
بددیانتی	bddyanti
بدذوقی	badzoqi
بدر	badar
بدرجہ	badarja
بدرجہا	bdrj_ha
بدرقہ	badarqa
بدرو	badru
بدری	badri
بدست	badast
بدستور	badastoor
بدسلوکیاں	bdslokyan
بدصورت	badsoorat
بدطینت	bdtint
بدعا	baddua
بدعت	bidat
بدعتی	bidatti
بدعنوان	bad
بدعنوانی	bud
بدعنوانیوں	bdanwanyon
بدعہدی	bdahdi
بدقسمت	budqismat
بدقسمتی	bad
بدل	badal
بدلا	badla
بدلاؤ	bdlao
بدلتا	badalta
بدلتی	badalti
بدلتے	bdalty
بدلنا	badalna
بدلنے	badalny
بدلو	badlo
بدلہ	badla
بدلی	badli
بدلیاں	badliyan
بدلیں	badleen
بدلے	badlay
بدم	badam
بدمست	bad-mast
بدمستی	badmasti
بدمعاش	badmaash
بدن	badan
بدنام	badnaam
بدنامي	badnami
بدنامی	badnami
بدنظمی	badnazmi
بدنما	badnuma
بدنی	badni
بدنیتی	badniyati
بدو	budu
بدوؤں	bdoon
بدور	badoor
بدوش	badosh
بدوشوں	bdoshon
بدوشی	badoshi
بدوضع	bud-waza
بدولت	badolat
بدون	badoon
بدوی	badwi
بدکار	badkaar
بدکاروں	badkaaron
بدکاری	badkaari
بدکردار	badkirdar
بدکرداری	bud-kardari
بدگمانی	badgumaani
بدھ	budh
بدھا	bdha
بدھوں	bdhon
بدہضمی	bd_hzmi
بدی	badi
بدیر	badeer
بدیسی	badesi
بدیع	badee
بدیل	badeel
بدین	badeen
بذات	bazat
بذریعہ	se
بذریعے	bzriae
بذلہ	bazla
بر	bar
برآمد	bar
برآمدات	baraamdaat
برآمدوں	braamdon
برآمدگی	ki
برآمدی	braamdi
برآمدے	braamde
برآں	bar-aan
برا	bura
براؤزر	browser
براؤزنگ	braozng
براؤن	brown
برائن	brian
برائنٹ	braynt
برائٹ	bright
برائٹن	braytn
برائی	buraiee
برائیاں	buraiyan
برائیوں	buraiyon
برائے	baraye
برابر	barabar
برابرہے	brabrhe
برابری	barabari
برات	baraat
براجمان	aqtdarmin
برادر	brother
برادران	baradran
برادرانہ	baradarana
برادرز	bradrz
برادرم	bradrm
برادری	baradri
برادریاں	bradryan
برادریوں	baradrion
برار	barar
برارڈ	brard
براری	barari
برازیل	brazil
برازیلی	barazili
براستہ	barasta
براعظم	bar-e-azam
براعظموں	braazmon
براعظمی	braazmi
براق	buraq
برامد	baramad
برامدات	bramdat
برانا	burana
براندام	brandam
برانز	branz
برانچ	branch
برانڈ	brand
برانڈو	brando
برانڈی	brandy
برانگیختہ	barangekhta
براون	brown
براوو	bravoo
براڈ	broad
براڈوے	bradoe
براڈکاسٹر	bradkastr
براڈکاسٹنگ	bradkastng
براک	barak
براں	barran
براہ	barah
براہمن	brahman
براہی	brahi
براہیم	baraahim
برباد	barbaad
بربادی	barbadi
بربر	burbur
بربریت	bar
برت	bart
برتا	brta
برتاؤ	bartao
برتاو	brtav
برتتے	brtte
برتر	bartar
برتری	bartari
برتن	bartan
برتنا	baratna
برتنوں	bartano
برتنی	brtni
برتنے	baratnay
برتھ	birth
برتھا	bartha
برتھوں	brthon
برتی	barti
برتے	bartay
برج	burj
برجستگی	barjastagi
برجستہ	barjasta
برجوں	burjon
برجی	barji
برجیس	berjees
برجیش	brjish
برحق	brhq
برخاست	barkhast
برخاستند	brkhastnd
برخاستگی	barkhastgi
برخلاف	barkhilaf
برخواست	barkhwast
برد	bard
بردار	bardaar
برداروں	bardaroon
برداری	bardari
برداشت	bardasht
برداشتہ	bardashta
بردرز	brdrz
بردوار	bardwar
بردہ	barda
بردیا	bardiya
برزانی	brzani
برزخ	barzakh
برس	baras
برسا	barsa
برسائی	ki
برسائے	barsaye
برسات	barsaat
برساتا	barish
برساتی	barsati
برساتیں	barastein
برساتے	barastee
برسانے	barsane
برسایا	barsaya
برسبن	brsbn
برسبین	brsbin
برستی	barasti
برسر	brsr
برسراقتدار	brsraqtdar
برسرپیکار	brsrpikar
برسلز	brslz
برسنے	barsne
برسوں	barson
برسٹل	brestil
برسی	barsi
برسیں	brsin
برش	brush
برشو	barsho
برصغیر	bar
برطانوی	bartanwi
برطانویوں	brtanoyon
برطانيہ	bartania
برطانیوی	brtanyoy
برطانیہ	bartania
برطرف	waghera
برطرفی	bartarfi
برعکس	bar
برف	barf
برفانی	barfani
برفباری	brfbari
برفت	brft
برفیلی	barfeeli
برفیلے	berfeelay
برق	barq-e
برقاؤ	barqao
برقرا	brqra
برقرار	barqarar
برقع	burqa
برقعہ	burqa
برقعے	burqay
برقيہ	barqia
برقہ	barrka
برقی	barqi
برقیات	barqiyat
برقیاتی	barqiati
برقیہ	barqia
برقیے	brqie
برلاس	barlas
برلن	berlin
برلٹز	berlitz
برما	barma
برمانے	barmanay
برمل	brml
برملا	bermila
برمن	berman
برمنگھم	birmingham
برمودا	brmoda
برمک	brmk
برمی	brmi
برن	burn
برنارڈ	barnarad
برنر	burner
برنس	burns
برنو	barno
برنگ	barang
برنگا	biranga
برنگی	barangi
برنگے	baranghay
برنی	barni
برو	baroo
بروئے	browe
بروتھا	barotha
بروج	bruj
برودۂ	brod_h
بروز	burrows
بروس	bros
بروقت	bar
برونائی	bronayi
برونو	brono
برونڈی	brondi
بروورڈ	brvord
بروک	broke
بروکر	brokr
بروکس	broks
بروکلین	broklin
بروہی	barohi
بري	buri
بريف	brief
برٹ	brt
برٹش	brtsh
برٹن	brtn
برٹنی	brtni
برٹین	brtin
برپا	barpaa
برچ	barch
برچھے	barchay
برڈ	brd
برک	brak
برکات	barkaat
برکاتی	brkati
برکاتیہ	brkatih
برکت	barket
برکتوں	barkatoon
برکتیں	barkaten
برکس	brks
برکلے	barclay
برکھا	barkha
برکی	javed
برکینا	brkina
برگ	barg
برگد	bargad
برگر	bargar
برگزیدہ	bargzida
برگشتہ	bur-ghashta
برگنڈی	brgndi
برگہ	barga
برھتی	barhti
برہان	burhan
برہم	barham
برہما	barhama
برہمن	barhaman
برہمی	barhami
برہنہ	burhenapa
بری	buri
بریا	burea
بریانی	beryani
بریت	barriat
بریج	bridge
بریخت	brikht
برید	bureed
بریدہ	bureda
بریز	breezes
بریسٹ	breast
بریفنگ	breifing
بریفنگز	brifngz
بریل	bril
بریلوی	barelwi
بریلی	brili
بریمر	brimr
برین	brain
برینسن	brinsn
برینٹ	brint
بریو	brave
بریولی	bravely
بریٹ	brit
بریٹانیکا	brittanica
بریٹن	britain
بریٹین	britin
بریڈ	bread
بریڈفورڈ	bridford
بریڈمین	bridmin
بریک	break
بریکنگ	breaking
بریکٹ	brikt
بریگ	brig
بریگیڈ	brigead
بریگیڈئر	brigidyr
بریگیڈئیر	brigidyir
بریگیڈز	brigidz
بریگیڈیئر	brigedier
بریگیڈیر	brigidir
بریں	bareen
برے	buray
بز	buzz
بزاز	bazaz
بزازی	bzazi
بزدل	buzdil
بزدلی	buzdali
بزر	bazur
بزرگ	buzurag
بزرگان	buzurgaan
بزرگانہ	buzurgana
بزرگوار	bzrgwar
بزرگوں	buzurgon
بزرگی	buzurgi
بزریعہ	bazariya
بزم	bazm
بزمی	bazmi
بزنجو	bznjo
بزنس	business
بزنسس	businesses
بزنیس	bznis
بزور	bazore
بزی	bzy
بس	bas
بسا	basa
بساؤ	basao
بسائے	basaye
بسااوقات	bsaavqat
بساتے	basate
بساط	bisaat
بساطی	bisaati
بسالت	basalat
بسالٹ	basalt
بسام	bisam
بسانے	basanay
بساہ	bisah
بسایا	basaayaa
بستر	bistar
بستروں	bistaron
بستہ	basta
بستی	bastii
بستیاں	bastiyan
بستیوں	bustiyon
بستے	baste
بسجود	bsjod
بسر	busr
بسرا	bsra
بسری	walii
بسرے	bisray
بسم	bsm
بسمل	bismal
بسنت	bsnt
بسنتی	basanti
بسنے	basnay
بسواس	biswas
بسوں	basoon
بسکٹ	buscuits
بسی	basi
بسیار	bisyaar
بسیرا	basera
بسیروں	baseron
بسیں	baseen
بسے	basey
بش	bush
بشار	bishar
بشارالاسد	bsharalasd
بشارت	basharat
بشاش	bashaash
بشاشت	bishashat
بشانہ	bshanh
بشر	bashar
بشرط	bshrt
بشرطیکہ	bashart
بشرہ	bushrah
بشری	bashri
بشریت	bashriyat
بشمول	bashmole
بشن	bshn
بشپ	bishop
بشکیک	bshkik
بشیر	basheer
بشیرا	bshira
بشیراں	basheeran
بصارت	basarat
بصرہ	bsrh
بصری	basri
بصرے	bsre
بصورت	basorat
بصیر	baseer
بصیرت	baseerat
بطخ	batakh
بطخیں	batkhen
بطرف	bataraf
بطریق	ba-tareeq
بطلان	btlan
بطلیموس	btlemoos
بطن	batan
بطور	bator
بطہ	bt_h
بظاہر	bzahir
بظر	bzr
بعث	bas
بعثت	bassat
بعد	baad
بعدآپ	badaap
بعدا	bada
بعداز	badaz
بعدازاں	baad
بعدازیں	badazin
بعداس	badas
بعدان	badan
بعدایک	badayk
بعددونوں	baddonon
بعدمیں	badmin
بعدواپس	badwaps
بعدوہ	badoh
بعدپاکستان	badpakstan
بعدکے	badke
بعدیہ	badih
بعص	bas
بعض	baaz
بعضوں	bazon
بعضے	baze
بعمر	bamr
بعنوان	banwan
بعید	baeed
بعیداز	baydaz
بعینہ	baynh
بغاوت	baghaawat
بغاوتوں	baghavaton
بغاوتیں	baghawatain
بغداد	bghdad
بغدادی	bughdadi
بغل	baghal
بغلان	baghlan
بغلگیر	bghlgir
بغلیں	bghlin
بغور	baghore
بغير	baghair
بغیر	baghair
بغیرکسی	bghirksi
بفر	bfr
بفلو	bflo
بفیلو	buffalo
بقا	baqa
بقاء	baqaa
بقائے	baqaye
بقاع	bqaa
بقایا	baqaya
بقدر	baqadar
بقر	bqr
بقراط	buqrat
بقرہ	baqra
بقعہ	bqah
بقول	bakol
بقید	baqeed
بقیہ	baqiya
بل	bil
بلآخر	blaakhr
بلا	bulaa
بلاآخر	blaaakhr
بلاؤ	bulaao
بلاؤں	bulaun
بلائنڈ	blaynd
بلائی	bulai
بلائیں	bulayen
بلائے	bulaye
بلاامتیاز	blaamtyaz
بلاتا	bulaataa
بلاتفریق	blatfriq
بلاتکلف	blatklf
بلاتے	bulatay
بلاجھجک	blajhjk
بلاد	blad
بلاس	balas
بلاسود	blasod
بلاسٹ	blast
بلاسٹر	blaster
بلاسٹک	blastk
بلاشبہ	bilashuba
بلاشبہہ	blashb_hh
بلاغت	balaghat
بلال	bilal
بلالیا	blalya
بلالیں	blalin
بلامبالغہ	blambalgh_h
بلانا	bulana
بلانشے	blanshe
بلانک	blank
بلانے	bulanay
بلاوا	bulaawa
بلاواسطہ	blawast_h
بلاول	blavl
بلاوے	bulaway
بلاک	bock
بلاکر	blakr
بلاکس	blaks
بلاکوں	blakon
بلاگ	blog
بلاگر	blagr
بلاگرز	blagrz
بلاگز	blagz
بلاگنگ	bloging
بلایا	bulaya
بلب	bulb
بلبل	bulbul
بلبلا	blbla
بلبلوں	bulbulon
بلبلیں	blblin
بلبلے	bulbulay
بلبن	balban
بلتستان	baltistan
بلتی	bilti
بلجئم	bljym
بلجیم	belgium
بلحاظ	bilhaaz
بلخ	blkh
بلخی	blkhi
بلد	balad
بلدار	baldaar
بلدیات	baldiyat
بلدیاتی	baldeati
بلدیہ	baldia
بلراج	blraj
بلرام	blram
بلز	bills
بلغاریہ	blgharih
بلغراد	blghrad
بلغم	balgham
بلف	bluff
بلفاسٹ	blfast
بلقان	blqan
بلقیس	balqis
بلند	buland
بلندو	blndo
بلندی	bulandi
بلندیوں	bulandiyon
بلنٹ	blunt
بلو	baalo
بلوا	bulawa
بلوائیوں	blwayyon
بلوائے	bulwaye
بلواسطہ	blwast_h
بلوانی	blwani
بلوانے	blwane
بلوایا	blwaya
بلور	baloor
بلوری	balori
بلوریں	baloreen
بلوط	baloot
بلوطی	baloti
بلوغ	balogh
بلوغت	baloghat
بلوم	blom
بلومبرگ	bloomberg
بلومز	blomz
بلونت	blont
بلوچ	balouch
بلوچستا	blochsta
بلوچستان	balochistan
بلوچوں	balochon
بلوچی	blochi
بلوچیوں	blochyon
بلوک	block
بلوں	bilon
بليغ	baleegh
بلٹ	blt
بلڈ	blood
بلڈر	builder
بلڈنگ	building
بلڈوز	bldoz
بلڈوزر	bldozr
بلڑی	blrhi
بلک	balk
بلکل	bilkul
بلکہ	balkay
بلگرامی	blgrami
بلھے	blhe
بلہ	bala
بلی	billi
بلیئر	bliyr
بلیئرڈ	bliyrd
بلیئرڈز	bliyrdz
بلیا	bulleya
بلیاں	blyan
بلیدی	blidi
بلیزر	blizr
بلیغ	baleegh
بلین	billion
بلیو	blue
بلیوز	blyoz
بلیوں	billiyon
بلیٹن	blitn
بلیڈ	blid
بلیک	black
بلے	ballay
بم	bomb
بمبئ	bmby
بمبئی	bombay
بمبئے	bmbye
بمبار	bambaar
بمباروں	bmbaron
بمباری	bombari
بمبو	bamboo
بمشکل	baa-mushkil
بمطابق	bmtabq
بمع	bimaa
بمعنی	bemani
بمعہ	bmah
بمقابلہ	ba
بمقام	bmqam
بمل	bml
بمنزلہ	bmnzlh
بموں	bmon
بمہر	bmhr
بن	ban
بنأ	bna_ea_ia
بنئے	bnye
بنا	bana
بناء	binaa
بناؤ	banaao
بناؤں	bunun
بنائو	bnayo
بنائي	banai
بنائی	banai
بنائیں	banayen
بنائیے	banayiyae
بنائے	banaye
بنائےجانے	banaye
بنابریں	bnabrin
بنات	banat
بناتا	banata
بناتی	banati
بناتے	banatay
بنادیا	banadiya
بنادیاگیا	bnadyagya
بنادیے	bnadie
بنادے	banade
بنارس	bnars
بنارکھی	bnarkhi
بنارہی	bnarhi
بناسپتی	banaspati
بناسکتا	bnaskta
بنالئے	bnalye
بنالی	banali
بنالیا	bnalya
بنالیتا	bnalita
بنالیتے	bnalite
بنالے	bnale
بنام	banam
بنانا	banana
بنانی	banani
بنانے	bananay
بناوٹ	banawat
بناوٹی	banawati
بنايا	banaya
بناکر	banakar
بنایا	banaya
بنایاگیا	bnayagya
بنایاہے	bnayahe
بناے	bnae
بناےٴ	bnae?
بنت	bint
بنتا	bantaa
بنتاہے	bntahe
بنتی	banti
بنتے	bantay
بنجامن	bnjamn
بنجر	banjar
بنجمن	banjman
بند	band
بندا	bunda
بندر	bandar
بندروں	bndron
بندرگاہ	bandargaah
بندرگاہوں	bndrgahon
بندرگاہیں	bandargahen
بندریا	bandariya
بندش	bandish
بندشوں	bandishon
بندشیں	bandishen
بندو	bandoo
بندوبست	bandobast
بندوق	bandooq
بندوقوں	bandoqon
بندوقیں	tha
بندوں	bundon
بندگان	bandgaan
بندگی	bandagi
بندھ	bndh
بندھا	bandha
بندھائی	bndhayi
بندھانا	bandhaanaa
بندھانے	bandhane
بندھتا	bndhta
بندھن	bandhan
بندھنوں	bndhnon
بندھنے	bandhane
بندھی	bandhi
بندھے	bandhay
بندہ	bandah
بندۂ	bandah
بندی	bandi
بندیاں	bndyan
بندیلا	bundala
بندیوں	bandion
بندے	bande
بنرجی	bnrji
بنز	bnz
بنزین	benzene
بنس	buns
بنسبت	bnsbt
بنسی	bansi
بنغازی	bnghazi
بنفس	allah
بنفشی	banafshi
بننا	ban-na
بننی	bnni
بننے	ban'nay
بنو	bano
بنوا	banava
بنوائی	banwai
بنوائیں	banwaen
بنوائے	bnwaye
بنوانے	bnwane
بنوایا	bnwaya
بنوری	bnori
بنوریہ	bnorih
بنوں	banon
بنوی	bnoy
بنياد	bunyaad
بنٹو	bantu
بنچ	bench
بنڈونگ	bndong
بنڈی	bindi
بنک	bank
بنکاری	bankari
بنکاک	bangkok
بنکر	bunker
بنکوں	bankon
بنکوی	baara
بنکی	bnki
بنگ	bng
بنگال	bangal
بنگالہ	bngalh
بنگالی	bangali
بنگالیوں	bngalyon
بنگش	bangash
بنگلا	bngla
بنگلاديش	bngladish
بنگلادیش	bngladish
بنگلو	bungalow
بنگلور	banglore
بنگلورو	bangloru
بنگلہ	bangladesh
بنگلے	bngle
بنگہ	bng_h
بنہ	bnh
بنی	bani
بنیا	liye
بنیائی	bnyayi
بنیاد	bunyaad
بنیادوں	bunyadon
بنیادی	bunyadi
بنیادیں	bunyadain
بنیامین	binyamin
بنیں	banin
بنے	banay
بهر	malik
بهی	ne
بو	bo
بوئل	boil
بوئنگ	bowing
بوئی	boi
بوئے	boye
بوا	bua
بوائز	boysssssss
بوائلر	bwaylr
بوائی	buwai
بوائے	boy
بواسیر	bawaseer
بوبی	bobby
بوتل	bottle
بوتلوں	bottlon
بوتلیں	botelain
بوتھ	both
بوتھم	bothm
بوتیک	bhoutik
بوتے	botay
بوج	boj
بوجوہ	bojoh
بوجھ	boojh
بوجھنا	bojhna
بوجھنے	bojhne
بوجہ	bawaja
بود	bood
بودا	boda
بودلہ	bodlh
بودو	bodo
بودوباش	bodobash
بودھ	bodh
بودی	bodi
بودے	boday
بور	sheikhupura
بورا	bora
بورس	bors
بورسا	borsa
بورل	borl
بورن	born
بورنگ	borng
بورنیو	bornyo
بورو	borrow
بوروں	boron
بورڈ	board
بورڈز	bordz
بورڈنگ	boarding
بورڈوں	bordon
بورژوازی	borswazi
بورگ	borg
بوری	bori
بوریا	boriya
بوریاں	boriyan
بوریل	boril
بوریوں	boryon
بورے	boray
بوزنیا	boznya
بوس	bose
بوسان	bosan
بوستان	ostan
بوستی	busty
بوسن	bosn
بوسنیا	bosenya
بوسنیائی	bosnyayi
بوسٹن	bostan
بوسہ	bosa
بوسی	bosi
بوسے	bosay
بوش	bosh
بوشہر	bosh_hr
بوعلی	buali
بوقت	boqt
بوقلمونی	boqalmoni
بول	bol
بولا	bola
بولان	bolan
بولتا	boltaa
بولتی	bolti
بولتے	boltay
بولدا	bolda
بولدک	boldk
بولر	bowler
بولس	bols
بولنا	bolna
بولنگ	bowling
بولنے	bolnay
بولو	balow
بولوں	bolon
بولڈ	bold
بولہب	bulahab
بولی	boli
بولیاں	buliyan
بولیوں	bolyon
بولیویا	bolivia
بولیں	bolein
بولے	bolay
بوم	boom
بون	boon
بونا	bona
بوند	boond
بوندا	bonda
بوندیں	bonden
بونس	bonus
بونوں	bonon
بونڈ	bond
بونگا	bonga
بونگہ	bong_h
بونی	boni
بونیر	bonair
بونے	bonay
بوٹ	boat
بوٹا	butta
بوٹسوانا	botswana
بوٹی	booti
بوٹیاں	bootiyan
بوٹیوں	bootion
بوٹے	botay
بوچ	boch
بوچھاڑ	bochhaar
بوڈن	bowden
بوڈو	bodo
بوڑھا	boorha
بوڑھوں	borhoon
بوڑھی	boorhi
بوڑھے	boorhay
بوکا	bukaa
بوکر	bookr
بوکھلا	ne
بوکھلائے	bokhlaye
بوکھلاہٹ	bokhlahat
بوگرا	bogra
بوگرہ	bogrh
بوں	bon
بوہرہ	bohrh
بوہری	bohri
بویا	boya
بيروت	bairout
بيلنس	balance
بيماريوں	bimarion
بينک	bank
بيٹی	beti
بيچ	beech
بيڑا	bera
بٹ	butt
بٹا	batta
بٹائی	betai
بٹاتا	btata
بٹاتے	btate
بٹالوی	btaloy
بٹالین	battalion
بٹالینز	btalinz
بٹانے	haath
بٹایا	btaya
بٹس	buts
بٹلر	butler
بٹن	button
بٹوارہ	batwara
بٹوارے	btware
بٹوہ	batwa
بٹگرام	battagram
بٹھا	bitha
بٹھائی	bthayi
بٹھائے	bethaye
بٹھاتا	bithaata
بٹھادیا	bthadya
بٹھانا	bithana
بٹھانے	bithanay
بٹھایا	bithaya
بٹی	batty
بٹیر	batair
بٹے	battay
بپا	ke
بپتا	bpta
بپتسمہ	bip-tasma
بپھرا	biphra
بپھرے	baphray
بچ	bach
بچا	bacha
بچاؤ	bachao
بچائو	bchayo
بچائی	bachaai
بچائیں	bachayen
بچائے	bachaaye
بچاتا	bachata
بچاتی	bachati
بچاتے	bachatey
بچار	bichaar
بچاس	bchas
بچالیا	bchalya
بچانا	bachana
بچانے	bachanay
بچاو	bachao
بچایا	bachaaya
بچت	bachat
بچتا	bachta
بچتوں	bchton
بچتی	bachte
بچتے	bachte
بچن	bachchan
بچنا	bachna
بچنے	bachney
بچو	bachcho
بچوں	bachon
بچپن	bachpan
بچپنے	bchpne
بچھ	biich
بچھا	bichaa
بچھائوں	bichaoun
بچھائی	bichai
بچھائے	bichaya
بچھانا	bichana
بچھانے	bichenay
بچھایا	bichhaya
بچھو	bichhoo
بچھونا	bichona
بچھونے	bichonay
بچھڑ	bhichar
بچھڑا	bitchrha
بچھڑنے	bichernay
بچھڑوں	bichroun
بچھڑی	bichrri
بچھڑے	bichhre
بچھی	bichi
بچھے	bichay
بچہ	bacha
بچی	bachi
بچیاں	bachiyan
بچیوں	bachiyon
بچیں	bachchen
بچے	bachay
بڈگام	bdgam
بڑ	barr
بڑا	bara
بڑائی	barayi
بڑبڑاتے	badbadate
بڑبڑانے	barbaranay
بڑودہ	brhod_h
بڑوں	barron
بڑي	barri
بڑھ	barh
بڑھئی	barhayi
بڑھا	barha
بڑھائی	barhai
بڑھائیں	barhayain
بڑھائے	bherhaye
بڑھاتا	berhata
بڑھاتی	barhati
بڑھاتے	berhate
بڑھادی	brhhadi
بڑھادیا	barhadiya
بڑھانا	barhana
بڑھانے	badhaane
بڑھايا	badhaya
بڑھاپا	burhapa
بڑھاپے	burhapay
بڑھاکر	brhhakr
بڑھایا	badhaya
بڑھتا	barhta
بڑھتي	barhti
بڑھتی	barhti
بڑھتے	barhatay
بڑھنا	barhna
بڑھنے	bherne
بڑھو	badho
بڑھوتری	brhhotri
بڑھيں	barheen
بڑھی	barhi
بڑھیا	budiya
بڑھیں	barheen
بڑھے	barhay
بڑی	barri
بڑیچ	brhich
بڑے	barray
بڑےاور	mand
بک	buk
بکا	bakka
بکائن	bkayen
بکارت	bakarat
بکتا	bikta
بکتر	baktar
بکتربند	bktrbnd
بکثرت	bakasrat
بکر	baker
بکرا	bakra
بکرم	bakaram
بکروں	bkron
بکری	bakri
بکریاں	bakriyan
بکریوں	bakrion
بکرے	bakray
بکس	box
بکسر	bksr
بکسوں	bkson
بکل	buckle
بکنگ	booking
بکنگھم	bknghm
بکنے	bikny
بکواس	bakwaas
بکوالڈ	bkwald
بکوٹ	bkot
بکٹیریا	bktirya
بکھر	bikhar
بکھرا	bikhraa
بکھراؤ	bhikhrav
بکھرنا	bikharna
بکھرنے	bikharne
بکھری	bhikri
بکھرے	bikhare
بکھيڑوں	bkhirhon
بکھیر	bekhair
بکھیرنے	bakhernay
بکھیڑوں	bkhirhon
بگ	big
بگاڑ	bigaar
بگاڑا	bigaara
بگاڑتے	bighaartay
بگاڑنا	bigaarna
بگاڑنے	bigaarnay
بگاڑو	bigaro
بگاڑیں	begarein
بگاہے	begahay
بگرام	bgram
بگس	bugs
بگل	baghal
بگوش	bagosh
بگولوں	bagolon
بگٹی	bugti
بگڑ	baggar
بگڑا	bigra
بگڑتی	ko
بگڑتے	bigartai
بگڑجائیں	bgrhjayin
بگڑنے	bighrnay
بگڑی	bigri
بگھارنا	bigharna
بگھیو	bghyo
بھ	bh
بھئی	bhae
بھا	bha
بھاؤ	bhao
بھائي	bhai
بھائی	bhai
بھائیوں	bhaiyon
بھائے	bhaye
بھابھی	bhabhee
بھابی	bhabhi
بھاتا	bhaata
بھاتی	bhaatii
بھادوں	bhaadon
بھار	bhar
بھارت	bharat
بھارتی	bharti
بھارتیوں	bhartyon
بھارتیہ	bhartih
بھاری	bhaari
بھاشا	bhasha
بھاشانی	bhashani
بھال	bhaal
بھالا	bhaala
بھالے	bhaale
بھان	bhaan
بھانجا	bhanja
بھانجی	bhanji
بھانجیاں	bhanjyan
بھانجے	bhanje
بھانپ	bhaanp
بھانپتے	bhanpte
بھانڈوں	bhandon
بھانہ	bhanh
بھاوج	bhawaj
بھاول	bhavl
بھاولپور	bhavlpor
بھاٹا	bhataa
بھاٹی	bhati
بھاٹیا	bhatya
بھاپ	bhaap
بھاڑ	bhaar
بھاگ	bhaag
بھاگا	bhaga
بھاگتا	bhagta
بھاگتے	bhagtay
بھاگل	bhagl
بھاگلپور	bhaglpor
بھاگنا	bhagna
بھاگنے	bhagnay
بھاگی	bhagee
بھاگیں	bhagain
بھاگے	bhage
بھایا	bhaayaa
بھت	bhat
بھتا	behta
بھتہ	bhatta
بھتیجا	bhatija
بھتیجوں	bhtijon
بھتیجی	bhateeji
بھتیجے	bhateejay
بھجا	buhja
بھجبل	bhjbl
بھجن	bhajan
بھجوا	bhijwa
بھجوائی	bhjwayi
بھجواتی	bhjwati
بھجواتے	bhijwatay
بھجواديا	bhjwadya
بھجوادیا	bhjwadya
بھجوانا	bhijwaanaa
بھجوانے	bheejwane
بھجوایا	bhijwaya
بھدا	bhadda
بھدی	bhadi
بھدے	bhaday
بھر	bhar
بھرا	bhara
بھراؤ	bharao
بھرائی	bharai
بھربھرا	bhurbhura
بھرت	bhart
بھرتا	bharta
بھرتی	bharti
بھرتیوں	bhartion
بھرتے	bhartay
بھردواج	bhrdwaj
بھرم	bharam
بھرمار	bharmaar
بھرنا	bherna
بھرنی	bhrni
بھرنے	bharnay
بھروانا	bhurwana
بھروانہ	bhrwanh
بھروسا	bhrosa
بھروسہ	bharosa
بھروسے	bharoosay
بھرپور	bharpoor
بھرکم	bharkam
بھری	bhari
بھریں	bharain
بھرے	bharay
بھس	bhus
بھسم	bhasam
بھلا	bhala
بھلائی	bhalai
بھلادو	bhulado
بھلانے	bhulane
بھلایا	bhulaya
بھلیوں	bhlyon
بھلے	bhallay
بھمبر	bhmbr
بھمبور	bhmbor
بھن	bhun
بھنا	bhana
بھنسالی	bhnsali
بھنور	bhanwar
بھنویں	bhanwain
بھنڈ	bhnd
بھنڈار	bhndar
بھنڈارا	bhndara
بھنک	bhanak
بھنگ	bhang
بھنگڑا	bangra
بھنگی	bhangi
بھنے	bhunay
بھو	bho
بھوانہ	bhwanh
بھوانی	bhwani
بھوبنیشور	bhobnishor
بھوت	bhoot
بھوتانی	bhotani
بھوتوں	bhooton
بھوج	bhoj
بھوجپوری	bhojpori
بھورا	bhoora
بھوربن	bhurban
بھوری	bhuri
بھورے	bhooray
بھوس	bhos
بھوشن	bhoshn
بھول	bhool
بھولتے	bholtay
بھولنا	bhoolna
بھولو	bhulo
بھولوں	bhooloon
بھولی	bholi
بھولیں	bhulen
بھولے	bhoolay
بھومی	bhoomi
بھون	bhon
بھونچالی	bhonchali
بھونڈے	bhonday
بھونگ	bhong
بھونے	bhonay
بھوٹان	bhotan
بھوپال	bhopal
بھوپالی	bhopali
بھوک	bhook
بھوکا	bhooka
بھوکوں	bhookhon
بھوکے	bhukay
بھوں	bhoon
بھویں	bhawen
بھي	bhi
بھيک	bheek
بھٹ	bhatt
بھٹائی	bhtayi
بھٹو	bhuto
بھٹک	bhatak
بھٹکانا	bhatkana
بھٹکتے	bhataktay
بھٹکے	bhatkay
بھٹہ	bhutta
بھٹی	bhatti
بھٹیاں	bhtyan
بھٹیوں	bhatteoon
بھٹے	bhte
بھڑ	bhir
بھڑوں	bharoon
بھڑک	bharak
بھڑکا	bahrakna
بھڑکاؤ	barkao
بھڑکانا	bharkana
بھڑکانے	bharkanay
بھڑکایا	bhrhkaya
بھڑکتی	bharakti
بھڑکتے	bharkate
بھڑکی	bharkii
بھڑکیلے	bharkeelay
بھڑکے	bharkey
بھک	bhak
بھکاری	bhikaari
بھکتی	bhkti
بھکر	bhkr
بھگ	bhag
بھگا	bhaga
بھگانے	bhaganay
بھگت	bhagat
بھگتنا	bhughtna
بھگتنی	bhgtni
بھگتنے	bhugatnay
بھگتو	bhgto
بھگدڑ	bhagdar
بھگو	bigho
بھگوان	bhagwan
بھگوت	bhgot
بھگوتی	bheegoti
بھگونے	bhigonay
بھگوڑے	bhgorhe
بھگڈر	bhgdr
بھی	bhi
بھیا	bhiya
بھیاس	bhyas
بھیانک	bhayanak
بھیت	bheet
بھیج	bhaij
بھیجا	bheja
بھیجتا	bhejta
بھیجتی	bhijti
بھیجتے	bhaijtay
بھیجنا	bhejna
بھیجنے	bhejnay
بھیجو	bhaijho
بھیجوں	beju
بھیجی	bhaije
بھیجیں	bhejen
بھیجے	beje
بھیر	bhir
بھیرہ	bhirh
بھیس	bhais
بھیم	bhim
بھین	bheen
بھینس	bhens
بھینسا	bhainsa
بھینسوں	bhinson
بھینسیں	bhinsin
بھینٹ	bhaint
بھینچا	bheencha
بھینگا	bhainga
بھیڑ	bheer
بھیڑوں	bheiron
بھیڑیئے	bhirhiye
بھیڑیا	bheria
بھیڑیں	bhirhin
بھیڑیے	bhairiye
بھیک	bheek
بھیگ	bhiig
بھیگتا	bheegta
بھیگنے	bhigne
بھے	bhe
بہ	bah
بہا	baha
بہاؤ	bahao
بہاؤالدین	bahauddin
بہائو	bahao
بہائی	bahai
بہائے	bahaye
بہاتر	b_hatr
بہاتے	bahatye
بہادر	bahadur
بہادروں	bahaduron
بہادری	bahaduri
بہار	bahhar
بہاراں	bahaaraan
بہارو	baharoo
بہاری	atal
بہاریوں	b_haryon
بہاریں	baharen
بہارے	baharay
بہالپور	b_halpor
بہاماس	b_hamas
بہانا	bahana
بہانوں	behanoon
بہانہ	bahana
بہانے	bahanay
بہاو	b_hav
بہاوالدین	b_hawaldin
بہاول	b_havl
بہاولنگر	b_havlngr
بہاولپور	bahawalpoor
بہایا	bahaya
بہبود	behbood
بہبودی	b_hbodi
بہت	bohat
بہتا	behta
بہتات	bohtat
بہتان	bohtan
بہتر	behtar
بہترين	behtareen
بہترہے	b_htrhe
بہتری	behtari
بہترین	behtareen
بہتریں	behtareen
بہتی	behti
بہتیرا	b_htira
بہتیری	b_htiri
بہتے	bahtay
بہجت	behijt
بہر	bahar
بہرام	b_hram
بہرحال	behar
بہرصورت	b_hrsort
بہروز	behrose
بہروپ	bahrup
بہروں	behroon
بہرکیف	b_hrkif
بہرہ	behra
بہری	b_hri
بہرے	behray
بہزاد	behzad
بہشت	bahisht
بہشتی	bahishti
بہل	behal
بہلانے	behlaane
بہلول	behlole
بہم	baham
بہمن	behmen
بہن	behan
بہنا	behna
بہنوئی	humayun
بہنوں	behnoon
بہنیں	behnain
بہنے	behnay
بہو	baho
بہوتی	bahothi
بہوجن	b_hojn
بہوگونا	b_hogona
بہک	behak
بہکا	b_hka
بہکانے	behkanay
بہکاوے	behkaway
بہکایا	behkaya
بہکنے	behekne
بہکی	behki
بہکے	behke
بہہ	beh
بہی	bahi
بہیت	b_hit
بہیمانہ	beheemana
بہےرین	bahe
بی	bi
بیئر	bear
بیئرز	biyrz
بیا	baia
بیابانوں	byabanon
بیابانی	biyabani
بیاباں	byaban
بیات	biat
بیاس	byas
بیاسی	byasi
بیاص	bias
بیاض	beaaz
بیالوجی	byaloji
بیالیس	bayalees
بیالیسویں	byalisoyn
بیان	bayan
بیانا	banaya
بیانات	bayanaat
بیانوں	bayanon
بیانوے	byanoe
بیانی	bayani
بیانیہ	bayaniya
بیاں	bayan
بیاہ	bayah
بیاہا	behayaa
بیاہتا	byahta
بیاہی	biahi
بیاہے	byahe
بیبی	bybi
بیت	beeet
بیتاب	betaab
بیتابی	betabi
بیتی	beete
بیتیاں	bityan
بیتیوں	bityon
بیتے	betee
بیج	beej
بیجا	beja
بیجان	beejan
بیجنگ	beijing
بیجو	bijo
بیجوں	beejon
بیحد	be
بیخ	beekh
بید	baid
بیدا	beda
بیدار	beedar
بیداری	baydaari
بیدردی	bidrdi
بیدل	baidil
بیدی	bidi
بیدیاں	bidyan
بیر	bair
بیرات	birat
بیراج	biraj
بیراجوں	birajon
بیراگی	bairagi
بیربل	birabal
بیرسٹر	barrister
بیرل	barrel
بیرم	bairam
بیرمی	berami
بیرنگ	barring
بیروت	bairout
بیرون	beron
بیرونی	bairooni
بیروں	biron
بیرٹ	birt
بیرڈ	barred
بیرک	barrack
بیرکوں	birkon
بیرکیں	birkin
بیری	berry
بیریئر	biriyr
بیریئرز	barriers
بیزار	bezaar
بیزاری	bezari
بیس	bees
بیسل	basal
بیسلان	bislan
بیسن	besan
بیسواں	beeswan
بیسوی	beeswi
بیسویں	beeswin
بیسٹ	best
بیسڈ	based
بیسک	basic
بیسیلیکا	bisilika
بیسیوں	bisyon
بیش	besh
بیشتر	beshtar
بیشر	bisher
بیشمار	beshumar
بیشک	bay
بیشی	beshi
بیضا	baiza
بیضوی	baizvi
بیضہ	beza
بیضۂ	beza
بیضے	bize
بیع	bee
بیعت	baet
بیف	beef
بیفی	beefy
بیل	bail
بیلا	bela
بیلاروس	bilaros
بیلاسٹک	bilastk
بیلجئم	biljym
بیلجئیم	biljyim
بیلجیئم	belguim
بیلجیم	belgium
بیلدار	baildaar
بیلداروں	bildaron
بیلز	bells
بیلسٹک	bilstk
بیلن	belan
بیلنس	balance
بیلنے	bilne
بیلو	belo
بیلوں	belon
بیلٹ	belt
بیلچہ	bailcha
بیلہ	bilh
بیلی	baili
بیلیسٹک	bilistk
بیلیو	blive
بیلیں	belein
بیلے	bailay
بیم	beam
بیمار	bemaar
بیماروں	bimaroon
بیماری	bemari
بیماریاں	bemariyan
بیماریوں	bimarion
بیمثال	be-misaal
بیمہ	bema
بین	bain
بینا	beena
بینائی	benaye
بینجامن	benjamin
بینجو	binjo
بینر	banner
بینروں	binron
بینظیر	benazir
بینن	binn
بیننگ	benignly
بینو	bino
بینوں	beeno
بینٹ	bent
بینٹلے	bintle
بینٹم	bintm
بینچ	binch
بینڈ	baind
بینڈس	bands
بینک	bank
بینکار	binkar
بینکاروں	binkaron
بینکاری	binkari
بینکر	banker
بینکرز	binkrz
بینکس	binks
بینکنگ	banking
بینکوں	bankon
بینکویٹ	binkoyt
بینگ	bang
بینگلور	binglor
بینہ	binh
بینی	beeni
بینین	banian
بینیٹ	binit
بینیڈکٹ	binidkt
بینیگل	binigl
بیو	beo
بیواؤں	bewaon
بیور	beaver
بیورو	beuro
بیوروکریسی	beurocracy
بیوروکریٹ	byorokrit
بیوروکریٹس	buearocrates
بیوشن	byoshn
بیوقوف	bewaqoof
بیومونٹ	byomont
بیونس	byons
بیونل	byonl
بیوٹی	beauty
بیوپار	byopaar
بیوپاری	beopari
بیوگی	bewgi
بیوہ	bewa
بیوی	biwi
بیویاں	biwiyan
بیویوں	biwion
بیٹ	bat
بیٹا	beta
بیٹری	battery
بیٹریاں	betria
بیٹریز	betrays
بیٹسمین	batsman
بیٹل	beetle
بیٹلز	bitlz
بیٹن	batten
بیٹنگ	batting
بیٹو	betoo
بیٹوں	beton
بیٹھ	baith
بیٹھا	betha
بیٹھائی	bathaieen
بیٹھاہے	bithahe
بیٹھایا	bithaya
بیٹھتا	baithta
بیٹھتی	bithti
بیٹھتے	baithtay
بیٹھنا	baithna
بیٹھنے	bethnay
بیٹھو	betho
بیٹھوں	bhethon
بیٹھک	baithak
بیٹھی	baithi
بیٹھیں	bathain
بیٹھے	baithy
بیٹی	beti
بیٹیاں	betiyan
بیٹیوں	baityon
بیٹے	betay
بیٹےحضرت	hajra
بیپٹسٹ	biptst
بیچ	beech
بیچا	baicha
بیچاری	baichari
بیچارے	becharay
بیچتا	bichta
بیچتی	bichti
بیچلر	bachelor
بیچلرز	bachelors
بیچنا	bechna
بیچنی	baicheni
بیچنے	baichnay
بیچوں	bichon
بیچی	baichi
بیچینی	becheni
بیچے	baiche
بیڈ	bad
بیڈروم	bedroom
بیڈز	bidz
بیڈفورڈ	bidford
بیڈمنٹن	bidmntn
بیڈی	beady
بیڑا	bera
بیڑہ	birh_h
بیڑی	beyri
بیڑیاں	berriyan
بیڑیوں	bediyon
بیڑے	bairay
بیک	back
بیکا	beka
بیکار	bekar
بیکاروں	bikaron
بیکانیر	bikanir
بیکر	beaker
بیکراں	beqaran
بیکری	bakery
بیکس	bacchus
بیکن	bekon
بیکنگ	backing
بیکٹیریا	bacteria
بیکہم	bik_hm
بیگ	bag
بیگار	beegar
بیگانو	begano
بیگانگی	beygangi
بیگانہ	begana
بیگانے	baigane
بیگل	beagle
بیگم	begum
بیگمات	bigmat
بیگن	begun
بیگووچ	bigvoch
بیگی	begi
بیں	been
بیہودہ	behooda
بیہوش	behosh
بیہوشی	behoshi
بے	be
بےجا	be
بےحد	be
بےدین	be
بےشمار	shumaar
بےوفا	albm
بےیار	be
ت	t-
تئیس	taees
تئیں	tain
تا	taa
تاآنکہ	taaank_h
تاؤ	tao
تائب	taib
تائيوان	taiwan
تائپے	taype
تائی	tai
تائید	taied
تائیدی	taedi
تائیوان	taiwan
تائیوانی	tayiwani
تائے	taye
تاب	taab
تابان	tabaan
تابانی	tabani
تاباں	taban
تابش	tabesh
تابع	tabay
تابعداری	tabedari
تابعین	tabayn
تابناک	tabnaak
تابندگی	tabanzdagi
تابندہ	tabinda
تابوت	taboot
تابکار	tabkaar
تابکاری	taabkari
تابہ	tab_h
تابی	taabi
تاتار	fitnah
تاتارستان	tatarstan
تاتاری	tatari
تاتاریوں	tataryon
تاتو	taato
تاثر	ta-assur
تاثرات	tasrat
تاثراتی	tasrati
تاثیر	taseer
تاج	taaj
تاجدار	tajdar
تاجر	tajir
تاجران	tajran
تاجروں	taajiron
تاجور	tajwar
تاجپوشی	taajposhi
تاجک	tajik
تاجکستان	tajkstan
تاجکوں	tajkon
تاجی	taji
تاحال	kya
تاحیات	tahayaat
تاخت	taakht
تاخر	takhr
تاخیر	takheer
تادم	tadm
تادیبی	tadeebi
تادیر	tadir
تار	taar
تارا	tara
تاراج	taaraaj
تاراپور	tarapor
تارتار	tartar
تارخ	tarukh
تارو	taroo
تاروں	taron
تاريخ	tareekh
تاريخی	tareekhi
تارڑ	tarrh
تارک	tarik
تارکین	tarikeen
تارہ	rarah
تاریح	tarih
تاریخ	tareekh
تاریخوں	tarikhon
تاریخي	tareekhi
تاریخچہ	tareekhcha
تاریخی	tareekhi
تاریخیں	tareekhen
تاریک	tareek
تاریکی	tareqi
تاریکیاں	tarikhiyan
تاریکیوں	tarikeon
تاریں	taren
تارے	tarre
تاز	taaz
تازگی	taazgee
تازہ	taaza
تازیانہ	taizana
تازیانے	tazyane
تازے	taze
تاسف	tasuf
تاسی	tasi
تاسیس	tasees
تاش	taash
تاشفین	tashfeen
تاشقند	tashqnd
تاشے	taashay
تاعمر	ta-umer
تال	taal
تالا	tala
تالاب	talaab
تالابوں	talabon
تالش	talish
تالو	taalu
تالپور	talpoor
تالی	taali
تالیاں	taliyan
تالیف	taleef
تام	tam
تامبے	tambey
تامل	tamil
تان	taan
تانا	taana
تانبا	tanba
تانبہ	tanbah
تانبے	tanbay
تانتا	tanta
تاندلیانوالہ	tandlyanwalh
تانسین	tansen
تانگ	tang
تانگوں	tangon
تانگے	tange
تانہ	tanh
تانیا	tania
تانیث	tanees
تانے	tane
تاوان	tawwan
تاوقت	tavqt
تاوقتیکہ	tavqtik_h
تاویل	taweel
تاویلات	tavilat
تاڑ	taar
تاڑی	tari
تاژ	tas
تاک	taak
تاکيد	takeed
تاکہ	taakay
تاکید	takeed
تاکیدی	takeedi
تاہم	taham
تاہے	tahay
تایا	taya
تایخ	taykh
تب	tab
تبادلہ	tabadlah
تبادلۂ	tabadlah
تبادلے	tabadlay
تبارک	tabarak
تباھی	tbahi
تباہ	tabah
تباہی	tabahi
تباہیوں	tabahiyoo
تبت	tabbet
تبتی	tbti
تبخير	tabkheer
تبخیر	tabkheer
تبدل	tabdal
تبدلیاں	tbdlyan
تبديل	tabdeel
تبديلياں	tabdeelian
تبدیل	tabdeel
تبدیلوں	tbdilon
تبدیلی	tabdeeli
تبدیلیاں	tabdeelian
تبدیلیوں	tabdeelion
تبرج	tabruj
تبرک	tabarook
تبرکات	tabarruqaat
تبریز	tabraiz
تبسم	tabassum
تبصروں	tbsron
تبصرہ	tabsarah
تبصرے	tabsaray
تبع	tba
تبلیسی	tblisi
تبلیغ	tableegh
تبلیغی	tableeghi
تبوک	tabook
تبھی	tabhi
تبہ	tb_h
تبیین	tabyin
تتبع	ttba
تتر	tatar
تتلی	titlee
تتلیاں	titliyan
تتلیوں	titliyon
تثلیت	tasleet
تثلیث	taslees
تج	tj
تجار	tujar
تجارت	tijarat
تجارتي	tijarti
تجارتی	tijarti
تجاری	tjari
تجاوز	tajawaz
تجاوزات	tajawazat
تجاویز	tajaweez
تجدد	tajadud
تجددانہ	tajdudana
تجدید	tajdeed
تجدیدی	tajdeedi
تجر	tajar
تجربات	tajarbaat
تجرباتي	tajribati
تجرباتی	tajribati
تجربوں	tajrbon
تجربہ	tajurbah
تجربۂ	tajurbah
تجربی	tjrbi
تجربے	tajarbay
تجرد	tajarud
تجریئے	tjriye
تجریدی	tajreedi
تجزیئے	ko
تجزیات	tjzyat
تجزیاتی	tjzyati
تجزیوں	tjzyon
تجزیہ	tajzia
تجزیۂ	tajzia
تجزیے	tajziye
تجزیےمہیا	wali
تجسس	tajassus
تجسیم	tajseem
تجلی	tajallii
تجلیات	tjlyat
تجمع	tjma
تجمل	tajammal
تجوری	tijori
تجوریاں	tijoryan
تجوید	tajveed
تجویز	tajweez
تجویزوں	tjoyzon
تجویزیں	tjoyzin
تجھ	tujh
تجھی	tujhi
تجھے	tujhe
تجہیز	tajheez
تحائف	ahaef
تحاریک	tharik
تحاشا	thaasha
تحاشہ	tahasha
تحت	tehat
تحدید	tahdeed
تحدیدات	thdidat
تحذیر	tahzir
تحريک	tehreek
تحریر	tehreer
تحریروں	tahreeron
تحریری	tehreeri
تحریریں	tahreerein
تحریص	tahrees
تحریف	tahreef
تحریم	tahrim
تحریمہ	tehrima
تحریک	tehreek
تحریکوں	thrikon
تحریکی	thriki
تحریکیں	thrikin
تحسین	tehseen
تحصيل	tehseel
تحصیل	tehseel
تحصیلدار	thsildar
تحصیلوں	thsilon
تحصیلیں	thsilin
تحفط	thft
تحفظ	tahaffuz
تحفظات	tahaffuzaat
تحفظاتی	thfzati
تحفظی	thfzi
تحفہ	tohfa
تحفۂ	tohfa
تحفۃ	tohfa
تحفیف	thfif
تحفے	tohfay
تحقيق	tahaqeeq
تحقیر	tehqeer
تحقیق	tahaqeeq
تحقیقات	tehqiqaat
تحقیقاتی	tehqiqati
تحقیقوں	thqiqon
تحقیقی	tehqeeqi
تحلیل	tahleel
تحلیلی	tehleeli
تحمل	tahhaamul
تحمید	tehmid
تحویل	tehweel
تحکمانہ	tahakumana
تحیر	tahayur
تحیقات	thiqat
تخاطب	takhatub
تخت	takhat
تختوں	takhton
تختہ	takhta
تختۂ	takhta
تختی	takhti
تختیاں	tkhtyan
تختیوں	tkhtyon
تختے	takhtay
تخدیر	takhdeer
تخریب	takhreeb
تخریبی	takhribi
تخصص	tkhss
تخصیص	takhsees
تخفیف	takhfeef
تخفیفی	tkhfifi
تخلص	takhallus
تخليقی	pakistani
تخلیق	takhleeq
تخلیقات	tkhliqat
تخلیقی	takhleeqi
تخلیہ	takhlia
تخم	tukham
تخمينہ	takhmeenah
تخمک	tukhmak
تخمی	daar
تخمینا	takhmena
تخمینوں	tkhminon
تخمینہ	takhmeenah
تخمینی	school
تخمینے	tkhmine
تخمیہ	tkhmih
تخیل	takhayyul
تخیلات	khwahisaat
تخیلاتی	tkhilati
تخیلی	takhayuli
تدابیر	tadabeer
تدارک	tadaruk
تدبر	tdbr
تدبیر	tadbeer
تدبیروں	tdbiron
تدبیری	tadbeeri
تدبیریں	tadbeerye
تدریجی	tadreeji
تدریس	tadrees
تدریسی	tdrisi
تدفین	tadfeen
تدوین	tadween
تذبذب	tazabzub
تذلیل	tazleel
تذکرہ	tazkara
تذکرۂ	tazkara
تذکرۃ	tazkara
تذکرے	tazkeray
تذکیر	tazkeer
تر	tar
ترا	tra
ترائی	tarai
تراب	terab
ترابی	trabi
تراجم	trajm
ترازو	traazo
تراسی	tarasi
تراش	taraash
تراشا	tarasha
تراشنا	tarashna
تراشنے	taraashney
تراشوں	tarashoon
تراشہ	tarasha
تراشی	tarashi
تراشیدہ	tarasheda
تراشیں	taraashen
تراشے	tarashe
ترامیم	tarameem
ترانوں	tranon
ترانوے	tiranway
ترانہ	taranah
ترانۂ	taranah
ترانے	tarane
تراویح	taraveeh
تراکیب	trakib
تربت	turbat
تربوز	tarbooz
تربيت	tarbiyat
تربيلا	tarbela
تربہ	trb_h
تربیت	tarbiyat
تربیتی	tarbiati
تربیلا	tarbela
تربیلہ	trbilh
ترت	turat
ترتيب	tarteeb
ترتیب	tarteeb
ترتیبی	tarteebi
ترجمان	tarjuman
ترجمانی	tarjamani
ترجموں	trjmon
ترجمہ	tarjuma
ترجمۂ	tarjuma
ترجمے	trjme
ترجیح	tarjeeh
ترجیحات	tarjeehat
ترجیحی	tarjeehi
ترجیع	trjia
ترجیہات	trjihat
تردد	taraddud
تردید	tardeed
ترس	taras
ترسٹھ	trsth
ترسکو	trsko
ترسی	tarsi
ترسیب	tarseeb
ترسیل	tarseel
ترسیلات	tarseelat
ترسیلی	trsili
ترسیم	trsim
ترسیمی	tarseemi
ترش	tursh
ترشاوہ	tarshawah
ترشی	turshi
ترغیب	targheeb
ترغیبی	targheebi
ترق	tarq
ترقي	taraqqi
ترقی	taraqqi
ترقیاتی	taraqiyati
ترلی	trli
ترمذی	tirmizi
ترميم	tarmeem
ترمیم	tarmeem
ترمیمی	tarmeemi
ترن	taran
ترنا	tirna
ترنم	tarannum
ترنوالہ	trnwalh
ترنگ	tarang
ترنگا	tirangaa
ترنگزئی	trngzyi
ترنگے	trnge
ترویج	tarweej
ترپاٹھی	trpathi
ترپن	terappan
ترچھا	tircha
ترچھی	tirchi
ترچھے	tirchay
ترک	tark
ترکاریاں	tarkariyan
ترکستان	turkistan
ترکش	mustafa
ترکمان	tarkaman
ترکمانستان	turkmenistan
ترکمانی	turkmani
ترکوں	turkoon
ترکھان	tarkhan
ترکہ	tarka
ترکی	turkey
ترکیب	tarkeeb
ترکیبوں	trkibon
ترکیبی	tarkeebi
ترکیبیں	trkibin
ترکیہ	tarkia
ترکے	trke
ترہ	trh
تری	tri
تریسٹھ	taresath
ترین	tareen
ترینیداد	trinidad
تریپن	tirappan
تریپورا	tripora
تریپولی	tripoli
ترے	tre
تزئین	tazaeen
تزک	tuzk
تزکیہ	tazkia
تزکیۂ	tazkia
تزین	tazeen
تساہل	tsahl
تسبیح	tasbeeh
تسخیر	taskheer
تسر	tsr
تسل	tasal
تسلسل	tasalsul
تسلط	tasallut
تسلی	tasalii
تسلیاں	tasalliyan
تسلیم	tasleem
تسمانیہ	tasmania
تسمہ	tasma
تسمیع	tasmee
تسمیہ	tasmia
تسنیم	tasneem
تسکین	taskeen
تسہیل	tasheel
تسی	tusi
تشار	tshar
تشبیہ	tashbeeh
تشبیہہ	tshbihh
تشخص	tashakkus
تشخیص	tashkhees
تشخیصی	tshkhisi
تشدد	tashadud
تشدید	tshdid
تشریح	tashreeh
تشریحات	tshrihat
تشریع	tshria
تشریف	tashreef
تشفی	tshfi
تشنگی	tashnagi
تشنہ	tishna
تشنۂ	tishna
تشنیع	tasnee
تشویش	tashweesh
تشویشناک	intahi
تشکر	tshkr
تشکيل	tashkeel
تشکیل	tashkeel
تشہیر	tashheer
تشیع	tashee
تصادفی	tasadeeqi
تصادم	tassadum
تصانیف	tasaneef
تصاوير	tasaveer
تصاویر	tasaveer
تصحیح	tasheeh
تصدق	tassadaq
تصدیق	tasdeeq
تصرف	tasarruf
تصریح	tasreeh
تصریف	tasreef
تصعید	taseed
تصغیر	tasgheer
تصفیہ	tasfia
تصفیے	tsfie
تصمیم	tesmim
تصنع	tasnaa
تصنيف	tasneef
تصنیف	tasneef
تصنیفات	tsnifat
تصنیفی	tsnifi
تصو	tso
تصور	tasawwur
تصورات	tasawurat
تصوراتی	tasaworati
تصوری	tasawwuri
تصوف	tasawuf
تصوير	tasweer
تصويری	tasweerai
تصویر	tasweer
تصویرمیں	tsoyrmin
تصویروں	tasweeron
تصویری	tasweerai
تصویریں	taswerain
تصیح	taseeh
تضاد	tazaad
تضادات	tzadat
تضحیک	tazheek
تضوع	tazway
تطویل	tatweel
تطہیر	tatheer
تعارف	taaruf
تعارفی	taarufi
تعاقب	taqub
تعالی	taala
تعامل	taamul
تعاون	taawun
تعبیر	tabeer
تعبیرات	tabirat
تعجب	taajjub
تعدا	tada
تعداد	tadaad
تعدادمیں	tadadmin
تعدار	tadar
تعدیل	tadeel
تعرض	tarruz
تعرف	taarof
تعریف	tareef
تعریفوں	tareefon
تعریفی	tareefi
تعریفیں	tareefen
تعزیت	taaziyat
تعزیتی	taziyati
تعزیرات	tazirat
تعزیری	tazeeri
تعزیہ	tazih
تعصب	taasub
تعصبات	tasbat
تعصبی	tasubi
تعطل	ta-attul
تعطیل	tateel
تعطیلات	tatilat
تعطیلاتی	tatilati
تعظیم	tazeem
تعظیمی	tazeemi
تعفن	taffun
تعقل	taql
تعلق	talluq
تعلقات	taluqaat
تعلقوں	talqon
تعلقہ	taalluqa
تعلقے	talqe
تعليم	taleem
تعلیم	taleem
تعلیمات	talemaat
تعلیمی	taleemi
تعلیمیافتہ	talimyaft_h
تعمير	taamer
تعميرات	tamirat
تعمیر	taamer
تعمیرات	tamirat
تعمیراتی	tamirati
تعمیروترقی	tamirotrqi
تعمیری	tameeri
تعمیل	tameel
تعمیم	tameem
تعنات	tanat
تعویز	taweez
تعہد	tahd
تعیش	taysh
تعین	taayun
تعینات	tainaat
تعیناتی	taenati
تغافل	taghaful
تغذیہ	taghzia
تغلق	tghlq
تغیر	tagayur
تغیرات	tagayuraat
تفاخر	tafakhar
تفاصیل	tfasil
تفاعل	taqa-al
تفاوت	tafawut
تفتان	tftan
تفتیش	tafteesh
تفتیشی	tafteeshi
تفر	tafir
تفرقات	tfrqat
تفرقہ	tafarruqa
تفرقے	tafruqe
تفریح	tafreeh
تفریحا	tafreehan
تفریحی	tafrehi
تفریق	tafreeq
تفسير	tafseer
تفسیر	tafseer
تفسیری	tafseeri
تفصیل	tafseel
تفصیلا	tfsila
تفصیلات	tafseelaat
تفصیلی	tafseeli
تفضل	tafazal
تفضیل	tafzeel
تفوق	tafawuq
تفویض	tafweez
تفکر	tafakkar
تفکرات	tfkrat
تفہیم	tafheem
تقابل	taqabul
تقابلی	taqabli
تقاریب	tqarib
تقاریر	tqarir
تقاصوں	tqason
تقاضا	taqaza
تقاضوں	taqazoon
تقاضہ	taqaza
تقاضے	takazay
تقاطع	taqataa
تقدس	taqaddus
تقدم	taqaddam
تقدیر	taqdeer
تقدیروں	taqdeero
تقدیس	taqdees
تقرب	taqarab
تقربیا	taqreeban
تقرر	taqarrur
تقرری	taqarruri
تقرریاں	tqrryan
تقريبا	taqreeban
تقریب	taqreeb
تقریبا	taqreeban
تقریبات	taqrebaat
تقریبوں	taqreeboo
تقریبی	taqreebi
تقریر	taqreer
تقریروں	tqriron
تقریری	taqreeri
تقریریں	tqririn
تقسیم	taqseem
تقسیمیں	tqsimin
تقصیر	taqseer
تقصیل	taksil
تقطیر	taqteer
تقطیع	taqtee
تقلید	taqleed
تقلیدی	taqleedi
تقلیل	taqleel
تقوی	taqwa
تقویت	taqwiyat
تقویم	taqweem
تقی	tqi
تقیہ	taqia
تك	tk
تل	tall
تلا	tala
تلار	tlar
تلاش	talaash
تلاشی	talashi
تلاطم	talatum
تلافی	talaafi
تلاوت	talawat
تلبیہ	talbiah
تلخ	talkh
تلخی	talkhi
تلخیاں	talkhiyan
تلخیص	tlkhis
تلخیوں	tlkhyon
تلسی	tulsi
تلف	talaf
تلفظ	talafuz
تلفی	talfi
تلفیوں	tlfyon
تلقین	talqeen
تلمذ	talammuz
تلمود	talmood
تلمیذ	talmeez
تلنگانہ	tlnganh
تلوار	talwar
تلواروں	talwaron
تلواریں	chonkey
تلون	talawun
تلوں	tilon
تلویح	talwih
تلوین	talveen
تلچھٹ	tilchat
تلک	talak
تلکرم	tlkrm
تلگو	aik
تلہ	tlh
تلی	tali
تلے	taley
تم	tum
تما	tma
تماتر	tmatr
تماثیل	tamaseel
تماری	tamari
تماشا	tamasha
تماشائی	tamashaayi
تماشائیوں	tamashaiyon
تماشائے	tamasha-e
تماشے	tamashay
تمام	tamam
تمامتر	tmamtr
تمبا	tmba
تمباکو	tambaku
تمباکونوشی	tmbakonoshi
تمبو	tmbo
تمت	tamat
تمتع	tmta
تمثال	tamsaal
تمثیل	tamseel
تمثیلی	tamseeli
تمدن	tamaddun
تمدنی	tamadduni
تمسخر	tamaskhur
تمغوں	tmghon
تمغہ	tamgha
تمغۂ	tamgha
تمغے	tmghe
تمل	tml
تمن	taman
تمنا	tamanna
تمنائیں	tamannaye
تمکنت	tamkanat
تمکین	tamkin
تمھارا	tumahra
تمھاری	tumhari
تمھارے	tumhare
تمھیں	tumhen
تمہارا	tumhara
تمہاری	tumhari
تمہارے	tumahray
تمہيں	tumhe
تمہی	tumhi
تمہید	tamheed
تمہیں	tumhe
تمیز	tameez
تمیزی	tameezi
تمیم	tamim
تن	tan
تنا	tana
تناؤ	tanao
تنازع	tanaza
تنازعات	tanazeaat
تنازعوں	tnazaon
تنازعہ	tanaza
تنازعے	tanaze
تناسب	tanasub
تناسبات	tanasubaat
تناسخ	tanasukh
تناسل	tanasul
تناظر	tanazur
تناور	tanawar
تناول	tanawal
تنبیہ	tanbeeh
تنبیہات	tnbihat
تنبیہہ	tanbeeh
تنتالیس	tntalis
تنخواہ	thankhowa
تنخواہوں	tankhwahon
تنخواہیں	tnkhwahin
تند	tund
تندرست	tandrost
تندرستی	tandrusti
تندور	tandoor
تندوری	tandoori
تندولکر	tendulkar
تندہی	tnd_hi
تندی	tundi
تنزانیہ	tanzania
تنزل	aur
تنزلی	tanzuli
تنزیل	tanzil
تنسیخ	tanseekh
تنصیب	tanseeb
تنصیبات	tnsibat
تنطیم	tntim
تنظمیوں	tnzmyon
تنظيم	tanzeem
تنظيمات	tnzimat
تنظیم	tanzeem
تنظیمات	tnzimat
تنظیموں	tanzeemon
تنظیمی	tanzeemi
تنظیمیوں	tanzeemon
تنظیمیں	tanzeemen
تنعیم	taneem
تنفر	tanafur
تنفس	tnfs
تنقیح	tanqeeh
تنقید	tanqeed
تنقیدوں	tnqidon
تنقیدی	tanqeedi
تنقیدیں	tnqidin
تنور	tanoor
تنوع	tanawu
تنولی	tnoli
تنوں	tnon
تنویر	tanveer
تنوین	tanween
تنک	tunak
تنکا	tinka
تنکوں	tinkon
تنکے	tinke
تنگ	tang
تنگدستی	tangdasti
تنگی	tangi
تنہا	tanha
تنہائی	tanhai
تنہائیاں	tanhaiiyan
تنی	tanii
تنیوں	tnyon
تنے	tanay
تها	t_ha
تهیں	t_hin
تو	to
توآپ	toaap
توا	tawa
تواتر	tawatar
توار	twar
تواریخ	tawareekh
تواز	tawaz
توازن	tawazun
تواس	twas
توالد	tawalud
توان	twan
توانا	tawana
توانائ	tawanaai
توانائی	tawanai
توانائیوں	twanayyon
توانہوں	twanhon
تواپنے	twapne
توایک	twayk
توبہ	tauba
توبیخ	tobeekh
توت	toot
توتا	tota
توتک	tootak
توتے	tote
توثیق	toseeq
توجہ	tavajja
توجہات	toj_hat
توجہی	tawajhi
توجیہ	tojeeh
توجیہات	tojihat
توجیہہ	tojihh
توجیہیں	tojihin
توحکومت	tohkomt
توحید	toheed
تودوں	todon
تودہ	todah
تودے	today
تور	shehar
تورا	tora
تورات	torat
تورخم	torkhm
توریت	torait
توسط	tavassut
توسل	tawassal
توسیع	tosee
توسیعی	tosiay
توشک	toshak
توشہ	tosha
توصرف	tosrf
توصیف	tauseef
توضیح	tozeeh
توضیحات	tozihat
توفیق	tofeq
توقع	tawaqqa
توقعات	tawaquaat
توقف	tawaquf
توقیر	touqeer
تول	toal
تولتا	tolta
تولنے	tolnay
تولو	tolo
تولہ	tola
تولیت	toleet
تولید	toleed
تولیدی	toleedi
تولیہ	toliya
تولیے	toliye
تولے	tolay
توما	toma
تونائی	tonayi
تونس	tons
تونسوی	tonsoy
تونسہ	tonsh
تونٹی	tonti
تونے	tunay
تووالدہ	towald_h
تووہ	to
توپ	toup
توپخانے	topkhane
توپوں	topon
توپچی	topchi
توپیں	topain
توچی	tochi
توڑ	toar
توڑا	tora
توڑتا	torta
توڑتی	torti
توڑتے	torte
توڑنا	torna
توڑنے	tornay
توڑی	amlan
توڑیں	ko
توڑے	torrey
توک	tuwwak
توکل	tawakkal
توں	ton
توہر	tohr
توہم	tawaham
توہمات	tohmat
توہی	tuhi
توہین	tauheen
تویہ	toyh
توے	taway
تيار	tayyar
تياری	tayari
تيرہويں	terhavi
تيرے	tairay
تيز	taiz
تيزی	taizi
تيسرا	teesra
تيسرے	teesray
تين	teen
تيونس	tyons
تپ	tap
تپتی	tapti
تپتے	tapte
تپر	tapar
تپسیا	tappssea
تپش	tapish
تپہ	tp_h
تڑ	trh
تڑوا	turwaa
تڑپ	tarap
تڑپا	nabwi
تڑپایا	tadpaya
تڑپتا	tadapta
تڑپتے	tarapty
تڑپنا	tarapna
تڑپنے	tarpne
تڑپے	tarpe
تک	taq
تکا	takka
تکافل	tkafl
تکالیف	takaleef
تکان	takan
تکبر	taqqabur
تکبیر	taqbeer
تکتا	taktaa
تکثیف	takseef
تکذیب	tkzib
تکرار	takraar
تکراری	takrari
تکریت	tkrit
تکریم	takreem
تکسید	takseed
تکفین	tkfin
تکلف	takalouf
تکلفات	takallufaat
تکلفی	takalufi
تکلم	tklm
تکلیف	takleef
تکلیفوں	tklifon
تکملہ	takmala
تکمہ	takma
تکمیل	takmeel
تکمیلی	takmeeli
تکنیک	taknik
تکنیکی	takneeki
تکنیکیں	tknikin
تکو	tuko
تکون	tikon
تکونی	tikoni
تکونے	tkone
تکویر	takveer
تکوین	takveen
تکہ	tikka
تکی	tukki
تکیہ	takiya
تکیۂ	takiya
تکیے	takiye
تگ	tug
تگنی	tigni
تگین	tagin
تھ	th
تھآن	aan
تھئیٹر	thyitr
تھا	tha
تھائی	thai
تھااس	thaas
تھاانہوں	thaanhon
تھاجب	thajb
تھاجس	thajs
تھاجو	thajo
تھاـ	tha-
تھال	thaal
تھالی	thaali
تھام	thaam
تھامس	thomas
تھامسن	thomson
تھامی	thamne
تھامے	thaamay
تھان	thaan
تھانوں	thanon
تھانوی	thanoy
تھانہ	thaana
تھانیدار	thanedaar
تھانے	thaanay
تھاپ	thaap
تھر	thar
تھراتے	tharatay
تھراپسٹ	thrapst
تھراپی	therapy
تھرل	thrill
تھرلر	thriller
تھرمل	thrml
تھرمو	tharmo
تھرو	through
تھروٹ	throat
تھرٹی	thrti
تھرپارکر	thrparkr
تھرڈ	mein
تھرک	thark
تھری	three
تھس	thas
تھل	thal
تھلگ	thalag
تھم	tham
تھما	thama
تھمائے	thmaye
تھمب	thumb
تھمنے	thamnay
تھمی	thami
تھنکر	thnkr
تھنکرز	thnkrz
تھو	thu
تھوتھنی	thoothni
تھور	thoar
تھورا	tyoharon
تھورپ	thorp
تھون	thon
تھوپ	thop
تھوڑا	thora
تھوڑی	thori
تھوڑے	thoray
تھوک	thook
تھوکنا	thookna
تھي	thi
تھيں	theen
تھپ	thap
تھپڑ	thapar
تھک	thak
تھکاوٹ	thakawat
تھکتا	thakta
تھکن	thakan
تھکے	thakey
تھی	thi
تھیبس	thebas
تھیراپی	thirapi
تھیـ	thi-
تھیلی	theli
تھیلیسیمیا	thilisimya
تھیلیوں	thilyon
تھیلے	thelay
تھیم	thim
تھیمز	thimz
تھیمس	themes
تھیو	thyo
تھیوری	thyori
تھیٹر	theatre
تھیٹروں	thitron
تھیچر	thichr
تھیں	theen
تھے	they
تھےاور	they
تھےـ	they
تھےلیز	they
تھےلیکن	they
تھےمندرجہ	they
تہ	teh
تہائی	tahai
تہاڑ	t_harh
تہبند	tohband
تہتر	tehattar
تہجد	t_hjd
تہجی	tahajji
تہدید	tehdeed
تہذيب	tahazeeb
تہذيبوں	t_hzibon
تہذیب	tahazeeb
تہذیبوں	t_hzibon
تہذیبی	tehzibi
تہذیبیں	t_hzibin
تہرا	tahra
تہران	t_hran
تہرے	t_hre
تہزیب	tehzib
تہزیبی	t_hzibi
تہس	tehass
تہلکہ	tehelka
تہمتوں	tohmaton
تہمتیں	tohmatain
تہنیتی	t_hniti
تہوار	tehwar
تہواروں	tehwaron
تہور	tahoor
تہوں	tahoon
تہکال	t_hkal
تہہ	teh
تہی	tehi
تہیں	tahein
تہیہ	tahiya
تی	ti
تیئس	taees
تیئیس	tayees
تیا	taya
تیار	tayyar
تیارکردہ	tayarkarda
تیارکی	tyarki
تیاری	tayari
تیاریاں	tayyariyan
تیاریوں	tayario
تیان	tiyaan
تیتر	teetar
تیج	teaj
تیجا	tija
تیجی	tiji
تیر	teer
تیرا	tera
تیرانا	terana
تیرانوے	tiranoe
تیراک	tairaak
تیراکی	teraaki
تیراہ	tirah
تیرتا	tairta
تیرتھ	tirth
تیرتی	tairti
تیرتے	tairtay
تیرنے	tairnay
تیروں	teeron
تیرگی	tayragi
تیرھواں	tirhwan
تیرھویں	tirhoyn
تیرہ	terah
تیرہواں	terhawan
تیرہویں	terhavi
تیری	teri
تیرے	tairay
تیز	taiz
تیزاب	tezaab
تیزابی	tezabi
تیزابیت	tezabiyat
تیزرفتاری	tizrftari
تیزرو	taizro
تیزی	taizi
تیس	tees
تیسر	tisr
تیسرا	teesra
تیسری	teesri
تیسرے	teesray
تیسویں	tisoyn
تیشہ	tesha
تیغ	tegh
تیل	tail
تیلگو	tilgo
تیلی	teeli
تیلیاں	teelian
تیما	tima
تیمار	timar
تیمارداری	timardari
تیمم	tayamum
تیمور	taimoor
تیموری	timori
تیموریہ	timorih
تین	teen
تینتالیس	tentalees
تینتالیسویں	tintalisoyn
تینتیس	tentees
تیندوا	tendwa
تیندوے	tendway
تینو	teinu
تینوں	tenu
تیور	tevare
تیونس	tyons
تیکنک	tiknk
تیکنیک	tiknik
تیکنیکی	tikniki
تیں	tain
تے	te
ث	s
ثابت	saabit
ثار	sar
ثاقب	saqib
ثالث	saalis
ثالثوں	salson
ثالثي	salisi
ثالثہ	salsa
ثالثی	salisi
ثانوی	sanwi
ثانی	sani
ثانیہ	sania
ثبات	sabaat
ثباتی	sbati
ثبت	sabt
ثبوت	saboot
ثبوتوں	saboton
ثر	sr
ثروت	sarwat
ثری	soraa
ثریا	surriya
ثعلب	soalab
ثقات	saqat
ثقافت	saqafat
ثقافتوں	sqafton
ثقافتی	saqafati
ثقافتیں	sqaftin
ثقاہت	saqahat
ثقفی	saqfi
ثقل	saqal
ثقلین	saqlain
ثقہ	saqha
ثقیف	aqeef
ثقیل	saqeel
ثلاثہ	salasa
ثم	sm
ثمامہ	samamah
ثمر	samar
ثمرات	smrat
ثمرہ	samrah
ثمن	samn
ثمود	smod
ثمینہ	samina
ثنا	sana
ثناء	sana
ثواب	sawab
ثوب	zhob
ثوبان	soban
ثوبیہ	sobia
ثور	sore
ثوری	sauri
ج	j
جئے	jiye
جا	ja
جاؤ	jao
جاؤں	jaoon
جائداد	jaidaad
جائدادوں	jaydadon
جائز	jaaiz
جائزوں	jaizon
جائزہ	jaiza
جائزے	jaizay
جائفل	jaiphal
جائنٹ	joint
جائنگے	jaynge
جائوں	joun
جائيں	jayen
جائی	jayi
جائیداد	jaedad
جائیدادوں	jayidadon
جائیدادیں	jayidadin
جائیزہ	jayizh
جائینگے	jayengay
جائیکہ	jayik_h
جائیگا	jaayegaa
جائیگی	jaegi
جائیں	jayen
جائیے	jaiye
جائے	jaye
جائےوہ	jaye
جائےں	jaye
جاب	job
جابر	jabir
جابرانہ	jabirana
جابز	jabz
جابس	jobs
جات	jaat
جاتا	jata
جاتی	jati
جاتیں	jatein
جاتے	jatay
جاج	jaj
جاد	jad
جادو	jaadoo
جادوئی	jaadoyi
جادوگر	jadugar
جادۂ	jadah
جادی	jadi
جاذب	jaazib
جار	jaar
جارج	george
جارجز	jarjz
جارجیا	jarjya
جارح	jareh
جارحانہ	jarehana
جارحیت	jarhiyat
جارنی	jaaree
جارڈن	jardn
جارہا	ja
جارہی	jarahi
جارہے	jarahay
جاری	jari
جاریہ	jaria
جاز	jaaz
جازت	jazt
جاسم	jasam
جاسوس	jasoos
جاسوسوں	jasoson
جاسوسی	jasoosi
جاسکا	jaska
جاسکتا	ja
جاسکتاہے	jasktahe
جاسکتی	ja
جاسکتیں	jasktin
جاسکتے	jasaktay
جاسکی	jaski
جاسکے	jasakay
جال	jaal
جالا	jala
جالب	jalib
جالبی	jalbi
جالندھر	jalandhar
جالندھری	jullundhri
جالوت	jalut
جالہ	jalah
جالی	jaali
جالینوس	jalinoos
جالے	jaaley
جام	jaam
جامد	jaamad
جامشورو	jamshoro
جامع	jame
جامعات	jamiyaat
جامعاتی	jameyati
جامعہ	jamea
جامعۂ	jamea
جامعۃ	jamea
جامعی	jamay
جامعیت	jamiat
جاملے	jamilay
جامن	jaman
جامنی	jamni
جاموٹ	jamot
جامہ	jama
جامۂ	jama
جامی	jamii
جان	jaan
جانا	jana
جاناں	janan
جانب	janib
جانباز	janbaaz
جانبازوں	janbazoon
جانبازی	janbazi
جانبدار	janabdaar
جانبدارانہ	janbdaranh
جانبداری	janibdari
جانبدرانہ	janibdarana
جانبر	woh
جانتا	jaanta
جانتاہے	jantahe
جانتی	janti
جانتے	jantay
جانثار	jansaar
جانثاروں	jansaron
جاندا	janda
جاندار	jandaar
جانداروں	jandaroon
جانز	janz
جانس	jhons
جانسن	johnson
جانسٹن	janstn
جانشین	janasheen
جانشینوں	janshinon
جانشینی	janshini
جانشیں	janshin
جانفشانی	jaanfishani
جانم	janum
جاننا	janna
جاننے	jan-nay
جانو	jano
جانور	janwar
جانوروں	janwaron
جانورں	janwaron
جانوں	jaanun
جانيوالا	janiwala
جانچ	jaanch
جانچا	jancha
جانچتا	janchta
جانچنا	janchna
جانچنے	jhanchne
جانچے	janche
جانکاری	jaankaari
جانکاہ	jankah
جانگ	jaang
جانگیہ	jangia
جانی	jani
جانیں	jaanen
جانے	jaane
جانےکے	jaane
جاوا	java
جاوداں	jaudan
جاوں	jaun
جاوید	javed
جاوے	jaave
جاٹ	jat
جاٹوں	jaton
جاپان	japan
جاپانی	japaani
جاپانیوں	japanion
جاپہنچی	jap_hnchi
جاچکا	ja
جاچکی	ja
جاچکے	chukay
جاڑا	jara
جاڑے	jaray
جاکر	jaakar
جاکے	jaake
جاگ	jaag
جاگت	jagat
جاگتی	jaagti
جاگتے	jagtay
جاگر	jagr
جاگرا	jagra
جاگری	ja
جاگنا	jagna
جاگنے	jaagne
جاگی	jaagi
جاگیر	jageer
جاگیردار	jageerdar
جاگیرداروں	jageerdaroon
جاگیریں	jagirin
جاگیں	jagen
جاں	jaan
جاںبحق	janbhq
جاہ	jah
جاہل	jaahil
جاہلانہ	jahilana
جاہلوں	jahilon
جاہلیت	jahliat
جاہی	jahi
جای	jaai
جایئں	jayyn
جایئے	jayye
جایا	jaya
جاے	jaye
جب	jab
جبار	jabbar
جبتک	jbtk
جبر	jabar
جبرئيل	jbryil
جبرئیل	jibrael
جبرا	jabran
جبرائيل	jibraiel
جبرائیل	jibraiel
جبرالٹر	jbraltr
جبران	jibran
جبرو	jabro
جبری	jabri
جبریل	jibreel
جبریہ	jabriya
جبل	jabal
جبلتوں	jblton
جبلی	jibilli
جبوتی	jboti
جبڑا	jabra
جبڑوں	jabron
جبڑے	jabray
جبک	jabk
جبکہ	jabkay
جبکی	jabky
جبکے	hai
جبھی	jbhi
جبہ	jubba
جبیر	jabeer
جبین	jabeen
جبیں	jabeen
جت	jat
جتاتے	jatate
جتانا	jatana
جتانے	jatanay
جتن	jatan
جتنا	jitna
جتندر	jtndr
جتنی	jitni
جتنے	jitne
جتوئی	jtoyi
جتوائے	jitwaye
جتوایا	jtwaya
جتک	jatak
جتے	jte
جثہ	jassa
جج	judge
ججز	service
ججوں	jajon
جحت	jihat
جحش	jahsh
جد	jadd
جدا	judda
جدائی	judai
جدال	jaddal
جدامجد	jadd-e-amjad
جداگانہ	judaghana
جدت	jiddat
جدل	jadal
جدلیات	jdlyat
جدو	jaddo
جدوجہد	jad-o-jehad
جدول	jadole
جدون	jadoon
جدوں	jaddon
جديد	jadeed
جدھر	jidhar
جدہ	jd_h
جدی	jaddi
جدید	jadeed
جدیدیت	jdidit
جذام	jazam
جذب	jazb
جذبات	jazbaat
جذباتی	jazbati
جذباتیت	jazbatiat
جذبوں	jazbun
جذبہ	jazba
جذبۂ	jazba
جذبے	jazbay
جذر	jazar
جر	jr
جرأت	jurrat
جرا	jaraa
جرائد	jrayd
جرائم	juraim
جرات	jurrat
جراثیم	jaraseem
جراثیمی	jarasimi
جراحت	jarahat
جراحی	jarrahi
جرثوموں	jrsomon
جرثومہ	jarsooma
جرثومے	jrsome
جرجان	jarjan
جرح	jarah
جرزی	jrzi
جرسی	jarsi
جرم	jurm
جرمانہ	jurmana
جرمن	german
جرمنوں	jrmnon
جرمنی	germany
جرموں	jrmon
جرنل	journal
جرنلسٹ	journalist
جرنلسٹس	journalists
جرنی	journey
جرنیل	jarnail
جرنیلوں	jrnilon
جرنیلی	jrnili
جرگوں	jrgon
جرگہ	jirgah
جرگے	jrge
جری	jarry
جریب	jareb
جریدوں	jareedon
جریدہ	jareeda
جریدے	jareeday
جریر	jarir
جز	juz
جزئیات	juzziyat
جزا	jaza
جزائر	jazair
جزائے	jzaye
جزر	jazr
جزم	jzm
جزو	jazo
جزوقتی	jzoqti
جزوی	juzwi
جزویات	juzwiyaat
جزيرہ	jazeera
جزیات	jzyat
جزیروں	jazero
جزیرہ	jazeera
جزیرۂ	jazeera
جزیرۃ	jazeera
جزیرے	jazeeray
جزیہ	jaziya
جس	jis
جسارت	jasaarat
جسام	jusaam
جسامت	jasamat
جست	jist
جستجو	justojoo
جستہ	jastah
جسد	jsd
جسطرح	jistarah
جسقم	jsqm
جسلہ	jslh
جسلے	jsle
جسم	jism
جسمانی	jismani
جسموں	jismon
جسميں	jsmin
جسمیں	jismen
جسونت	jaswant
جسٹ	just
جسٹس	justice
جسٹن	jstn
جسکا	jiska
جسکو	jisko
جسکي	jiski
جسکی	jiski
جسکے	jisske
جسی	jasy
جسیم	jaseem
جسے	jisay
جشن	jashnn
جعفر	jaffer
جعفرصادق	jafrsadq
جعفری	jafferi
جعفریہ	jafrih
جعل	ja-al
جعلی	jaali
جغرافيائي	geographiyai
جغرافیائی	geographiyai
جغرافیہ	geographiya
جغرافیے	jghrafie
جفا	jfaa
جفاکش	jafakash
جفت	juft
جل	jal
جلا	jala
جلاؤ	jalao
جلائو	jlayo
جلائی	jalayi
جلائے	jalaaye
جلابی	jalaabi
جلاتا	jalataa
جلاتی	jalatii
جلاتے	jalatay
جلاد	jallad
جلادی	jalaadee
جلادیا	jladya
جلاس	jlas
جلال	jalal
جلالت	jalalat
جلالپور	jlalpor
جلالپوری	jalalpuri
جلالی	jalali
جلانا	jalana
جلانے	jalanay
جلاوطن	jalaa-watan
جلاوطنی	ya
جلاکر	hila
جلایا	jalaya
جلتا	jalta
جلتی	jalti
جلتے	jaltay
جلد	jald
جلدبازی	jaldbazi
جلدوں	jldon
جلدی	jaldi
جلدیں	jldin
جلس	jls
جلسوں	jalson
جلسہ	jalsa
جلسۂ	jalsa
جلسے	jalsay
جلن	jalan
جلنا	jalna
جلندھر	jlndhr
جلنے	julne
جلو	jalo
جلوا	jlwa
جلوت	jilwat
جلوس	juloos
جلوسوں	jloson
جلوہ	jalva
جلوۂ	jalva
جلوے	jalwey
جلی	jali
جلیس	jalis
جلیل	jallel
جلیلہ	jalila
جلے	jalay
جم	jim
جما	jama
جمائی	jamai
جمائے	jamaye
جماد	jamaad
جمادی	jamadi
جمار	jmar
جماع	jamaa
جماعت	jamaat
جماعتوں	jamaaton
جماعتی	jamati
جماعتیں	jamaten
جماعیتں	jmaaytn
جمال	jamal
جمالو	jamalou
جمالی	jmali
جمالیا	jmalya
جمالیات	jamaliaat
جمالیاتی	jamaliati
جمانا	jamana
جمانہ	jamana
جمانے	jamanay
جمبو	jmbo
جمتی	jmti
جمخانہ	jmkhanh
جمرات	jmrat
جمرود	jmrod
جمرہ	jamra
جمشید	jamsheed
جمشیدپور	jmshidpor
جمع	jama
جمعدار	jamadaar
جمعرات	jumaraat
جمعيت	jamiat
جمعہ	jummay
جمعیت	jamiat
جمعے	jummey
جمل	jamal
جملوں	jumlon
جملہ	jumla
جملے	jumlay
جمن	jaman
جمنا	jamna
جمناسٹک	jimnastik
جمنیزیم	jmnizim
جمنے	jamnay
جمهور	jmhor
جمو	jmo
جمود	jamood
جموں	jammu
جمپ	jmp
جمگھٹ	jumghat
جمہو	iqtidaar
جمہور	jamhoor
جمہوريہ	jamhooria
جمہوری	jamhoori
جمہوریت	jamhoriat
جمہوریتوں	jmhoriton
جمہوریہ	jamhooria
جمہوریۂ	jamhooria
جمہویت	jmhoyt
جمی	jami
جمیعت	jamiat
جمیل	jameel
جمیلہ	jamila
جمیکا	jmika
جمیکن	jmikn
جمے	jamay
جن	jin
جنا	jina
جناب	janab
جنابت	janabat
جنات	jaanat
جناتی	jinnati
جناح	jinah
جنازہ	janaza
جنازے	janazay
جنان	janaan
جنبش	junbish
جنبی	jnbi
جنت	jannat
جنتا	jnta
جنتادل	jntadl
جنتر	jantar
جنتری	jantari
جنتہ	jnt_h
جنتی	janati
جنجال	janjaal
جنجوعہ	jnjoah
جند	jind
جنداللہ	jndallh
جندی	jandi
جنر	jnr
جنرل	general
جنریشن	genration
جنریٹر	generator
جنس	jins
جنسوں	jnson
جنسی	jinsi
جنسیت	jinsiat
جنم	janam
جننے	jan'nay
جنوب	junoob
جنوبي	janoobi
جنوبی	janoobi
جنوری	january
جنون	junoon
جنونی	junooni
جنوں	junoo
جنڈ	gend
جنکا	jnka
جنکشن	jnkshn
جنکو	web
جنکی	jinki
جنکے	jinke
جنگ	jung
جنگجو	jangju
جنگجوؤں	jungjuon
جنگجوں	jngjon
جنگل	jungle
جنگلات	janglaat
جنگلاتی	jnglati
جنگلوں	junglon
جنگلی	jungli
جنگلے	janglay
جنگو	jingo
جنگوں	jangoo
جنگی	jungi
جنگیوں	jngyon
جنگیں	jaanghein
جنھوں	jinhon
جنھیں	jinhen
جنہوں	jinhon
جنہيں	jinhein
جنہیں	jinhein
جنیاتی	jnyati
جنید	junaid
جنیدی	jnidi
جنیدیہ	jnidih
جنیرو	jniro
جنین	janeen
جنیوا	geneva
جنے	hamaray
جو	jo
جوآن	joaan
جوؤں	joon
جوئل	joel
جوئی	joi
جوئیوں	joyyon
جوئیں	joyen
جوئے	juye
جوا	juaa
جوائس	joyous
جوائن	join
جوائنٹ	joint
جوائے	joy
جواب	jawab
جوابات	jawabaat
جوابدہ	jwabd_h
جوابی	jawabi
جواد	jawad
جوار	jawar
جواز	juwaz
جواس	jwas
جوالہ	jwaala
جوان	jawan
جوانسانی	jwansani
جوانمرد	jawanmard
جوانمردی	jawanmardi
جوانوں	jawanu
جوانہوں	jo
جوانی	jawani
جواں	jawaa
جواہر	javaahiir
جواہرات	jawahraat
جوب	job
جوبات	jobat
جوبلی	jubilee
جوبن	joban
جوتا	joota
جوتش	jotish
جوتوں	jooton
جوتی	jooti
جوتیاں	jotiyan
جوتیوں	jootion
جوتے	jootay
جوج	juj
جود	jod
جودو	jodo
جودھا	jodha
جودھپور	jodhpor
جودہ	jod_h
جودی	jodi
جور	jor
جورج	jorj
جورو	joru
جورڈن	jordan
جوری	jori
جوزجان	jozjan
جوزف	joseph
جوزی	jozi
جوس	juice
جوش	josh
جوشاندے	joshandey
جوشخص	joshkhs
جوشی	joshi
جوشیلی	joshili
جوشیلے	josheelay
جوق	joq
جول	jol
جولا	joola
جولائی	july
جولان	jolan
جولاہا	jolaha
جولاہے	jolahay
جولز	joelz
جولی	anjilina
جولیا	jolia
جولیس	jolis
جولین	julian
جولیو	jolyo
جوم	joom
جون	june
جونئیر	junior
جونا	joona
جوناگڑھ	jonagrhh
جونز	jones
جونپور	jonpor
جونک	jonk
جونگ	jong
جونہی	jounhi
جونی	joni
جونیئر	junior
جونیجو	junejo
جونیر	jonir
جوٹ	jott
جوٹھے	joothe
جوپاکستان	jopakstan
جوڈ	jod
جوڈا	joda
جوڈو	jodo
جوڈیشل	juditional
جوڈیشیل	jodishil
جوڑ	joor
جوڑا	jora
جوڑتی	judte
جوڑتے	jorhte
جوڑدیا	jorhdya
جوڑنا	jorna
جوڑنے	jornay
جوڑوں	joron
جوڑی	jori
جوڑیاں	jorhyan
جوڑیں	jorhin
جوڑے	jore
جوکر	joker
جوکچھ	jokchh
جوکھم	jokham
جوکہ	jo
جوگی	jogi
جوں	jon
جوھر	johr
جوہانسبرگ	johnsburg
جوہر	johar
جوہروں	johron
جوہری	johri
جوہڑ	johar
جوہڑوں	johrhon
جوہی	juhi
جویا	joya
جویریہ	juwairia
جيت	jeet
جيسا	jaissa
جيسے	jaisay
جٹ	jit
جٹاں	jtan
جٹہ	jt_h
جپ	jp
جپسی	gypsy
جچا	jacha
جچے	jche
جڑ	jarr
جڑا	jura
جڑاؤ	jurao
جڑانوالہ	jaranwala
جڑنا	jurna
جڑنے	jurne
جڑوا	jurwa
جڑواں	jurwan
جڑوں	jaroon
جڑی	jari
جڑیں	jarrain
جڑے	jurey
جکارتہ	jakarta
جکڑ	jakar
جکڑا	jakra
جکڑنا	jakarna
جکڑی	jakri
جکڑے	jakray
جکھرانی	jkhrani
جکھڑ	jkhrh
جگ	jug
جگا	jaga
جگائے	jagaaye
جگاتی	jagati
جگاتے	jagatay
جگانا	jagana
جگانے	jaganay
جگاڑ	jugar
جگایا	jagaya
جگت	jugat
جگدیش	jagadish
جگر	jigar
جگری	jigaree
جگمگا	jagmaga
جگمگاتا	jagmagata
جگمگاتی	jagmagati
جگمگاتے	jagmagaty
جگن	jgn
جگنو	jugno
جگوں	jagon
جگہ	jagah
جگہوں	jaghon
جگہیں	jaghen
جگے	jagay
جں	jn
جھ	jh
جھا	jha
جھارکھنڈ	jharkhnd
جھالا	jhala
جھالاوان	jhalawan
جھام	jhaam
جھانسی	jhansi
جھانک	jhaank
جھانکنے	jhanknay
جھاڑ	jhaad
جھاڑو	jharoo
جھاڑکھنڈ	jharhkhnd
جھاڑی	jhaari
جھاڑیاں	jhariyan
جھاڑیوں	jharion
جھجک	jhijak
جھرمٹ	jhurmat
جھرنوں	jharnon
جھرنے	jharney
جھروکوں	jharokoon
جھروکے	jharoke
جھرک	jhrk
جھریاں	jhuriyan
جھلس	jhulas
جھلسا	jhalsa
جھلستی	jhulasti
جھلستے	jhulastey
جھلک	jhalak
جھلکتا	jhalakta
جھلکتی	jhalakti
جھلکتے	jhalakte
جھلکی	jhalki
جھلکیاں	jhalkiyan
جھلکیوں	jhlkyon
جھلی	jhilli
جھمرا	jhmra
جھمرہ	jhmrh
جھمکا	jhumka
جھن	jhan
جھنجوڑ	jhnjorh
جھنجھلاہٹ	jhnjhlaht
جھنجھوڑ	jhinjhod
جھنجھوڑتے	janjhortay
جھنم	jahannum
جھنڈ	jhund
جھنڈا	jhanda
جھنڈو	jhndo
جھنڈوں	jhndon
جھنڈی	jhandi
جھنڈیاں	jhandiyan
جھنڈے	jhanday
جھنکار	jhankaar
جھنگ	jhng
جھنگوی	jhangvi
جھول	jhool
جھولنا	jhoolna
جھولی	jholi
جھولے	jhulay
جھومتی	jhoomti
جھومتے	jhomtay
جھومر	jhoomr
جھونپڑی	jhonpari
جھونپڑیوں	jhonprhyon
جھونک	jhonk
جھونکا	jhaunka
جھونکوں	jhonkon
جھوٹ	jhoot
جھوٹا	jhoota
جھوٹی	jhooti
جھوٹے	jhutay
جھوک	jhok
جھٹ	jhat
جھٹلا	jhutla
جھٹلاؤ	jhutlao
جھٹلاتے	jutlatay
جھٹلانا	jutlana
جھٹلانے	jhutlanay
جھٹلایا	jhtlaya
جھٹکا	jhatka
جھٹکوں	jhatkon
جھٹکے	jhatkay
جھپٹ	jhapat
جھپٹنا	jhapatna
جھپکتے	jhapakty
جھڑ	jhar
جھڑنا	jharna
جھڑپ	jharap
جھڑپوں	jharpon
جھڑپيں	jharpen
جھڑپیں	jharpen
جھڑکیاں	jharkiyan
جھک	jhuk
جھکا	jhuka
جھکاؤ	jhukao
جھکانے	jhukanay
جھکتی	jhukti
جھکنے	jhuknay
جھکوا	jhkwa
جھکڑ	jhakar
جھکی	jhuki
جھگڑا	jhagra
جھگڑنا	jhagarna
جھگڑوں	jhagron
جھگڑے	jhagrre
جھگی	jhuggi
جھگیاں	jhgyan
جھیل	jheel
جھیلا	jheela
جھیلتے	jheltay
جھیلنا	jhelna
جھیلنی	jheelni
جھیلنے	jhilne
جھیلوں	jheelon
جھیلیں	jhelen
جھینگوں	jhingon
جھے	jhe
جہ	j_h
جہا	j_ha
جہات	j_hat
جہاد	jehaad
جہادی	j_hadi
جہاز	jahaaz
جہازرانی	j_hazrani
جہازوں	jahazoo
جہازی	jahazi
جہالت	jahalat
جہان	jahan
جہانداد	j_handad
جہاندار	jahandar
جہاندیدہ	j_handid_h
جہانزیب	jahanzeb
جہانوں	jahanon
جہانگیر	jahangir
جہانگیری	j_hangiri
جہانیاں	jahanian
جہاں	jahan
جہت	jahat
جہتوں	jehton
جہتی	jehti
جہتیں	j_htin
جہد	jehed
جہدوجہد	j_hdoj_hd
جہر	jahr
جہل	jeehal
جہلم	jehlum
جہنم	jahannum
جہیز	jahez
جی	jee
جیا	jiya
جیالوں	jyalon
جیالے	jayalay
جیان	jayan
جیب	jaib
جیبی	jaibi
جیت	jeet
جیتا	jeeta
جیتتی	jitti
جیتنا	jeetna
جیتنے	jeetnay
جیتی	jeeti
جیتیں	jiiten
جیتے	jeetay
جیجو	jiju
جید	jayyad
جیرالڈ	jerald
جیرمی	jirmi
جیری	jerry
جیزہ	jiza
جیسا	jaissa
جیسانی	jisani
جیساکہ	jisak_h
جیسس	jiss
جیسلمیر	jislmir
جیسمین	jismin
جیسن	jason
جیسپر	jasper
جیسکا	jiska
جیسی	jaisi
جیسے	jaisay
جیسےمسیحیت	jaisay
جیش	jaish
جیف	jeff
جیفرسن	jifrsn
جیل	jail
جیلان	jeelan
جیلانی	jelani
جیلوں	jailon
جیلی	jelly
جیلیں	jilin
جیم	jam
جیمز	james
جیمس	james
جیمی	jimi
جین	jain
جینا	jeena
جینز	jeans
جینس	jeans
جینو	jinw
جینوا	jinwa
جینٹ	jint
جینٹل	gentle
جینی	jeeny
جینیات	jinyat
جینیاتی	jeneati
جینیرو	jiniro
جینیس	jinis
جینے	jeeney
جیو	geo
جیوا	jiwa
جیوانی	jiwani
جیوت	jyot
جیوتی	jyoti
جیوری	jeori
جیوش	jyosh
جیول	jewel
جیولری	jewelry
جیولوجیکل	jyolojikl
جیومیٹری	geometry
جیون	jevan
جیونا	jevana
جیوگرافک	jyografk
جیٹ	jet
جیپ	jeep
جیک	jack
جیکب	jacob
جیکروں	jikron
جیکسن	jackson
جیکٹ	jacket
جیکٹیں	jiktin
جیکی	jacky
جیگوار	jigwar
جیہ	jeh
جیے	jie
جے	jay
جےسوریا	surya
جےپور	jaipur
ح	h
حئی	hyi
حا	ha
حائر	haiir
حائل	haail
حاتم	tatim
حاج	haaj
حاجات	hajat
حاجب	hajab
حاجت	haajat
حاجتیں	hajtein
حاجی	haaji
حاجیوں	hajion
حاد	had
حادث	ilm
حادثات	hadsaat
حادثاتی	hadsati
حادثوں	hadso
حادثہ	haadsa
حادثے	haadsay
حادہ	hadah
حاذق	hazq
حاران	haraan
حارث	haris
حارثہ	harisa
حارجہ	harj_h
حارس	haras
حارہ	harah
حاسب	hasib
حاسد	haasid
حاسدانہ	hasdanh
حاسدوں	haasidon
حاشیہ	hashia
حاشیے	hashiye
حاصل	haasil
حاصلات	haslaat
حاصلی	hasili
حاضر	haazir
حاضرات	hazraat
حاضرہ	hazrh
حاضری	haazri
حاضرین	hazreen
حاظر	hazr
حافط	hafit
حافظ	hafiz
حافظہ	hafza
حافظے	hafzay
حال	haal
حالا	hala
حالات	halaat
حالانکہ	halaank
حالت	haalat
حالتوں	halaton
حالتیں	halatain
حالی	haali
حالیہ	haliya
حام	haam
حامد	hamid
حامدی	hamdi
حامل	haamil
حاملہ	haamla
حامی	haami
حامیوں	hamion
حان	han
حانث	haniss
حانہ	hannah
حاوی	haawi
حاکم	haakim
حاکمانہ	hakimana
حاکموں	hakmon
حاکمہ	hakima
حاکمیت	hakmiyat
حب	hub
حباب	habab
حبرون	habron
حبس	habs
حبش	habsh
حبشہ	habsha
حبشی	habshi
حبشیوں	habshiyon
حبل	habal
حبيب	habib
حبیب	habib
حبیبہ	habiba
حبیبی	hbibi
حتف	htf
حتمی	hatmi
حتی	hatta
حثیت	hsit
حج	hajj
حجاب	hijaab
حجابات	hjabat
حجاج	hajjaj
حجار	hajjar
حجاز	hijaz
حجازی	hijazi
حجام	hajjaam
حجت	hujjat
حجر	hijr
حجرہ	hujra
حجری	hajri
حجرے	hujray
حجم	hajam
حجی	hajii
حجیم	hjim
حد	hadd
حدت	hiddat
حدتک	hdtk
حددود	hddod
حدف	hadaf
حدود	hudood
حدوں	hado
حديث	hadees
حدی	haddy
حدیبیہ	hadibiya
حدیث	hadees
حدید	hadid
حدیقہ	hadeeqah
حدیں	hade
حذب	laaye
حذف	hazf
حذیفہ	hzifh
حر	hur
حرا	hara
حرارت	hararat
حرارتی	hararti
حرارہ	hararah
حراری	hrari
حراست	hirasat
حراستوں	hraston
حرام	haraam
حرامی	harami
حرب	harb
حربوں	hrbon
حربہ	harba
حربی	herbi
حربے	harbe
حرج	harj
حرص	tama
حرض	hrz
حرف	harf
حرفت	hirfat
حرفوں	harfon
حرفی	harfi
حرم	haram
حرماں	hurman
حرمت	hurmat
حرمتی	hurmati
حرمین	hrmin
حروف	huroof
حرکات	harkaat
حرکت	harkat
حرکتوں	harkato
حرکتی	harkati
حرکتیں	harkatein
حرکی	harki
حرکیات	harkiyaat
حرہ	hura
حریت	hurriyaat
حریر	hareer
حریصانہ	haresana
حریف	hareef
حریفانہ	hareefana
حریفوں	hareefon
حریم	hareem
حزب	hizab
حزم	hazam
حزن	hazan
حزیمت	hzimt
حزینہ	hazeena
حس	hiss
حساب	hisaab
حسابات	hisabaat
حسابداری	hisabdari
حسابی	hisabi
حساس	hassas
حساسیت	hsasit
حسام	hussam
حسان	hassan
حسب	hasb
حسبہ	husba
حسبۃ	husba
حسد	hasad
حسرت	hasrat
حسرتوں	hasratoon
حسن	husn
حسنا	husna
حسنين	hasnain
حسنہ	husna
حسنی	hasna
حسنین	hasnain
حسين	hussain
حسينوں	haseenon
حسی	hisi
حسیات	haasiyat
حسیت	haset
حسین	hussain
حسینہ	haseena
حسینی	hussaini
حسینیہ	hsinih
حسیں	haseen
حشر	hashar
حشرات	hashrat
حشم	hasham
حشمت	hashmat
حشیش	hasheesh
حصار	hisaar
حصاروں	hissaron
حصان	hisan
حصص	hasas
حصن	hasn
حصو	hso
حصول	husool
حصولی	hsoli
حصوں	hisson
حصہ	hissa
حصین	hesin
حصے	hissay
حضر	hazr
حضرات	hazraat
حضرت	hazrat
حضور	huzoor
حضوری	huzoori
حطاب	hattab
حطیم	hateem
حطین	hateen
حظ	hiz
حفاظ	hufaz
حفاظت	hifazat
حفاظتی	hifazati
حفص	hafs
حفصہ	hifsa
حفظ	hifz
حفظان	hifzaan
حفیظ	hafeez
حفیہ	haffia
حق	haq
حقائق	haqayiq
حقارت	hiqarat
حقانی	haqqani
حقانیت	hqanit
حقدار	haqdaar
حقو	haqu
حقوق	haqooq
حقيقت	haqeeqat
حقہ	huqqa
حقیر	haqeer
حقیقت	haqeeqat
حقیقتا	hqiqta
حقیقتوں	haqeeqaton
حقیقتیں	haqeqteen
حقیقی	haqeeqi
حقے	hukay
حكومت	hkomt
حل	hal
حلاج	hilaj
حلال	halal
حلاوت	halawat
حلبجہ	hlbj_h
حلبہ	halba
حلت	hilt
حلف	halaf
حلفی	halfi
حلفیہ	halfia
حلق	halaq
حلقوں	halqon
حلقہ	halqa
حلقۂ	halqa
حلقی	halqi
حلقے	halqay
حلمہ	halma
حلوان	halwan
حلول	halool
حلوں	hallon
حلوہ	yeh
حلہ	hulla
حلیف	haleef
حلیفوں	hlifon
حلیفہ	halifa
حلیم	haleem
حلیمہ	halima
حلیمی	haleemi
حلیہ	huliya
حلیے	hlie
حمائت	hmayt
حماد	hamad
حماس	hamas
حماعت	hamaet
حماقت	hamaqat
حماقتوں	hmaqton
حمام	hamaam
حمامہ	hamama
حمایت	himayat
حمایتی	himayati
حمایتیوں	hmaytyon
حمد	hamd
حمزہ	hamza
حمص	hummus
حمل	hamal
حملوں	hamlon
حملہ	hamla
حملے	hamlay
حمود	hamood
حميت	hamiyat
حمکران	jamhoori
حمیت	hamiyat
حمید	hammeed
حمیداللہ	hmidallh
حمیدہ	hamida
حمیدی	hamidi
حمیر	hamier
حمیرا	humaira
حمیرہ	hmirh
حمیمہ	hamima
حنا	hina
حنائی	hinaa_ii
حنبل	hanbal
حنبلی	hnbli
حنفی	hanfi
حنفیہ	hnfih
حنیف	hanif
حنیفہ	hanifa
حنین	hunain
حوا	hawa
حوادث	hawadis
حواری	hawari
حواریوں	hawarion
حواس	hawaas
حواسی	hawasi
حوال	hawal
حوالات	hawalaat
حوالدار	hawaldar
حوالوں	hawalon
حوالگی	hawalgi
حوالہ	hawala
حوالی	havali
حوالے	hawalay
حور	hoor
حوزہ	hozh
حوس	hose
حوصلوں	houslon
حوصلہ	hosla
حوصلے	hauslay
حوض	hoz
حول	hol
حویلی	hawiley
حویلیاں	hoylyan
حویلیوں	havaliyon
حيات	hayaat
حکام	hakkaam
حکایت	hekiyaat
حکایتیں	hikaytein
حکم	hukum
حکما	hkma
حکمت	hikmat
حکمتوں	hikmaton
حکمران	hukmaran
حکمرانون	hkmranon
حکمرانوں	hukmraanon
حکمرانی	hukmarani
حکمراں	hkmran
حکو	hko
حکومت	hukoomat
حکومتوں	hukoomaton
حکومتی	hakoomati
حکومتیں	hakoomaten
حکیم	hakeem
حکیمانہ	hakeemana
حکیماں	hkiman
حکیموں	hakeemon
حی	hi
حیا	haya
حیائی	hiyai
حیات	hayaat
حیاتی	hayati
حیاتیات	hayaatiyaat
حیاتیاتی	hayatiati
حیاتین	hayateen
حیاداری	hyadari
حیت	heet
حیثت	hist
حیثيت	hesiyat
حیثیت	hesiyat
حید	hid
حیدر	haider
حیدرآباد	hyderabad
حیدرآبادی	hidraabadi
حیدری	haidry
حیران	heran
حیرانگی	herangi
حیرانی	herani
حیرت	herat
حیسن	hesan
حیض	haiz
حیفا	hifa
حیفہ	hifh
حیلوں	hilon
حیلہ	heela
حیلے	heelay
حیوان	hewan
حیوانات	hewanat
حیوانی	hewani
حیوانیات	hewaniaat
حیی	hie
خ	kh
خا	kha
خائف	khaif
خاب	khab
خاتم	khatim
خاتمہ	khtama
خاتمۃ	khtama
خاتمی	khatmi
خاتمے	khatmay
خاتون	khatoon
خاتوں	khaton
خادم	khadim
خادموں	khadimon
خادمہ	khadima
خادمین	khadmin
خار	khaar
خارا	khaara
خاران	kharan
خارج	kharij
خارجہ	kharja
خارجی	kharji
خارجیت	kharjiyat
خاردار	khardaar
خارش	kharish
خارق	khariq
خاری	khari
خازن	khazen
خاشاک	khashaak
خاص	khaas
خاصا	khasa
خاصخیلی	khaskhili
خاصہ	khaasa
خاصی	khasi
خاصیت	khasiyat
خاصے	khasay
خاطر	khatir
خاطرخواہ	khaterkhah
خاطرہ	khatrh
خاطی	khaati
خاظر	khazir
خاقان	khaqan
خال	khhaal
خالد	khalid
خالدہ	khalda
خالدیہ	khaldih
خالص	khalis
خالصتا	khalsta
خالصتان	khalstan
خالصتن	khaslaten
خالصہ	khalissah
خالق	khaaliq
خالہ	khaala
خالی	khaali
خام	khaam
خامرے	khamray
خامس	khamiss
خامنه	khamnh
خامنہ	khamna
خاموش	khamosh
خاموشی	khamoshi
خامۂ	khamah
خامی	khaami
خامیاں	khamiyan
خامیوں	khamion
خان	khan
خاندان	khandan
خاندانوں	khandano
خاندانی	khandani
خانداں	khandan
خانزادہ	khanzada
خانساماں	khansama
خانصاحب	khansahb
خانقا	khanf
خانقاہ	khanqah
خانقاہوں	khanqahoon
خانقاہی	khanqahi
خانم	khanam
خانماں	khaanamaan
خانوادوں	khanwadon
خانوادہ	khanwad_h
خانوادے	khanwade
خانون	khanoon
خانوں	khaanoon
خانپور	khanpor
خانگی	khangi
خانہ	khanah
خانۂ	khanah
خانی	khani
خانیوال	khanewal
خانے	khanaay
خانےمیں	faaslay
خاور	khawar
خاوند	khawand
خاک	khaak
خاکسار	khaakhsaar
خاکسارتحریک	khaksarthrik
خاکستر	khakstar
خاکستری	khakstari
خاکنائے	khaaknaye
خاکوں	khakon
خاکہ	khaka
خاکۂ	khaka
خاکی	khaki
خاکے	khakay
خاں	khan
خبار	khbar
خبث	khbs
خبر	khabar
خبردار	khabardaar
خبررساں	khabar-rasan
خبروں	khabron
خبری	khaberi
خبریں	khabrain
خبط	khabt
خبیب	khabib
خبیث	khabees
ختم	khatam
ختنہ	khatna
ختنے	khatny
خد	khad
خدا	kkhuda
خداؤں	khudaon
خدائی	khudai
خدائے	khuday-e
خدابخش	khdabkhsh
خداداد	khudadad
خدارا	khudaaraa
خدام	khudam
خدانے	khdane
خداوند	khudawand
خداہے	khdahe
خدایا	khudaaya
خدشات	khadshaat
خدشہ	khadsha
خدشے	khadshay
خدمات	khidmaat
خدمت	khidmat
خدمتگار	khidmatgaar
خدمتگزار	khdmtgzar
خدمتی	khidmati
خدو	khado
خدوخال	khadd-o-khaal
خديجہ	khadija
خدیجہ	khadija
خدیجۃ	khadija
خدیو	khadyo
خر	khar
خرا	unhein
خراب	kharab
خرابا	khraba
خرابات	kharabaat
خرابہ	kharaba
خرابی	kharabi
خرابیاں	kharabian
خرابیوں	kharabion
خرابے	kharabay
خراج	kharaaj
خراد	khrad
خرازی	khrazi
خراسان	khrasan
خراسانی	khrasani
خراش	kharaash
خراشیں	kharashein
خرافات	khurafaat
خرامی	khrami
خربوزے	khrboze
خرد	khiirad
خرداد	khrdad
خردبرد	khrdbrd
خردبین	khurdbeen
خرطوم	khrtom
خرقہ	khirqah
خرقۂ	khirqah
خرم	khurram
خرمن	khirmen
خرمی	khurmi
خروج	kharooj
خروش	kharosh
خروشیف	khroshif
خريدنے	kharidne
خريدے	khareeday
خرچ	kharch
خرچہ	kharcha
خرچی	kharchi
خرچے	kharchay
خرگوش	khargosh
خرید	khareed
خریدا	khareeda
خریدار	khredar
خریداروں	kharidaron
خریداری	kharidari
خریدتا	kharidata
خریدتے	khridte
خریدنا	khareedna
خریدنے	kharidne
خریدی	kharidi
خریدے	khareeday
خریطہ	kharitah
خزائن	khizaen
خزائیں	khizain
خزان	khazaan
خزانوں	khazanon
خزانچی	khazanchi
خزانہ	khazana
خزانے	khazanay
خزاں	khizaa
خزب	khzb
خزر	khzr
خزرج	khazraj
خزيمة	khuzaima
خزیمہ	khuzaima
خزینہ	khazina
خزینۂ	khazina
خس	khas
خسارہ	khasara
خسارے	khasaray
خستہ	khasta
خسر	khsr
خسرو	khusru
خسروانہ	khusarwana
خسرہ	khasra
خسن	khusan
خشت	khisht
خشخاش	khashkhaash
خشمناک	khshmnak
خشک	khushk
خشکی	khushki
خشی	khshi
خشیت	khashyat
خصائص	khasais
خصائل	khasayel
خصدار	khsdar
خصلت	khaslat
خصو	khso
خصوصا	khusoosan
خصوصی	khusoosi
خصوصیات	khususiyaat
خصوصیت	khasusiyat
خضدار	khzdar
خضر	khizar
خضرہ	khazra
خضری	khizry
خط	khat
خطا	khata
خطائی	khaati
خطاب	khitaab
خطابات	khtabat
خطابت	khatabat
خطاط	khtat
خطاطی	khtati
خطبات	khutbaat
خطبوں	khtbon
خطبہ	khutba
خطبۂ	khutba
خطبے	khtbe
خطر	khatar
خطرات	khatraat
خطرناک	khatarnaak
خطروں	khatron
خطرہ	khatrah
خطرے	khatray
خطوط	khutoot
خطوں	khitton
خطيب	khateeb
خطہ	khitta
خطۂ	khitta
خطی	khitti
خطیب	khateeb
خطیبانہ	khatibana
خطیر	khateer
خطے	khittay
خفا	khafa
خفت	khaft
خفقان	khafqaan
خفگی	khafgi
خفی	khfi
خفیف	khafeef
خفیفہ	khafifa
خفیہ	khufia
خلا	khalaa
خلاء	khala
خلاؤں	khalaaon
خلائق	khalaique
خلائی	khalayi
خلاباز	khlabaz
خلاصہ	khulasa
خلاصی	khulasi
خلاصے	khlase
خلاف	khilaaf
خلافت	khilafat
خلافی	khalaqi
خلاق	khalaq
خلال	khalal
خلانورد	khalanord
خلانوردوں	khlanordon
خلت	khilt
خلجی	khilji
خلد	khuld
خلدون	khldon
خلش	khalish
خلط	khalt
خلع	khalla
خلعت	khilat
خلف	khalf
خلفاء	khulfa
خلفائے	khlfaye
خلفشار	khlfshar
خلق	khalq
خلقت	tamam
خلقی	khalqi
خلل	khlal
خلوت	khalwat
خلوص	khuloos
خلوہ	khalwa
خلوی	khalwi
خليج	khaleej
خليفہ	khalifa
خليل	khalil
خلیات	khaliyaat
خلیج	khaleej
خلیجی	khaleeji
خلیفہ	khalifa
خلیفۂ	khalifa
خلیفۃ	khalifa
خلیق	khaleeq
خلیل	khalil
خلیوں	khalion
خلیہ	khaliya
خلیے	khaliye
خم	khham
خمار	khumar
خمدار	khamdaar
خمس	khms
خمسہ	khamsa
خموش	khmosh
خمیازہ	khumyaza
خمیر	khameer
خمیری	khameeri
خمیس	khamis
خمینی	khmini
خناق	khunaq
خنجر	khanjar
خنجراب	khnjrab
خنداں	khandan
خندق	khandaq
خندہ	khanda
خنزیر	khanzeer
خنسا	khansa
خنک	khunak
خو	khoo
خوئی	khoi
خوئے	khoy
خوا	khwa
خواب	khawab
خوابوں	khowaboon
خوابگاہ	khwabgah
خوابی	khwabi
خوابیدہ	khowabida
خواتين	khawateen
خواتین	khawateen
خواتیں	khwatin
خواجگان	khwajgan
خواجہ	khwaja
خوار	khawar
خواراک	khwarak
خوارج	khawaraj
خوارزم	khawarzam
خوارک	khwark
خوارگی	khawargi
خواص	khawaas
خوان	khawan
خواند	khwand
خواندگی	khawandgi
خواندہ	khwand_h
خوانی	khawani
خواں	khwan
خواھش	khuwahis
خواہ	khuwa
خواہاں	khwaahan
خواہر	khwahar
خواہش	khwahish
خواہشات	khwahisaat
خواہشمند	khawahish
خواہشوں	khawahishon
خواہشیں	khuwaishe
خواہوں	khuwahon
خواہی	khawahi
خوب	khoob
خوبانی	khobani
خوبرو	khubaru
خوبصورت	khobsorat
خوبصورتی	khoubsurti
خوبی	khoobi
خوبیاں	khoobiyan
خوبیوں	khoobiyon
خوجہ	khowja
خود	khud
خودارادیت	khodaradit
خودان	khodan
خودبخود	khud-bakhud
خودسری	khud
خودمختار	khud
خودمختاری	khudmukhtaari
خودنوشت	khodnosht
خودکار	khudkaar
خودکش	khudkush
خودکشی	khudkushi
خودی	khudi
خور	khor
خورانی	khorani
خوراک	khoraak
خوراکوں	khorakon
خوراکیں	khorakin
خورد	khord
خوردبین	khordbeen
خوردنی	khordani
خوردو	khordo
خوردہ	khorda
خورشید	khurshid
خورشیدی	khorshidi
خورماتو	khormato
خوروں	khoron
خوری	khori
خوزستان	khozstan
خوست	khost
خوسی	khosi
خوش	khush
خوشاب	khushab
خوشامد	khoshamad
خوشبو	khusbhoo
خوشبوئیں	khushboain
خوشبودار	khushbodar
خوشحال	khushaal
خوشحالی	khushhali
خوشخبری	khushkhabri
خوشخطی	khoshkhti
خوشدامن	khoshdamn
خوشدلی	khoshdli
خوشنما	khushnuma
خوشنود	khushnood
خوشنودی	khushnodi
خوشگوار	khushgawar
خوشہ	khosha
خوشۂ	khosha
خوشی	khusi
خوشیاں	khusihyan
خوشیوں	khoshion
خوص	khos
خوف	khauf
خوفزدہ	khaufzadah
خوفناک	khofnaak
خوفو	khofo
خوفی	khofi
خول	khoal
خولہ	khola
خون	khoon
خونخوار	khonkhawar
خونریز	khonriz
خونریزی	khonrizi
خونی	khooni
خونیں	khonin
خوگر	khogar
خوں	khoo
خویلد	khuwaild
خيال	khayaal
خيالات	khayalat
خيبر	khyber
خيزی	khaizi
خيل	khail
خٹک	khattak
خچر	khachar
خی	khy
خیا	khya
خیابان	khayaban
خیار	khayar
خیال	khayaal
خیالات	khayalat
خیالوں	khayalon
خیالی	khayaali
خیام	khaime
خیانت	khayanat
خیبر	khyber
خید	khaid
خیر	kher
خیرآباد	abad
خیرآبادی	khiraabadi
خیرات	khairaat
خیراتی	khairati
خیراللہ	khirallh
خیرباد	khirbad
خیرمقدم	khermaqdam
خیرپور	khairpur
خیرہ	khaira
خیری	khere
خیریت	kheriyat
خیز	khaiz
خیزران	khizran
خیزی	khaizi
خیسور	khisor
خیل	khail
خیلج	khilj
خیلوی	khiloy
خیموں	khaimon
خیمہ	khaima
خیمۂ	khaima
خیمے	khaimay
خیمےمیں	mein
د	daal
دئیے	dyie
دئے	diye
دا	da
داؤ	dao
داؤد	dawod
داؤدی	daoudi
داؤود	daovd
دائر	dair
دائروں	dairon
دائرکار	dayrkar
دائرہ	daira
دائرۂ	daira
دائرۃ	daira
دائرے	dairay
دائم	daaim
دائمی	daimi
دائو	dau
دائود	dawood
دائودی	dawoody
دائی	daai
دائیں	dayen
دائے	daye
داب	daab
داتا	dataa
داختہ	dakht_h
داخل	daakhil
داخلوں	dakhlon
داخلہ	dakhla
داخلی	dakhli
داخلیت	dakhiliyat
داخلے	dakhlay
داد	daad
دادا	dada
داداؤں	dadaon
دادرا	dadra
دادرسی	dadrsi
دادن	dadn
دادو	dadu
دادودہش	dadohash
دادوں	dadon
دادہ	deeda-e
دادی	dadi
دار	daar
دارا	dara
دارالارشاد	dar-al-arshad
دارالامان	daar-al-aman
دارالحرب	daralhrb
دارالحکومت	dar-al-hakoomat
دارالحکومتوں	daralhkomton
دارالخلافہ	darulkhalafa
دارالسلام	darussalam
دارالسلطنت	darul-saltnat
دارالشفا	daralshfa
دارالعلوم	darul
دارالعوام	june
داران	daraan
دارانہ	daarana
دارانے	darane
دارد	dard
دارفانی	darfani
دارفر	darfr
دارفور	darfor
دارلحکومت	darlhkomt
دارلحکومتوں	darlhkomton
دارلخلافہ	dar-ul-khilafa
دارلعلوم	dar-ul-alom
دارلعوام	darlawam
دارنہ	darnh
دارو	daroo
داروغہ	darogha
دارومدار	dar-o-madar
داروں	daaron
دارہ	dareh
داری	daari
داریاں	dariyan
دارین	darain
داریوں	darion
داس	daas
داستا	daasta
داستانوں	dastanoon
داستانوی	dastanoy
داستانیں	dastaneen
داستاں	dastan
داشت	daasht
داشتہ	dashta
داعی	daiee
داغ	daagh
داغا	dagha
داغتے	daghte
داغدار	daghdar
داغستان	daghstan
داغنے	daghnay
داغوں	jaisay
دال	daal
دالان	dalaan
دالانوں	dalanon
دالبندین	dalbndin
دالحکومت	dalhkomt
دالہ	dalah
دالیں	dalain
دام	daam
داماد	damaad
داماں	daman
دامن	daman
دامنی	damni
داموں	damon
دان	daan
دانا	dana
داناؤں	daanaon
دانائی	danai
دانت	daant
دانتوں	danoton
دانستہ	danista
دانش	danish
دانشمند	danishmand
دانشمندوں	danshmndon
دانشمندی	danishmandi
دانشور	danishwer
دانشورانہ	danishwarana
دانشوروں	danishwaron
دانشگاہوں	danshgahon
دانوں	daano
دانڈی	dandi
دانہ	dana
دانی	daani
دانیال	danyal
دانے	danay
داود	davd
داڑھی	daarhi
داڑھیاں	darhhyan
داں	daan
داہنی	dahni
داہنے	dahinay
داہی	dahi
دایاں	dayan
دایمی	daymi
دایہ	daya
دب	dab
دبئی	dubai
دبا	daba
دباؤ	dabao
دبائو	dabao
دبائیں	dabayen
دبائیے	dabayie
دباتا	ahmed
دبانا	dabana
دبانے	dabanay
دباو	dabao
دبایا	dabaya
دبدبہ	dabdaba
دبر	dubur
دبستان	dabistan
دبلا	dubla
دبلے	dublay
دبنگ	dabangg
دبنے	dabnay
دبوچ	daboch
دبکے	aur
دبی	dubi
دبیر	dabir
دبیز	dabeez
دبیل	dabeel
دبے	dabey
دت	dt
دتا	an
دتہ	dt_h
دجال	dajjal
دجلہ	dajla
دجیل	djil
دخان	dukhan
دخانی	dukhani
دختر	dukhtar
دختران	dkhtran
دخل	dakhal
دخلی	dakhli
دخول	dukhool
دخیل	dakheel
در	dur
درآمد	daraamad
درآمدات	draamdat
درآمدہ	draamd_h
درآمدی	draamdi
درا	durra
دراج	duraj
دراخواست	drakhwast
دراز	daraaz
دراصل	darasal
درالحکومت	dralhkomt
درامد	dramd
درانتی	daranti
دراندازوں	drandazon
دراندازی	drandazi
درانہ	darana
درانی	durani
دراوڑ	drawar
دراڑ	darar
دراڑوں	daraaron
دراڑیں	darare
درایت	durayat
دربار	darbaar
دربارمیں	drbarmin
درباروں	darbaron
دربارہ	darbarah
درباری	darbari
درباریوں	drbaryon
دربان	darbaan
دربدر	darbadar
دربدری	darbadari
دربند	darband
دربندی	darbandi
درج	darj
درجات	darjaat
درجن	darjan
درجنوں	darjanon
درجوں	darjon
درجہ	darja
درجۂ	darja
درجے	darjay
درحقیقت	dar
درخت	darakht
درختوں	darakhton
درخشانی	darakhshani
درخشاں	darakhshan
درخشندہ	derkhshandah
درخو	durkhu
درخواست	darkhwast
درخواستوں	darkhwaston
درخواستیں	darkhwasten
درخور	darkhur
درد	dard
دردمندی	dardmandi
دردوں	dardon
دردی	dardi
دررہ	drrh
درزن	darzan
درزی	darzi
درس	dars
درست	durust
درستگی	durustagi
درستی	durusti
درسگاہ	darsgah
درسگاہوں	drsgahon
درسگاہیں	drsgahin
درسی	darsi
درش	darsh
درشت	darasht
درشتی	durushti
درشن	darshan
درشہوار	darshehwar
درم	darm
درمان	darmaan
درماندہ	darmandah
درميان	darmain
درمیا	drmya
درمیان	darmain
درمیانہ	darmiyaana
درمیانی	darmiyani
درمیانے	darmiyanay
درمیاں	darmia
درندوں	darindon
درندگی	darindgi
درندہ	darinda
درندے	diranday
درنگ	darang
درهم	darham
درو	dro
دروازوں	darwazon
دروازہ	darwaaza
دروازے	darwazay
دروان	drwan
درود	duroood
دروز	droz
دروزی	darozi
دروغ	darogh
درون	dron
دروں	daroon
درویش	darwaish
درویشانہ	darweshana
درویشی	darwaishi
درپردہ	darparda
درپہ	drp_h
درپیش	darpaish
درپے	darpay
درک	darak
درکار	darkaar
درکنار	drknar
درگ	darg
درگئي	dargai
درگئی	dargai
درگا	dargah
درگاہ	dargaah
درگاہوں	drgahon
درگذر	drgzr
درہ	darra
درہم	darham
دری	darri
دریا	darya
دریاؤں	daryaaon
دریائوں	daryaon
دریائی	daryai
دریائے	dareaye
دریابادی	dryabadi
دریافت	daryaft
دریافتوں	daryafton
دریافتیں	dryaftin
دریاوں	dryaon
دریاں	darian
دریاے	dryae
دریجی	driji
دریغ	daregh
درینہ	deriinaa
دریچوں	derichoon
دریچہ	darecha
دریچے	dareechay
دریک	daraik
دریں	munsalik
درے	daray
دس	das
دساتیر	dsatir
دست	dast
دستار	dastaar
دستانے	dastanay
دستاويزی	dastawizi
دستاویز	dastaweez
دستاویزات	dastawizaat
دستاویزی	dastawizi
دستبرد	dstbrd
دستبردار	dastbrdar
دستبرداری	dast
دستخط	dastakhat
دستخطی	dastakhati
دستر	dustar
دسترخوان	dastarkhawan
دسترس	dustarus
دستط	dstt
دستور	dastoor
دستورساز	dstorsaz
دستوری	dastoori
دستوں	daston
دستک	dastak
دستکار	dastkaar
دستکاروں	dstkaron
دستکاری	dastkaari
دستگیر	dastagir
دستہ	dasta
دستی	dasti
دستیاب	dastyab
دستیابی	dasteyabi
دستیوں	dstyon
دستے	dastay
دسمبر	decemeber
دسواں	daswaan
دسویں	dasvin
دسٹرکٹ	dstrkt
دسی	disse
دسیوں	dsyon
دشت	dasht
دشم	dusham
دشمن	dushman
دشمنان	dshmnan
دشمنوں	dushmanon
دشمنی	dushmani
دشمنیوں	ikhtilafat
دشنام	dushnaam
دشوار	dushwaar
دشواری	dushwari
دشواریاں	dushwariyan
دشواریوں	dshwaryon
دعا	dua
دعاؤں	duaon
دعائی	duae
دعائیں	duayen
دعائیہ	duaiya
دعائے	duaye
دعاوں	duaun
دعاگو	daago
دعو	dav
دعوؤں	davon
دعوائے	lateeni
دعوت	dawat
دعوتی	dawati
دعووں	davon
دعوہ	davh
دعوۃ	davh
دعوی	daawa
دعویدار	dawaydaar
دعویداروں	davidaron
دعوے	daaway
دغا	dagha
دف	daff
دفاتر	dafatir
دفاع	difaa
دفاعی	difai
دفتر	daftar
دفتروں	dftron
دفتری	daftari
دفع	dafaa
دفعات	daf-aat
دفعہ	dafaa
دفعۃ	dafaa
دفن	dafan
دفنا	dafna
دفنائی	dfnayi
دفنائے	dafnaye
دفنادیا	dfnadya
دفنانے	dfnane
دفنایا	dafnaya
دفینوں	dafenoo
دفینہ	dafeena
دق	diq
دقت	diqat
دقتوں	dqton
دقیانوسی	daqyanoosi
دقیق	daqeeq
دقیقہ	dqiqh
دل	dil
دلآزاری	agar
دلا	dila
دلاؤ	dlao
دلاؤں	dilaau
دلائل	dalail
دلائی	dilae
دلائیں	delaina
دلائے	dilay
دلاتا	dilaata
دلاتی	dilaati
دلاتے	dilatey
دلاسہ	dilasah
دلال	dalaal
دلالت	dalalat
دلانا	dilana
دلانے	dilanay
دلاور	dilawer
دلایا	dilaya
دلبرداشتہ	dilbardashtah
دلت	dlt
دلتوں	dlton
دلجمعی	dil-jami
دلجوئی	diljoi
دلجیت	diljeet
دلخراش	dilkharash
دلدادہ	dildada
دلدار	dildar
دلدل	duldul
دلدلی	daldali
دلربا	dilruba
دلعزیز	dil-azaiz
دلفریب	dilfaraib
دلم	dulam
دلنشین	dil-nasheen
دلنشیں	dillnashi
دلنواز	dilnawaz
دلنوازی	dil-nawazi
دلوا	dlwa
دلوائی	dilwai
دلوانا	dilvana
دلوانے	dilwanay
دلوایا	dlwaya
دلوں	dilon
دلپت	dlpt
دلپسند	dilpasand
دلچسب	dlchsb
دلچسپ	dilchasp
دلچسپی	dilchaspi
دلچسپیاں	dlchspyan
دلچسپیوں	dilchaspion
دلچسی	dlchsi
دلک	dilk
دلکش	dilkash
دلکشا	dlksha
دلکشی	dilkashii
دلگیر	dilgeer
دلہا	dulah
دلہن	dulhan
دلہنیا	dlhnya
دلہی	dulhi
دلی	dili
دلیر	dilair
دلیرانہ	dulerana
دلیری	dileri
دلیل	daleel
دلیلوں	dlilon
دلیلیں	daleelen
دلیپ	dilip
دم	dam
دما	dma
دماغ	dimagh
دماغوں	dimaghon
دماغی	dimaghi
دمام	dammam
دمان	daman
دمدار	dumdar
دمساز	damsaz
دمشق	dimashq
دمک	damak
دمکتے	damakate
دمہ	asthma
دمیں	dmin
دمے	dammey
دن	din
دنا	dna
دنبل	dunbal
دنبے	dnbe
دندان	dandan
دندانے	dandanay
دنشا	dnsha
دنوں	dinon
دنيا	duniya
دنيائے	dunyae
دنگ	dang
دنگا	danga
دنگل	danghal
دنگے	dange
دنی	danni
دنیا	duniya
دنیاؤں	dnyaon
دنیائے	dunyae
دنیابھر	dnyabhr
دنیامیں	dnyamin
دنیاوی	dunyawi
دنیاکی	dnyaki
دنیاکے	dnyake
دنیوی	dunewi
دو	do
دوئم	doyam
دوئی	doi
دوا	dawa
دواؤں	dawaon
دوائی	dawai
دوائیوں	dawaiyon
دوائیں	duwaein
دوات	dawaat
دواخانہ	dawakhana
دواخانے	dwakhane
دوار	dawar
دواسازی	dwasazi
دواعشاریہ	dwaasharih
دوام	dwam
دوامی	dawami
دوان	duwaan
دوانہ	dawana
دوانیوں	dwanyon
دواں	dawaan
دوب	doob
دوبئی	dobyi
دوبا	doba
دوبار	dobaar
دوبارہ	dobarah
دوبرس	dobrs
دوبیٹیاں	dobityan
دوت	dout
دوتہائی	dot_hayi
دوتین	dotin
دوحصوں	dohson
دوحصے	dohse
دوحہ	doha
دود	dod
دودرجن	dodrjn
دودمان	dudman
دودو	doddo
دودھ	doodh
دودھیا	doodhiya
دور	daur
دورا	dora
دوران	douran
دورانئے	doranye
دورانیہ	dorania
دورانیے	doraniye
دوراں	dauraa
دوربین	doorbeen
دوربینوں	doobeeno
دورحکومت	dorhkomt
دورخی	dorkhi
دوردراز	dur
دوردرشن	dordrshn
دوررس	aur
دورغ	daroog
دورمیں	dormin
دورن	dorn
دوروں	doroon
دورہ	dora
دورۂ	dora
دوری	doori
دورے	doray
دوز	doze
دوزخ	dozakh
دوزی	dozi
دوس	doos
دوسال	do
دوست	dost
دوستانہ	dostana
دوستدار	dostdar
دوستوں	doston
دوستی	dosti
دوستیاں	dostyan
دوسر	dosar
دوسرا	dosra
دوسروں	dosaron
دوسري	doosri
دوسری	doosri
دوسرے	dosray
دوسے	dose
دوش	dosh
دوشنبہ	doshanba
دوشیزگی	dosheezgi
دوشیزہ	dosheeza
دوطرفہ	dotrfh
دوعالم	doaalm
دوغلی	dogli
دوغلے	doghlay
دوقوموں	doqomon
دولاکھ	dolakh
دولت	doulat
دولتانہ	doltanh
دولتمند	doltmnd
دولہ	daula
دولہا	dulha
دولہے	dulhay
دولے	dole
دوم	doum
دومرتبہ	domrtb_h
دومعنی	domani
دومہینے	domhen_heene
دومیان	domyan
دون	don
دونو	doono
دونون	donon
دونوں	dono
دونگا	doonga
دوٹوک	dotok
دوٹکڑے	dotkrhe
دوپٹہ	dupatta
دوپٹے	dupattay
دوپہر	dopehar
دوچار	dochar
دوچند	dochnd
دوڑ	daud
دوڑا	dora
دوڑائیں	dorhayin
دوڑانا	dorana
دوڑانے	doranay
دوڑایا	dorhaya
دوڑتا	dorta
دوڑتی	daurti
دوڑتے	dorrtay
دوڑنا	dorna
دوڑنے	dornay
دوڑوں	dorhon
دوڑیں	dorhin
دوڑے	doray
دوک	duk
دوکان	dokaan
دوکانوں	dukanon
دوکانیں	dukanen
دوگانے	dogane
دوگنا	dugna
دوگنی	dogni
دوگنے	dogne
دوں	dun
دوہا	doha
دوہرا	dohra
دوہراتا	hai
دوہرانا	dohrana
دوہرانے	dohranay
دوہرایا	dohraya
دوہری	dohri
دوہرے	dohray
دوہزار	do
دوہنا	dohna
دوہڑے	dohrhe
دویویدی	doyoydi
ديئے	diye
ديا	diya
ديتا	deta
ديتی	deti
ديرپا	dairpa
دين	deen
دينا	dena
دينے	dainay
ديکھ	dekh
ديکھئے	dekhye
ديکھا	dekha
ديکھتے	dekhte
ديکھنا	dekhna
ديگر	deegar
ديں	den
دک	dik
دکا	daka
دکان	dukaan
دکاندار	dukandaar
دکانداروں	dukandaron
دکانوں	dukanon
دکانیں	dukanain
دکن	dakkan
دکنی	dikne
دکھ	dukh
دکھا	dikha
دکھاؤ	dikhao
دکھاؤں	dukhao
دکھائی	dikhayi
دکھائیں	deikhein
دکھائے	dukhaay
دکھاتا	dekhata
دکھاتی	dukhati
دکھاتے	dikhata
دکھانا	dikhnana
دکھانی	dikhani
دکھانے	dikhaane
دکھاوے	dikhavay
دکھاچکے	dkhachke
دکھایا	dekhaya
دکھتا	mein
دکھتی	dikhti
دکھتے	dikhtay
دکھلا	moujza
دکھلائے	dikhlaye
دکھلانے	dikhlanay
دکھلایا	dikhlaya
دکھن	dukhan
دکھنی	dukhni
دکھنے	dikhne
دکھوں	dukhoon
دکھی	dukhi
دکھے	dikhe
دکی	dki
دگر	dagar
دگنا	dugna
دگنی	dugni
دھ	dh
دھائی	duhaaii
دھات	dhaat
دھاتوں	dhaton
دھاتی	dhaati
دھاتیں	dhatain
دھار	dhaar
دھارا	dhara
دھارنے	dharne
دھاری	dahari
دھاریاں	daharian
دھاریں	daharen
دھارے	dhaaray
دھام	dhaam
دھاندلی	dhandli
دھاندلیوں	dhandlyon
دھانی	dhani
دھانے	dahane
دھاوا	dhawa
دھاڑ	dhaar
دھاک	dhak
دھاگا	dhaga
دھاگوں	dhagon
دھاگہ	dhaga
دھاگے	dhaagay
دھبوں	dhabbon
دھبہ	dhabba
دھبے	dhabbay
دھتورے	dhatoray
دھج	dhaj
دھجیاں	dhajiyan
دھر	dhar
دھرا	dhara
دھرتا	dhrta
دھرتی	dharti
دھرم	dharam
دھرمی	dharmi
دھرمیندر	dharmindar
دھرنا	dharna
دھرنے	dharnay
دھری	dhari
دھرے	dharay
دھشت	dhsht
دھل	dhul
دھلائی	dhulai
دھلی	dhli
دھما	dhama
دھمال	dhamaal
دھماکا	dhamaka
دھماکوں	dhmakon
دھماکہ	dhamaka
دھماکے	dhamakay
دھمتری	dhmtri
دھمک	dhamak
دھمکا	dhamka
دھمکاتا	dhmkata
دھمکانا	dhamkana
دھمکانے	dhmkane
دھمکایا	dhamkaya
دھمکی	dhamki
دھمکیاں	dhamkiyan
دھمکیوں	dhamkion
دھن	dhun
دھناسری	dhnasri
دھند	dhund
دھندلا	dhundlaa
دھندلکوں	dhundlakon
دھندلکے	dhundlakay
دھندلی	dhundli
دھندلے	dhundley
دھندہ	dhanda
دھنس	dhuns
دھنستا	dhnsta
دھنسنا	dhansnaa
دھنسے	dhnse
دھنوں	dhnon
دھنک	dhanak
دھنی	dhuni
دھنیں	dhnin
دھو	dho
دھوئیں	dhowen
دھوئے	dhuain
دھواں	dhuwan
دھوبی	dhobi
دھوتی	dhoti
دھوتے	dhotay
دھوراجی	dhoraji
دھول	dhool
دھوم	dhoom
دھونا	dhona
دھونس	dhons
دھونی	dhoni
دھونے	dhoney
دھوپ	dhoop
دھوک	dhok
دھوکا	dhoka
دھوکوں	dhokoon
دھوکہ	dhoka
دھوکے	dhokay
دھویا	dhoya
دھویں	dhuwen
دھچکا	dhachka
دھچکہ	dhchk_h
دھچکے	dhchke
دھڑ	dhar
دھڑا	dhara
دھڑنگ	dharank
دھڑوں	dhrhon
دھڑک	dharak
دھڑکا	dhadka
دھڑکتا	dhadakataa
دھڑکتے	dharaktey
دھڑکن	dharkan
دھڑکنا	dharakna
دھڑکنیں	dharkanain
دھڑے	dhrhe
دھکا	dhaka
دھکڑ	dhkrh
دھکیل	dhakel
دھکیلا	dhkila
دھکیلتی	taraf
دھکیلتے	dhkilte
دھکے	dhakkay
دھیان	dheyaan
دھیرے	dheeray
دھیما	dheema
دھیمی	dheemi
دھیمے	dheemay
دھینگا	dhinga
دہ	da
دہائيوں	dahaiyo
دہائی	dahai
دہائیاں	duhaiyan
دہائیوں	dahaiyo
دہانہ	dahana
دہانی	dehani
دہانیوں	stadium
دہانے	dhanay
دہاڑے	d_harhe
دہایوں	d_hayon
دہر	sunan
دہرا	dohra
دہراؤ	duhrao
دہرائی	duhrai
دہرائیں	dohrayen
دہرائیے	dohrahye
دہرائے	duhraey
دہراتا	dohrataa
دہراتے	dohraatay
دہرانا	duhrana
دہرانے	dohranay
دہرایا	d_hraya
دہرایہ	dohraya
دہرہ	d_hrh
دہری	dohri
دہریت	dah'reeyyat
دہریہ	dahria
دہرے	dohray
دہشت	dehshat
دہشتگرد	dehshatgard
دہشتگردانہ	d_hshtgrdanh
دہشتگردوں	dehshatgardon
دہشتگردی	dehsatgardi
دہشگردی	ga
دہقان	dehqaan
دہل	dehal
دہلا	dhula
دہلو	d_hlo
دہلوی	dehalvi
دہلی	dehli
دہلیز	dehleez
دہم	daham
دہن	dahan
دہندگان	dahindgaan
دہندگی	d_hndgi
دہندہ	dahinda
دہنی	d_hni
دہکائے	dehkaaye
دہی	dahi
دہے	d_he
دی	di
دیئر	there
دیئن	khanh
دیئے	diye
دیا	diya
دیائی	diyai
دیااور	dyaavr
دیاتھا	dyatha
دیاجاتا	dyajata
دیاجس	dyajs
دیار	deyaar
دیاـ	kar
دیال	diyal
دیانت	dayanat
دیانتدار	dianatdar
دیانتداری	dayanatdari
دیانتی	deyanti
دیاکہ	dyak_h
دیاگیا	dyagya
دیاگیاہے	dyagyahe
دیاں	deyan
دیاہے	dyahe
دیب	dib
دیبا	deeba
دیباج	dibej
دیباچہ	deebacha
دیباچے	debachay
دیبل	dibl
دیت	dit
دیتا	deta
دیتاہے	ditahe
دیتی	deti
دیتیں	detin
دیتے	dete
دیجئیے	dijay
دیجئے	dijiye
دیجیئے	dijiye
دیجیے	degiye
دید	deed
دیدار	deedar
دیدنی	deedni
دیدو	daido
دیدہ	deedaa
دیدی	daydi
دیدیا	didya
دیدے	daiday
دیر	der
دیراور	diravr
دیرتک	dirtk
دیرو	diro
دیرپا	dairpa
دیرینہ	darina
دیز	these
دیس	dais
دیسی	desi
دیش	bangladesh
دیشم	dishm
دیشی	aur
دیلی	dili
دیماپور	dimapor
دیمن	daiman
دیمک	deemak
دین	deen
دینا	dena
دینار	dinar
دیندار	deendar
دینداری	deendari
دینوں	deeno
دینگے	deingay
دینہ	dinh
دینی	dainee
دینیات	diniyaat
دینیہ	dinih
دینے	dainay
دینےکی	hasnain
دیو	dio
دیوؤں	dewoon
دیوا	deevaa
دیوار	deewar
دیواروں	dewaron
دیواری	deewari
دیواریں	diivaaren
دیوالی	diwali
دیوالیہ	dewalia
دیوان	dewan
دیوانا	dewaana
دیوانوں	deewano
دیوانگی	deewangi
دیوانہ	deewana
دیوانی	dewaani
دیوانے	deewany
دیوبند	deoband
دیوبندی	dyobndi
دیوتا	daiwata
دیوتاؤں	devtaon
دیوجی	dyoji
دیودار	dewdaar
دیوداس	devdas
دیوس	deus
دیوسائی	dyosayi
دیول	deol
دیومالائی	deomalai
دیون	daiwan
دیوناگری	dyonagri
دیوگن	dyogn
دیوہیکل	deo-haikal
دیوی	devi
دیویا	daivia
دیویوں	deviyon
دیپ	deep
دیپالپور	dipalpor
دیپک	deepak
دیک	dik
دیکا	deka
دیکر	kar
دیکشت	diksht
دیکھ	dekh
دیکھئیے	dakhiye
دیکھئے	dekhye
دیکھا	dekha
دیکھائی	deekhaee
دیکھائے	dikhaye
دیکھاجائے	dikhajaye
دیکھانے	dikhane
دیکھاہے	dikhahe
دیکھایا	dikhaya
دیکھتا	daikhta
دیکھتی	dekhatii
دیکھتے	dekhte
دیکھتےہی	nahi
دیکھنا	dekhna
دیکھنی	dekhni
دیکھنے	dekhnay
دیکھو	dekho
دیکھوں	daikhon
دیکھی	dekhi
دیکھیئے	dekhiye
دیکھیں	dekhen
دیکھیے	dekhieye
دیکھیےذکر	dekhieye
دیکھے	dekhe
دیگا	dega
دیگر	deegar
دیگری	digri
دیگرے	deegray
دیں	den
دیہات	dehaat
دیہاتوں	dihaton
دیہاتی	dehati
دیہاڑی	diharhi
دیہي	dehi
دیہی	dehi
دیے	diye
دے	day
ذ	z
ذائد	zaid
ذائقوں	zaiqoon
ذائقہ	zayega
ذائقے	zaiqay
ذات	zaat
ذاتوں	zaaton
ذاتی	zaati
ذاتیات	zatyat
ذاتیں	zatin
ذال	zaal
ذاویوں	zavyon
ذاکر	zakr
ذاکری	zakri
ذبح	zibah
ذبیحہ	zbih_h
ذخائر	zakhair
ذخائرکے	zkhayrke
ذخار	zakhar
ذخمی	zakhme
ذخيرے	zakheeray
ذخیروں	zkhiron
ذخیرہ	zakheera
ذخیرۂ	zakheera
ذخیرے	zakheeray
ذدہ	zada
ذر	zar
ذرا	zara
ذرائع	zaraye
ذرات	zarraat
ذرخیز	zarkhez
ذرخیزی	zarkhezi
ذرمبادلہ	liye
ذروں	zarron
ذريعے	zariye
ذرہ	zarra
ذری	zri
ذریت	zaryat
ذریعوں	zriaon
ذریعہ	zareya
ذریعۂ	zareya
ذریعے	zariye
ذریعےبھی	bhi
ذریں	zrin
ذریہ	zaraya
ذرے	zarray
ذكر	zikr
ذلت	zillat
ذلیل	zaleel
ذم	zm
ذمار	zamar
ذمہ	zimma
ذمی	zammi
ذمے	zimmay
ذو	zo
ذوالجناح	zwaljnah
ذوالحلیفہ	zul-halefa
ذوالفقار	zulfiqar
ذوالفقارعلی	zwalfqarali
ذوالقرنین	zwalqrnin
ذوالنورین	zulnoorain
ذوالکفل	zulkaffal
ذوق	zouq
ذوقی	zoqi
ذولفقار	zolfqar
ذي	zee
ذيادہ	ziada
ذيشان	zeeshan
ذيل	zail
ذکا	zka
ذکاوت	zakawat
ذکر	zikar
ذکرکرتے	zkrkrte
ذکری	zkri
ذکریا	zkrya
ذکی	zaki
ذکیہ	zakia
ذھن	zehan
ذھین	zaheen
ذہانت	zahanat
ذہن	zehan
ذہنوں	zehnon
ذہنی	zehni
ذہنیت	zehniat
ذہیب	zaheeb
ذہین	zaheen
ذی	zee
ذیابطیس	diabeties
ذیابیطس	diabities
ذیادہ	ziada
ذیشان	zeeshan
ذیقعد	ziqad
ذیل	zail
ذیلی	zeli
ر	ray
رؤف	rof
رؤں	roun
رئیر	ryir
رئیس	raees
رئیسانی	ryisani
رئیسوں	raeesaon
رئے	rye
را	ra
راؤ	rau
راؤل	raoul
راؤنڈ	round
راؤنڈر	rounder
رائج	raaij
رائز	rise
رائس	rice
رائفل	rifle
رائفلز	rayflz
رائفلیں	bore
رائل	rayl
رائلٹی	raylti
رائن	rayn
رائٹ	right
رائٹر	writer
رائٹرز	writers
رائٹرزگلڈ	raytrzgld
رائٹس	rights
رائٹنگ	writing
رائڈ	ride
رائڈنگ	raydng
رائی	rai
رائیس	rayis
رائیٹر	rayitr
رائیڈرز	riders
رائیگاں	raaygan
رائیں	rayein
رائے	raye
رابرٹ	robert
رابرٹس	roberts
رابط	rabit
رابطوں	rabton
رابطہ	rabita
رابطۂ	rabita
رابطے	raabtey
رابعہ	rabia
رابغ	rabigh
رابن	robin
رابنسن	rabnsn
رات	raat
راتب	ratib
راتوں	raton
راتیں	raatain
راج	raaj
راجا	raja
راجاؤں	rajaon
راجدھانی	rajdhani
راجر	roger
راجرز	rajrz
راجستھان	rajsthan
راجستھانی	rajsthani
راجشاہی	rajshahi
راجعون	rajiun
راجعۂ	rajia
راجن	rajn
راجندر	rajndr
راجو	raju
راجپوت	rajpot
راجپوتانہ	rajpotanh
راجپوتوں	rajpoton
راجکوٹ	rajkot
راجھستان	rajasthan
راجہ	raja
راجیش	rajesh
راجیو	rajyo
راجیہ	rajia
راجے	raje
راحت	raahat
راحیل	raheel
راحیلہ	raheela
راد	rad
رادھا	radha
راز	raaz
رازدار	raazdaar
رازداری	raazdari
رازق	razaq
رازوں	razon
رازی	razy
راس	raas
راست	raast
راستوں	raastoon
راستہ	rasta
راستی	raasti
راستے	rastay
راسخ	rasikh
راشد	rashid
راشدہ	rashida
راشدی	rashdi
راشدین	rashdin
راشن	ration
راشننگ	rashnng
راشٹر	rashtr
راشی	rashee
راضي	raazi
راضی	raazi
راعیل	raeel
راغب	raghib
رافضہ	rafiza
رافع	rifie
رافیل	rafael
راقب	raqib
رالف	ralf
رام	raam
راما	rama
رامائن	ramayn
رامن	ramen
رامون	ramon
رامپور	rampor
رامہ	ramh
رامے	rame
ران	raan
رانا	rana
رانجھا	raanjha
رانجی	ranji
راندہ	raandah
راندۂ	raandah
رانوں	ranon
رانچ	ranch
رانچی	ranchi
رانڈ	raand
رانگ	raang
رانی	rani
رانیاں	ranaiyaan
رانے	rane
راوالپنڈی	rawalpndi
راول	aik
راولپنڈی	rawalpindi
راون	ravand
راونڈ	ravnd
راوی	ravi
راپنی	rapni
راڈ	knkt
راڈار	radar
راک	raak
راکشس	rakshas
راکٹ	rocket
راکٹوں	rakton
راکھ	raakh
راکھی	rakkhi
راکی	raakee
راکیش	rakesh
راگ	raag
راگنی	ragni
راگوں	ragon
راں	raan
راہ	raah
راہب	rahib
راہبر	rahabar
راہبوں	rahibon
راہبہ	rahibah
راہداری	raahdaari
راہداریوں	rahdaryon
راہدری	rahdri
راہل	rahl
راہنما	rahnma
راہنماؤں	rahnumaon
راہنمائی	rahnmayi
راہوری	rahori
راہول	rahul
راہوں	raahon
راہگیروں	rahgiron
راہی	raahi
راہیں	rahein
رایا	raya
رایل	rayl
راے	raye
رب	rab
ربا	rubaa
ربائی	rubai
رباب	rubab
رباح	rabah
رباط	rabat
رباعی	rubie
رباعیات	rbaayat
رباعیوں	rbaayon
ربانی	rabbani
ربر	rabar
ربط	rabt
ربع	raba
ربن	ribbun
ربو	rabo
ربوبیت	rbobit
ربوہ	rabwah
ربيعہ	rabia
ربڑ	rubber
ربی	rabbi
ربیع	rabiey
ربیعہ	rabia
رت	ruut
رتبہ	rutba
رتبے	rutbey
رتن	ratan
رتنا	rtna
رتنم	runtum
رتنوں	rtnon
رتو	rto
رتوائی	rutawai
رتھ	rath
رتی	rati
رتیں	ruttain
رجائیت	rjayit
رجال	rajal
رجایت	rjayt
رجب	rajab
رجحان	rujhan
رجحانات	rujhanaat
رجحانی	rujhani
رجز	rajaz
رجس	rjs
رجسٹر	register
رجسٹرار	registrar
رجسٹرڈ	registered
رجسٹریشن	registration
رجعت	rajat
رجم	rajam
رجمنٹ	regiment
رجمنٹوں	rjmnton
رجواڑوں	rjwarhon
رجوع	rujoo
رجہان	rj_han
رحجان	rujhaan
رحجانات	ruhjanaat
رحلت	rehlat
رحم	reham
رحمان	rehman
رحمانوف	rhmanof
رحمانہ	rehmanah
رحمانی	rahmani
رحمت	rehmat
رحمتوں	rehmaton
رحمتہ	rehmat
رحمدل	rhmdl
رحمدلی	rhmdli
رحمن	rehman
رحمہ	rehma
رحمۃ	rehma
رحمی	rehmi
رحيم	raheem
رحیق	rahiq
رحیم	raheem
رخ	rukh
رخت	rakhat
رخسار	rukhsaar
رخساروں	rukhsaaro
رخسانہ	rkhsanh
رخش	rakhsh
رخشندہ	rakhshanda
رخصت	rukhsat
رخصتی	rukhsati
رخنہ	rakhna
رخنے	rkhne
رخوں	rukhon
رخی	rukhi
رخیت	rukhiyat
رد	radd
ردا	rida
ردائے	ridaye
رداع	radaa
ردعمل	rad-e-amal
ردو	rdo
ردوبدل	raddobaddal
ردوں	rdon
ردگرد	rdgrd
ردی	raddi
ردیف	radeef
رزاق	razzaq
رزرو	rzro
رزق	rizaq
رزلٹ	result
رزم	razm
رزمک	razmak
رزمیہ	razmia
رس	ras
رسا	rasa
رساؤ	rasao
رسائل	rasail
رسائی	rasai
رسال	risal
رسالت	risalat
رسالوں	rsalon
رسالپور	risalpoor
رسالہ	risala
رسالۂ	risala
رسالۃ	risala
رسالے	risalay
رسانی	rasani
رساں	rasan
رست	rast
رستم	rustam
رستوں	rustoon
رستگاری	rstgari
رستہ	rasta
رستے	raste
رسد	rasad
رسل	rasal
رسلان	ruslaan
رسم	rasam
رسموں	rusmoon
رسمی	rasmi
رسمیں	rasmen
رسنے	rasnay
رسوا	ruswa
رسوائی	ruswai
رسوب	rasoob
رسوخ	rasookh
رسول	rasool
رسولی	rasoli
رسوم	rasoom
رسومات	rasomaat
رسک	rissk
رسکن	ruskin
رسہ	rassa
رسی	rassi
رسیا	rsya
رسیاں	rasiyaan
رسید	raseed
رسیدوں	rsidon
رسیدہ	raseedah
رسیدیں	rsidin
رسیلا	raseela
رسیلے	rasile
رسیوں	rassiyon
رسے	rassay
رش	rush
رشت	rsht
رشتوں	rishton
رشتہ	rishta
رشتۂ	rishta
رشتے	rishte
رشد	rashd
رشدی	rushdi
رشوت	rishwat
رشک	rashk
رشی	rashi
رشید	rasheed
رشیدہ	rashida
رشیدی	rshidi
رشیدیہ	rshidih
رشیق	rashiq
رشین	russians
رصد	rasad
رصدگاہ	rsdgah
رضا	raza
رضائے	razaye
رضاشاہ	rzashah
رضاعت	razaat
رضامند	razamand
رضامندگی	rzamndgi
رضامندی	razamandi
رضاکار	razakaar
رضاکارانہ	raza
رضاکاروں	raza
رضوان	rizwan
رضوی	rizvi
رضویہ	rizviya
رضي	razi
رضی	razi
رضیہ	razia
رطوبت	ratobat
رعایا	reaya
رعایات	raayat
رعایت	riayat
رعایتی	kuch
رعایتیں	raaytin
رعب	roab
رعد	raad
رعشے	rashe
رعنا	rana
رعنائی	ranayi
رعونت	ravnt
رعیت	ke
رغبت	raghbat
رغبتی	raghbati
رف	raf
رفاعی	rfaay
رفاقت	rafaqat
رفاہ	rifah
رفاہی	rafahi
رفت	raft
رفتار	raftaar
رفتاری	raftari
رفتگان	raftagaan
رفتگی	raftagi
رفتہ	rafta
رفسنجانی	rfsnjani
رفع	rafa
رفعت	riffat
رفقا	rfqa
رفو	raphoe
رفیع	rafi
رفیف	rafif
رفیق	rafeeq
رفیقہ	rafiqa
رفیقۂ	rafiqa
رقابت	raqabat
رقاص	raqqas
رقاصوں	rqason
رقاصہ	raqasa
رقبہ	raqba
رقبے	raqbay
رقت	raqt
رقص	raqs
رقصاں	raqsaan
رقصوں	rqson
رقعہ	ruqaa
رقم	raqam
رقمی	raqmi
رقمیں	rqmin
رقوم	raqum
رقومات	rqomat
رقیب	raqeeb
رقیق	raqeeq
رقیم	raqim
رقیہ	ruqqia
ركن	rukn
رلیز	rliz
رم	rim
رمادی	rmadi
رمدے	ramday
رمز	ramz
رمزی	ramzi
رمزیہ	ramziya
رمضان	ramadaan
رمق	ramaq
رمل	ramil
رملہ	rimla
رمن	raman
رموز	ramooz
رمی	rami
رمیز	rameez
رمیش	rmish
رمیں	rmin
رن	run
رنبیر	ranbir
رنتھمبور	ranthambore
رنتیسی	rntisi
رنج	ranj
رنجش	ranjish
رنجشیں	ranjishen
رنجن	rnjn
رنجیت	rnjit
رنجیدگی	ranjeedgee
رنجیدہ	ranjida
رند	rind
رندان	rindan
رندوں	rindon
رنر	runner
رنرز	rnrz
رنز	runs
رننگ	running
رنویر	rnoyr
رنڈی	randi
رنگ	rang
رنگا	ranga
رنگت	rangat
رنگداری	ko
رنگروٹ	rangroot
رنگز	rings
رنگنا	rangna
رنگنے	rangne
رنگولی	rangoli
رنگوں	rangon
رنگٹ	rngt
رنگی	rangi
رنگیلا	rangeela
رنگین	rangeen
رنگینی	rangeeni
رنگینیوں	ranginyon
رنگیں	rngin
رنگے	rangay
رنی	rni
رهبر	rhbr
رو	ro
روئداد	roydad
روئل	royl
روئن	ruin
روئی	roi
روئیداد	roidaad
روئیے	royie
روئے	roye
روا	rava
روائت	rwayt
روائتی	riwaiti
روائی	rawai
روائیتی	ke
روائے	rawaye
روابط	rawabit
رواج	rivaaj
رواجوں	riwajon
روادار	rawadaar
رواداری	rawadari
رواق	rwaq
روالپنڈی	rwalpndi
روان	rawan
روانڈا	rwanda
روانگی	rawaangi
روانہ	rawana
روانی	ravani
روايات	takhleeqi
روايتی	riwayati
رواں	rawan
روای	rway
روایات	riwayaat
روایت	rivayet
روایتوں	rwayton
روایتی	riwayati
روایتیں	rivaytain
روایہ	rwayh
روبرو	rubaroo
روبن	roeben
روبوٹ	robot
روبوٹک	aik
روبوٹکس	robotics
روبي	ruby
روبہ	rob_h
روبی	ruby
روبینہ	rubina
روبے	rupay
روت	ravt
روتا	rota
روتھ	roth
روتی	roti
روتے	rotay
روجر	rojar
روجرز	rojrz
روجھان	rojhan
روح	rooh
روحان	rohan
روحانی	rohani
روحانیات	rohanyat
روحانیت	rohaniyat
روحوں	roohon
روحی	rohi
روحیت	rohit
روحیل	roheel
روحیں	roohein
رود	rod
روداد	rudaad
رودادیں	rodadin
رودار	roodar
رودبار	rodbar
رور	ror
رورل	rurel
روز	roz
روزآنہ	rozaanh
روزا	rosa
روزاس	rouses
روزانہ	rozana
روزاول	rozavl
روزقیامت	roz-e-qayamat
روزمرہ	roz
روزنامچہ	roznamcha
روزنامچے	roznamche
روزنامہ	roznama
روزنامے	rozname
روزوں	rozon
روزویلٹ	rozoylt
روزگار	rozgaar
روزگاری	rozgari
روزہ	roza
روزی	rozi
روزینہ	rozeenah
روزے	rozay
روس	roos
روسو	ruso
روسی	roosi
روسیوں	rosyon
روسیٹا	rosita
روسے	ro
روش	rawish
روشن	roshan
روشنائی	roshnaye
روشناس	roshnaas
روشناش	roshnash
روشنی	roshni
روشنیاں	roshniyan
روشنیوں	roshiniyon
روشی	roshi
روضہ	roza
روضۂ	roza
روضۃ	roza
روضے	roze
روغن	roghan
روغنی	roghni
روغہ	rogha
رول	rule
رولا	raula
رولز	rolz
رولس	rolls
روم	room
روما	roma
رومال	romal
رومان	roman
رومانس	romans
رومانوی	romanvi
رومانٹک	romantic
رومانی	romani
رومانیت	romanit
رومانیہ	rumania
رومن	roman
رومنوں	romnon
رومو	romo
رومی	roomi
رومیو	romyo
رومیوں	romeon
رون	royn
رونا	rona
رونالڈ	ronald
روند	roond
رونق	ronaqe
رونقیں	ronaqai
رونلڈ	ronald
رونما	runuma
رونمائی	ronmayi
رونن	ronn
رونے	ronay
روور	rvor
روٹ	rote
روٹری	rotri
روٹوں	roton
روٹی	rootti
روٹیاں	rotian
روٹین	rotin
روپ	roop
روپئے	rupiye
روپرٹ	roprt
روپورٹ	roport
روپوش	roposh
روپوشی	roposhi
روپوں	rupoo
روپڑ	roprh
روپیوں	rupiyon
روپیہ	rupiya
روپیے	rupiye
روپے	rupay
روڈ	road
روڈریگیز	rodrigiz
روڈز	roads
روڈس	rods
روڈلف	rodlf
روڑ	rorh
روڑا	rora
روڑے	roray
روک	rokkk
روکا	roka
روکتا	rokta
روکتاہے	roktahe
روکتی	rokti
روکتے	roktay
روکنا	rokna
روکنے	roknay
روکو	roko
روکی	roki
روکیں	rokain
روکے	rokay
روگ	rog
روگردانی	rogrdani
روگی	rogii
روں	rooun
روہتاس	rohtas
روہتگی	rohtgi
روہڑی	rohrhi
روہی	rohi
روہیل	rohil
روہیلہ	rohilh
روی	rawi
رویئے	royye
رویا	roya
رویت	rwait
رویل	ruwail
رویوں	rawaiyon
رویں	roen
رویہ	rawayya
رویے	ravayye
رياست	riyasat
رياستوں	reyaston
رياضی	rayazi
ريزرو	rizro
ريليز	release
رينک	rank
ريکارڈ	record
ريکٹر	riktr
ريگستان	registaan
رٹ	ratt
رٹز	rtz
رپ	rp
رپبلکن	rpblkn
رپر	rpr
رپرٹ	rupert
رپور	rpor
رپورٹ	report
رپورٹر	reporter
رپورٹرز	rportrz
رپورٹروں	rportron
رپورٹس	reports
رپورٹنگ	rportng
رپورٹوں	reporton
رپورٹيں	rportin
رپورٹیں	x-ray
رپوش	ruposh
رپوٹ	rpot
رپوٹر	rpotr
رپوٹوں	rpoton
رچ	rich
رچا	racha
رچاؤ	rchao
رچایا	rachaya
رچرڈ	richard
رچرڈسن	rchrdsn
رچمنڈ	richmond
رچی	rachi
رڈ	rid
رڈلے	rdle
رک	ruk
رکا	ruka
رکاب	rakaab
رکابی	rakabi
رکارڈو	rkardo
رکاوٹ	rukawat
رکاوٹوں	ruukawaton
رکاوٹیں	rakawaten
رکتا	rukta
رکتی	rukti
رکتیں	rukteen
رکشہ	rickshaw
رکعت	rak-at
رکعتوں	rakaato
رکعتیں	rkatin
رکن	rukan
رکنا	rukna
رکنوں	ruknon
رکنی	rukni
رکنیت	rukniat
رکنے	bar
رکهيں	rk_hin
رکوا	rukwa
رکوانے	rkwane
رکوع	ruku
رکھ	rakh
رکھئیے	rkhyie
رکھئے	rkhye
رکھا	rakha
رکھاؤ	rakhao
رکھاہوا	rkhahwa
رکھتا	rakhta
رکھتاہے	rkhtahe
رکھتی	rakhti
رکھتیں	rakhtin
رکھتے	rakhtay
رکھنا	rakhna
رکھنی	rakhni
رکھنے	rakhnay
رکھو	rakho
رکھوائی	rkhwayi
رکھوالوں	rkhwalon
رکھوالی	rakhwali
رکھوالے	rakhawalay
رکھوایا	rkhwaya
رکھوں	rakhon
رکھيا	rakhia
رکھی	rakhi
رکھیئے	rkhiye
رکھیل	rkhil
رکھیو	rakiyo
رکھیں	rakhen
رکھیے	rakhiye
رکھے	rakhay
رکی	jaisay
رکیک	rakeek
رکے	ruke
رگ	rigg
رگبی	rgbi
رگن	ragan
رگوں	ragon
رگڑ	ragar
رگڑا	ragra
رگڑنا	ragarna
رگڑنے	ragadnay
رگیں	ragein
رھ	rh
رھا	raha
رھتا	rehta
رھتی	reheti
رھتے	rehtay
رھی	rhi
رھے	rahay
رہ	reh
رہا	raha
رہائش	rahaish
رہائشگاہ	rhayshgah
رہائشی	rehaishi
رہائشیوں	rahaishion
رہائی	rihayi
رہائیشی	rhayishi
رہاتھا	rhatha
رہاہے	raha
رہبان	rahbaan
رہبانیت	rahbaniyat
رہبر	rehbar
رہبری	rahbari
رہتا	rehta
رہتاہے	rhtahe
رہتی	rehti
رہتیں	rhtin
رہتے	rehtay
رہزن	ke
رہمنا	rhmna
رہن	rehan
رہنا	rehna
رہنما	rehnuma
رہنماؤں	rehnumao
رہنمائوں	rhnmayon
رہنمائی	rahnumai
رہنماوں	rhnmaon
رہنی	rehni
رہنے	rehne
رہو	raho
رہوڈز	rhodz
رہوگے	rahoge
رہوں	rahon
رہيں	rahen
رہگزر	rehguzar
رہی	rahi
رہیئے	rhiye
رہینگے	rahenge
رہیو	rahio
رہیگا	rahega
رہیں	rahen
رہیے	rahiye
رہے	rahay
رہےاور	rahay
رہےتھے	dekhte
ری	ree
ریئل	real
ریا	riya
ریاح	reah
ریاحی	reahi
ریاست	riyasat
ریاستوں	reyaston
ریاستيں	reastain
ریاستہائے	ryast_haye
ریاستی	reyasti
ریاستیں	reastain
ریاسی	ryasi
ریاض	riaz
ریاضت	riyazat
ریاضتوں	riazatoon
ریاضتیں	rayazaten
ریاضی	rayazi
ریاضیات	reyaziat
ریال	riyal
ریان	riyan
ریبع	riba
ریبیز	ribiz
ریت	rait
ریتا	rita
ریتیلے	ritile
ریج	rage
ریجن	regain
ریجنسی	rijnsi
ریجنل	regional
ریجنٹ	reagents
ریحان	rehan
ریحانہ	rehana
ریخ	rekh
ریخت	reekht
ریختہ	reekhtah
ریز	raiz
ریزرو	rizro
ریزروائر	rizrwayr
ریزرویشن	rizroyshn
ریزولوشن	resolution
ریزگاری	raizgari
ریزہ	rezah
ریزی	raizi
ریزیڈنسی	rizidnsi
ریزیڈنٹ	rizidnt
ریس	race
ریستوران	ristoran
ریستورانوں	restorano
ریستوراں	ristoran
ریسر	racer
ریسرچ	reserch
ریسنگ	ke
ریسورس	risors
ریسٹ	rest
ریسٹورنٹ	restaurants
ریسپانس	rispans
ریسکیو	riskyo
ریسی	risi
ریش	resh
ریشم	resham
ریشماں	rishman
ریشمی	reshmi
ریشوں	reshon
ریشہ	resha
ریشے	raishay
ریشےدار	raishay
ریف	rif
ریفائنری	rifaynri
ریفائنریوں	refinerion
ریفارم	rifarm
ریفرنس	refrences
ریفرنڈم	rifrndm
ریفری	refree
ریفرینس	refernce
ریفرینڈم	rifrindm
ریفریوں	refrion
ریفلز	riflz
ریل	rail
ریلا	reyla
ریلائنس	reliance
ریلوئے	railway
ریلویز	riloyz
ریلوے	railway
ریلی	really
ریلیاں	reliyan
ریلیز	release
ریلیشن	releshan
ریلیف	relief
ریلے	railay
ریم	reem
ریما	rima
ریمبو	rimbo
ریمز	rimz
ریموٹ	remote
ریمپ	ramp
ریمیمبرنس	rememberance
رین	rain
رینا	reena
رینالڈ	rinald
رینالہ	rinalh
رینبو	rainbow
رینج	range
رینجر	ranger
رینجرز	rangers
رینو	rino
رینٹ	rent
رینچ	rainch
رینڈل	rindl
رینڈولف	rindolf
رینگ	ring
رینگنا	reengnaa
رینگنے	reengnay
ریو	ryo
ریوائول	revival
ریور	raiwar
ریوس	ryos
ریومرز	rumors
ریونین	ryonin
ریونیو	revenue
ریوڑ	raywar
ریوڑی	reodi
ریوڑیاں	ryorhyan
ریویرا	riviera
ریٹ	rate
ریٹا	rita
ریٹائر	retire
ریٹائرمنٹ	retirement
ریٹائرڈ	retired
ریٹرن	return
ریٹس	rats
ریٹنگ	aqwami
ریٹیل	retail
ریپ	wraps
ریپبلک	ripblk
ریپبلکن	ripblkn
ریپبلیکن	ripblikn
ریپر	rapper
ریپوٹیشن	reputation
ریپڈ	ripd
ریچل	rachel
ریچھ	reechh
ریڈ	red
ریڈار	redar
ریڈانڈین	ridandin
ریڈر	reader
ریڈرز	ridrz
ریڈمنڈ	ridmnd
ریڈمپشن	redemption
ریڈن	ridn
ریڈنگ	reading
ریڈنگز	ridngz
ریڈکراس	ridkras
ریڈکلف	ridklf
ریڈی	ready
ریڈیائی	rediyai
ریڈیم	ridim
ریڈیو	radio
ریڈیوپاکستان	ridyopakstan
ریڈیوپر	ridyopr
ریڈیکل	redicle
ریڑھ	reerh
ریڑھی	riedi
ریک	rack
ریکا	rika
ریکارڈ	record
ریکارڈر	rikardr
ریکارڈز	records
ریکارڈنگ	rerecording
ریکارڈو	rikardo
ریکارڈوں	rikardon
ریکمنڈڈ	rikmndd
ریکو	riko
ریکون	reckon
ریکویسٹ	request
ریکٹ	rikt
ریکٹر	riktr
ریکھا	raikha
ریکی	riki
ریگ	raig
ریگزار	regzaar
ریگستان	registaan
ریگستانوں	reghistanoon
ریگستانی	registani
ریگن	rign
ریگولیشن	regulation
ریگی	raaige
ریہرسل	rihrsl
رے	ray
ز	zay
زئی	zai
زا	za
زائد	zayed
زائدہ	zaeda
زائر	zair
زائرین	zaireen
زائل	zael
زائن	zaen
زائچہ	zaicha
زائے	zaye
زابل	zabl
زات	zaat
زاتی	zaati
زاد	zaad
زادراہ	zaadrah
زادوں	zadon
زادگان	zadgan
زادہ	zaadah
زادی	zadi
زادے	zade
زار	zaar
زارا	zara
زارو	zaro
زاروقطار	zaroqtar
زاروں	zaroon
زاری	zaari
زارینہ	zaarina
زاغ	zaag
زال	zaal
زانی	zaani
زاویوں	zawiyon
زاویہ	zavia
زاویۂ	zavia
زاویے	zawiye
زاکر	zakar
زاہد	zahid
زاہدان	zahdan
زاہدانہ	zahidana
زاہدوں	zahidon
زاہدہ	zahida
زاہدی	zahdi
زاہی	zahi
زاید	zayd
زبا	ziba
زبان	zabaan
زبانوں	zabanon
زبانی	zabani
زبانیں	zubanain
زباں	zuba
زبدہ	zubda
زبر	zabar
زبرجد	zabarjad
زبردست	zabardast
زبردستی	zabardasti
زبور	zaboor
زبوں	zaboon
زبیدہ	zubaida
زبیدی	zubaidi
زبیر	zubair
زبیری	zubairi
زت	zt
زجاج	zajaj
زجر	zajr
زحل	zuhal
زحمت	zahmat
زخم	zakham
زخموں	zakhamo
زخمی	zakhmi
زخمیوں	zakhmion
زد	zad
زدعام	zdaam
زدوکوب	zdokob
زدوں	zdon
زدگی	zadgi
زدہ	zada
زر	zar
زرا	zara
زرائع	zraya
زرات	zaraat
زراعت	zaraat
زراعتی	zraati
زرافے	zarrafay
زرتشت	zartasht
زرتشتی	zartashti
زرتشتیت	zarteshiat
زرخيز	zarkhaiz
زرخیز	zarkhaiz
زرخیزی	zarkhaizi
زرد	zard
زرداد	zardad
زرداری	zardari
زردہ	zarda
زردی	zardi
زرعی	zarayi
زرعیہ	zarieyah
زرق	zarq
زرقا	zarqa
زرقان	zarqaan
زرنگ	zarang
زرو	zro
زريعہ	zarea
زرگل	zargul
زرہ	zarah
زری	zari
زریاب	zaryab
زریعہ	zarea
زریعے	zariye
زریق	zeriq
زرین	zarin
زرینہ	zarina
زریں	zareen
زع	za
زعفران	zafran
زعفرانی	zafrani
زعم	zeam
زعما	zama
زعیم	zaeem
زغلول	zughlul
زلزلوں	zlzlon
زلزلہ	zalzala
زلزلۂ	zalzala
زلزلے	zalzalay
زلف	zulff
زلفہ	zelfa
زلفی	zulfi
زلفیں	zulfein
زلمے	zlme
زلیخا	zulekha
زم	zam
زما	zma
زمام	zimam
زمان	zaman
زمانوں	zamanoon
زمانہ	zamana
زمانۂ	zamana
زمانۃ	zamana
زمانی	zamani
زمانے	zamane
زمانےمیں	zamane
زماں	zamaan
زمبابوے	zimbabwe
زمرد	zumurud
زمروں	zmron
زمرہ	zumra
زمرے	zamray
زمزم	teh
زمزمہ	zamzamah
زمعہ	zamaa
زمن	zamn
زمين	zameen
زمہ	zama
زمیر	zmir
زمین	zameen
زمیندار	zamindar
زمینداروں	zamindaron
زمینداری	zameendari
زمینوں	zamiinon
زمینی	zameeni
زمینیں	zameenen
زمیں	zamee
زن	zan
زنا	zina
زنائے	zanaye
زنابالجبر	znabaljbr
زنانہ	zanana
زنبیل	zanbeel
زنجان	znjan
زنجبار	znjbar
زنجیر	zanjeer
زنجیروں	zanjeeroon
زند	zind
زندان	zindan
زنداں	zandan
زندوں	zndon
زندگي	zindagi
زندگی	zindagi
زندگیاں	zindaganian
زندگیوں	zindagion
زندہ	zindah
زندیق	zandeeq
زنک	zank
زنگ	zeng
زنگی	zangi
زنہار	zanhaar
زنی	zani
زو	zoo
زوار	zuwar
زوال	zawaal
زوج	zoj
زوجہ	zoja
زوجیت	zojiat
زوجین	zojin
زود	zood
زور	zor
زوردار	zordar
زوروں	zoroan
زوری	zori
زوما	zoma
زومبی	zombi
زون	zone
زونگ	zong
زوہیب	zohib
زویل	zwail
زيادہ	ziyada
زيد	zaid
زير	zair
زينب	zainab
زپ	zip
زچ	zich
زچگی	zichgi
زچہ	zacha
زک	zuk
زکا	zuka
زکات	zkat
زکام	zukam
زکر	zikre
زکریا	zikria
زکو	zko
زکوۃ	zkoh
زکیہ	zakhia
زھر	jhhar
زھرہ	zohra
زھرۃ	zohra
زہ	zeh
زہد	zuhad
زہر	zeher
زہرا	zohra
زہرہ	zohrah
زہری	zehri
زہریلا	zahreela
زہریلی	zahrili
زہریلے	zahreeley
زہن	zahn
زہنی	zehni
زہیر	zheer
زی	zee
زیا	ziyaan
زیاد	ziyaad
زیادتی	zayad-ti
زیادتیاں	zyadtyan
زیادتیوں	zayadtio
زیادو	zyado
زیادہ	ziyada
زیادۃ	ziyada
زیادی	zyadi
زیارت	ziyarat
زیان	ziyan
زیاں	zayan
زیاہ	ziyah
زیب	zaib
زیبا	zaiba
زیبائش	zebaish
زیبائشی	zebaishi
زیبائی	zebaaie
زیبرا	zebra
زیتون	zaitoon
زیتونی	zaitoni
زید	zaid
زیدان	zaidan
زیدہ	zedah
زیدی	zaidi
زیر	zair
زیربحث	zirbhs
زیرتعمیر	zirtamir
زیرتکمیل	zirtkmil
زیرزمین	zirzmin
زیرسرپرستی	zirsrprsti
زیرغور	zirghor
زیرقبضہ	zirqbzh
زیرنظر	zirnzr
زیرنگرانی	zirngrani
زیرو	zero
زیرک	zairak
زیرکی	zairki
زیرہ	zeera
زیریں	zaireen
زیست	zeist
زیل	zel
زیلی	zille
زیمبیا	zimbya
زین	zain
زینب	zainab
زینبیہ	zinbih
زینت	zeenat
زینتھ	zinth
زینوں	zeeno
زینگ	zing
زینہ	zeena
زینے	zeenay
زیوارات	ziwarat
زیور	zewar
زیورات	zyorat
زیورخ	zurich
زیڈ	zid
زیک	zik
زیگلر	ziglr
زے	ze
س	seen
سؤر	suar
سا	sa
ساؤ	sao
ساؤتھ	south
ساؤنڈ	jaien
سائب	sayb
سائبان	saibaan
سائباں	sayibaan
سائبر	cyber
سائبریا	sybria
سائبیریا	siberia
سائرس	sayrs
سائرن	syren
سائرہ	syra
سائز	size
سائل	sayel
سائلوں	saylon
سائمن	saymn
سائن	sign
سائنز	saynz
سائنس	science
سائنسدان	science
سائنسدانوں	science
سائنسداں	sainda
سائنسز	sciences
سائنسس	saynss
سائنسی	scienci
سائنٹفک	sayntfk
سائنٹیفک	scientific
سائوتھ	sayoth
سائيٹ	site
سائيکلون	sayiklon
سائٹ	site
سائٹس	sites
سائٹوں	siton
سائڈ	side
سائکل	saykl
سائکلوں	sayklon
سائی	sai
سائیبریا	siberia
سائیبیریا	sayibirya
سائیرس	sayirs
سائیس	syce
سائینسی	sayinsi
سائینٹیفک	sayintifk
سائیٹ	site
سائیٹس	sayits
سائیڈ	sayid
سائیکل	cycle
سائیکلنگ	sayiklng
سائیکلون	sayiklon
سائیکلیں	cyclen
سائیکی	sayiki
سائیں	saaien
سائے	saaye
سابرمتی	sabrmti
سابق	sabiq
سابقہ	sabiqa
سات	saat
ساتا	sataa
ساتذہ	satzh
ساتواں	satwaan
ساتوں	saton
ساتویں	satwen
ساتھ	sath
ساتھا	satha
ساتھی	saathi
ساتھیا	sathiya
ساتھیوں	sathiyon
ساتہ	sat_h
ساجد	sajid
ساجدہ	sajida
ساجن	sajan
ساحر	sahir
ساحرہ	sahra
ساحل	saahil
ساحلوں	sahilon
ساحلی	sahili
ساخ	sakh
ساخت	saakht
ساختوں	sakhton
ساختگی	sakhtaghi
ساختہ	sakhta
ساختیاتی	sakhtyati
ساختیں	sakhtin
ساد	sad
سادات	sadat
ساده	sadah
سادگی	saadgi
سادھا	saadha
سادھو	sadhu
سادھی	sadhi
سادھے	sadhe
سادہ	saada
سادی	saadi
سادے	seedhay
سار	saar
سارا	sara
سارجنٹ	sarjnt
سارس	saras
سارنگ	sarangh
سارنگی	sarangi
ساروں	saaron
سارک	sark
سارکوزی	sarkozi
سارہ	sarah
ساری	saari
سارے	saaray
ساز	saaz
سازباز	saz-baaz
سازش	saazish
سازشوں	sazishon
سازشی	sazshi
سازشیں	sazishain
سازو	sazu
سازوسامان	saz-o-samaan
سازوں	sazoon
سازگار	sazgaar
سازی	saazi
ساس	saas
ساسولی	sasoli
ساشا	sasha
ساعت	saa-at
ساعتوں	sa-aton
ساعدہ	saidah
ساغر	saghar
ساف	saf
سافٹ	soft
سافٹوئیر	saftoyir
سافٹویئر	software
ساقط	saqt
ساقی	saqi
سال	saal
سالا	sala
سالار	salaar
سالاروں	salaron
سالاری	salari
سالانہ	salana
سالم	salim
سالمات	saalmaat
سالمہ	saalma
سالمیت	salmiyat
سالمے	salmay
سالن	saalan
سالو	salo
سالوں	saloon
سالٹ	salt
سالڈ	sald
سالک	salk
سالگرہ	saalgirah
سالہ	sala
سالہا	salha
سالہاسال	salhasal
سالی	saali
سالیان	salyan
سالیسٹر	salistr
سالے	saale
سام	saam
سامان	samaan
سامانوں	samanon
سامانی	samani
ساماں	saman
سامبا	saamba
سامرا	samra
سامراج	saamraaj
سامراجی	samraji
سامراجیت	samrajit
سامری	samri
سامع	samay
سامعین	samaeen
سامنا	saamna
سامناہے	samnahe
سامنت	samnt
سامنے	samnay
سامہ	samay
سامی	sami
سامیت	samiyat
سان	saan
سانتا	santa
سانتیاگو	santyago
سانجھ	sanjh
سانجھی	sanjhi
سانجھے	sanjay
سانحہ	saneha
سانحۂ	saneha
سانحے	sanihay
سانس	saans
سانسدانوں	sansdanon
سانسوں	saanson
سانسی	sansi
سانسیں	sansen
سانول	sanwal
سانولی	sanwali
سانوں	saanu
سانٹا	santa
سانپ	saanp
سانپوں	saanpon
سانچوں	sanchon
سانچہ	sancha
سانچیز	sanchiz
سانچے	sanchay
سانڈ	saand
سانڈوں	sandoon
سانگ	sang
سانگلہ	sanglh
سانگھڑ	sanghar
سانگہ	sang_h
ساواک	sawak
ساوتری	sawitri
ساوتھ	savth
ساورکر	savrkr
ساون	sawan
ساٹھ	saath
ساٹھویں	ke
ساپ	saap
ساڈار	colony
ساڑھے	saarhay
ساڑھےنو	akhir
ساڑے	sarhe
ساک	sak
ساکا	sakka
ساکت	sakit
ساکر	sakaar
ساکرو	sakro
ساکشی	sakshi
ساکن	saakin
ساکھ	saakh
ساکی	saki
ساکیت	sakit
ساگا	saga
ساگر	sagr
ساہتیہ	sahtih
ساہو	saaho
ساہوکار	sahukaar
ساہی	saahi
ساہیوال	sahiwal
سای	saai
سایہ	saya
سایۂ	saya
سایے	sayay
ساے	madad
سب	sab
سبا	saba
سباق	sabaq
سبب	sabab
سببب	sbbb
سبت	sabt
سبتہ	sabta
سبحان	subhan
سبحانہ	subhana
سبحانی	sbhani
سبرامنیم	sbramnim
سبز	sabz
سبزواری	sabzwari
سبزہ	sabza
سبزی	sabzi
سبزیاں	sabzian
سبزینہ	sabzina
سبزیوں	sabzion
سبزے	sabzay
سبط	sibt
سبطین	sabtain
سبق	sabaq
سبقت	sabqat
سبل	sabal
سبوتاژ	sbotas
سبک	subk
سبکتگین	sbktgin
سبکدوش	subukdosh
سبکدوشی	subuk
سبکی	subki
سبھا	sabha
سبھاش	subhash
سبھوں	sabhon
سبھی	sabhi
سبی	sabi
سبیل	sabeel
ست	sat
ستا	saata
ستائش	sataish
ستائیس	satais
ستائیسویں	stayisoyn
ستائے	sataye
ستار	sitaar
ستارا	sitaara
ستاروں	sitaron
ستارہ	sitara
ستارۂ	sitara
ستارے	setaaray
ستاسٹھ	stasth
ستاسی	satasi
ستان	stan
ستانا	satana
ستانوے	satanway
ستانی	satani
ستاون	stavan
ستایا	sataya
ستبمر	stbmr
ستتر	satattar
ستر	sattar
سترا	sitra
سترویں	stroyn
سترھویں	satarhween
سترہ	satrah
سترہواں	strhwan
سترہویں	satarhavin
ستعمال	stamal
ستلج	stlj
ستم	sitam
ستمبر	september
ستواں	sutawaan
ستودہ	satudah
ستون	sutoon
ستونوں	satonon
ستھرا	suthra
ستھرائی	sthrayi
ستھری	suthree
ستھرے	suthray
ستی	satti
ستیا	satya
ستیاجیت	styajit
ستیاناس	satyanaas
ستیہ	satiya
سج	sajh
سجا	saja
سجائی	sajai
سجائے	sajaye
سجاتا	sajata
سجاتے	sajaate
سجاد	sajjad
سجادہ	sjad_h
سجادیہ	sjadih
سجالیتے	sjalite
سجانے	sajaaney
سجاول	sjavl
سجاوٹ	sajawat
سجاوٹی	sajaawati
سجایا	sajaya
سجدوں	sajdon
سجدہ	sajda
سجدے	sjday
سجل	sajal
سجنے	sajney
سجھائی	sujhai
سجی	saji
سجے	sajay
سح	sh
سحاب	sahab
سحر	sehar
سحرانگیز	shrangiz
سحرکاری	shrkari
سحق	sehaq
سحن	sehn
سخاوت	sakhavat
سخت	sakht
سختی	sakhti
سختیاں	skhtyan
سختیوں	sakhtiyon
سخن	sukhan
سخوئی	sakhui
سخی	sakhi
سد	sad
سدا	sada
سدارتھ	sdarth
سدباب	sad-e-baab
سدر	sudar
سدرشن	sdrshn
سدرن	sdrn
سدرہ	sidra
سدوزئی	sdozyi
سدھا	sdha
سدھار	sudhaar
سدھارتھ	sdharth
سدھایا	sadhaeya
سدھر	sudhar
سدھن	sdhn
سدھو	sidhu
سدھیر	sdhir
سدہ	saddah
سدید	sadid
سدیر	sadir
سدیروت	sdirot
سدیس	sadees
سدیم	sadeem
سر	sir
سرا	serra
سراؤں	siraon
سرائی	saraai
سرائیت	srayit
سرائیکستان	srayikstan
سرائیکی	srayiki
سرائیں	saarein
سرائے	saraye
سراب	saraab
سراج	siraj
سرار	srar
سراسر	sara
سراغ	suraagh
سراقہ	suraqa
سرانجام	sar-anjaam
سراواک	srawak
سراٹھایا	srathaya
سراپا	saraapaa
سراھا	sraha
سراہا	saraha
سراہتے	srahte
سراہنا	sarahana
سراہنے	srahne
سراہی	surahi
سراہے	sarahay
سرایا	saraya
سرایت	sarayat
سرب	srb
سربرآوردہ	srbraavrd_h
سربرا	srbra
سربراہ	sarbarah
سربراہان	srbrahan
سربراہوں	sarbarahon
سربراہی	sarbarahi
سربسجود	srbsjod
سربلند	sarbuland
سربمہر	sarbehmar
سربوں	srbon
سربکف	sarbakf
سربی	serbi
سربیا	serbia
سربیائی	srbyayi
سرت	sirt
سرتا	sarta
سرتاج	sartaaj
سرتسلیم	srtslim
سرجری	surgery
سرجن	surgeon
سرجنز	srjnz
سرجیت	srjit
سرحد	sarhad
سرحدوں	sarhadoon
سرحدکے	srhdke
سرحدی	sarhadi
سرحدیں	sarhadein
سرخ	surkh
سرخاب	surkhab
سرخرو	surkhuru
سرخس	srkhs
سرخی	surkhi
سرخیاں	surkhiyan
سرخیوں	srkhyon
سرد	sard
سردار	sardar
سردارصاحب	soum
سرداروں	sardaro
سرداری	sardari
سرداریوں	sardariyon
سردست	srdst
سردی	sardi
سردیاں	sardian
سردیوں	sardiyoon
سرزد	sarzad
سرزش	srzsh
سرزمین	sarzamen
سرزنش	sarznish
سرسبز	sirsabz
سرسبزوشاداب	srsbzoshadab
سرسراہٹ	sarsarahat
سرسری	sarsari
سرسوتی	sarswati
سرسوں	sarson
سرسٹھ	srsth
سرسید	srsid
سرشار	sarshar
سرشاری	sarshari
سرشت	sarshat
سرطان	sartaan
سرطانی	jagah
سرعام	sareaam
سرعت	sar-at
سرغنوں	srghnon
سرغنہ	srghnh
سرف	surf
سرفراز	sarfraz
سرفرازی	sarfarazi
سرفروش	sarfarosh
سرفنگ	srfng
سرفہرست	sare
سرفیس	surface
سرمئی	surmai
سرما	sarma
سرمائی	surmaee
سرمائے	sarmaye
سرمايہ	sarmaya
سرمایا	srmaya
سرمایاکاری	srmayakari
سرمایہ	sarmaya
سرمایۂ	sarmaya
سرمد	sarmad
سرمست	sarmast
سرمستی	srmsti
سرمہ	surma
سرن	srn
سرنامہ	sarnama
سرنج	srnj
سرنو	srno
سرنگ	surang
سرنگوں	surangoon
سرنگيں	surangen
سرنگیں	surangen
سرو	saro
سروتی	sroti
سروجنی	srojni
سرود	surood
سرور	suroor
سرورز	servers
سروری	saroori
سروس	service
سروسز	services
سروسیز	srosiz
سروش	sarosh
سرونٹ	sront
سروو	surowe
سروپ	sarop
سروکار	sarokaar
سروں	suron
سرویا	sroya
سرویز	sroyz
سروے	surway
سرٹیفائڈ	srtifayd
سرٹیفکیٹ	srtifkit
سرٹیفیکٹ	srtifikt
سرٹیفیکیٹ	certificate
سرپرست	sarparast
سرپرستوں	srprston
سرپرستی	sarparasti
سرپلس	srpls
سرچ	search
سرچشمہ	sarchashma
سرک	sirak
سرکا	sarka
سرکار	sarkar
سرکاری	sarkari
سرکتا	sarakata
سرکردگی	sarkardagi
سرکردہ	sarkardah
سرکس	circus
سرکش	sarkash
سرکشوں	sarkashon
سرکشی	sar
سرکلر	circular
سرکلز	srklz
سرکوبی	srkobi
سرکوزی	sarcozi
سرکولیشن	circulation
سرکٹ	circuit
سرکہ	sirka
سرکی	sarki
سرکیں	srkin
سرگرداں	srgrdan
سرگرم	sargaram
سرگرمی	sargarmi
سرگرمیاں	sargarmia
سرگرمیو	srgrmyo
سرگرمیوں	sar
سرگزشت	sarguzisht
سرگودھا	sargodha
سرگوشی	sargoshi
سرگوشیاں	sargoshian
سرگوشیوں	sargoshiyon
سرہ	sirah
سرہانے	sarahnay
سرہندی	srhndi
سری	sri
سریا	sariya
سریات	saryaat
سریانی	syriani
سریح	sareeh
سریر	sarir
سریز	sriz
سریش	saresh
سریع	saree
سریلی	srili
سرین	sareen
سرینا	sarina
سرینگر	sringr
سریں	saree
سریہ	sarya
سرے	suray
سزا	saza
سزاؤں	sazaon
سزائيں	sazayen
سزائیں	sazayen
سزائے	sazae
سزادی	szadi
سزاوار	sazawar
سزایافتہ	szayaft_h
سس	sis
سست	sust
سستا	sasta
سستی	susti
سستے	sastay
سسر	sasur
سسرال	sasural
سسرالی	susraly
سسلسلہ	sslslh
سسلی	sicili
سسٹر	sister
سسٹرز	sstrz
سسٹم	system
سسٹمز	systems
سسپنس	sspns
سسک	sisak
سسکتی	sisakti
سسکتے	sisaktay
سسکو	ssko
سسکیاں	siskiyan
سسی	ssi
سسیکس	ssiks
سش	shas
سشما	sshma
سطان	stan
سطح	satah
سطحوں	sthon
سطحی	sathi
سطحیت	sathiyat
سطحیں	sthin
سطر	satar
سطروں	satroon
سطریں	strin
سطع	sta
سطوت	satwat
سطور	stor
سعادت	saadat
سعت	saat
سعد	saad
سعداللہ	sadallh
سعدی	saadi
سعدیہ	sadih
سعود	saood
سعودی	saudi
سعودیوں	saudion
سعودیہ	saudia
سعی	sae
سعید	saeed
سعیدہ	saeeda
سعیدی	saydi
سغد	sughid
سف	sf
سفا	safa
سفاح	safah
سفارت	sifarat
سفارتخانوں	sfartkhanon
سفارتخانہ	sifarat
سفارتخانے	sfartkhane
سفارتکار	sifaratkaar
سفارتکاروں	sfartkaron
سفارتی	safarti
سفارش	sifarish
سفارشات	sifarshaat
سفاری	safari
سفالیات	sifaliyat
سفاک	safaaq
سفاکانہ	sifakana
سفاکی	safaki
سفاکیت	sfakit
سفر	safar
سفردر	sfrdr
سفرناموں	sfrnamon
سفرنامہ	sfrnamh
سفرنامے	sfrname
سفرکا	sfrka
سفری	safri
سفل	safal
سفلی	safli
سفوف	sufoof
سفیان	sufyan
سفید	safaid
سفیدفام	sfidfam
سفیدی	safedi
سفیر	safeer
سفیروں	safeeron
سفینہ	safena
سقرا	sqra
سقراط	suqraat
سقم	suqm
سقوط	sqot
سقیفہ	saqeefa
سل	siil
سلا	sulaa
سلائڈ	slayd
سلائڈنگ	slaydng
سلائی	silai
سلائیڈنگ	sliding
سلات	salat
سلاتے	sulatye
سلاحیت	salahiyat
سلاخ	salakh
سلاخوں	salakhon
سلاخیں	salakhain
سلاد	salad
سلاست	salasat
سلاسل	salasil
سلاطین	salateen
سلام	salam
سلامت	salamat
سلامتی	salamti
سلامہ	salama
سلامی	salami
سلانوالی	slanwali
سلانے	sulanay
سلاو	slaw
سلاویسی	slavisi
سلب	slb
سلجوق	saljooq
سلجوقی	sljoqi
سلجھا	suljha
سلجھانے	suljhanay
سلجھے	sljhe
سلسبیل	salsabeel
سلسلوں	silsiloon
سلسلہ	silsila
سلسلۂ	silsila
سلسلے	silsilay
سلسہ	slsh
سلسے	slse
سلطان	sultan
سلطانہ	sultana
سلطانی	sultaani
سلطانیہ	sltanih
سلطنت	saltanat
سلطنتوں	sltnton
سلطنتیں	sltntin
سلف	slf
سلفائیڈ	slfayid
سلفر	slfr
سلفيہ	slfih
سلفی	salafi
سلفیہ	slfih
سلم	slim
سلمان	salman
سلمہ	salma
سلمی	slmi
سلنڈر	slander
سلو	slow
سلوا	silva
سلوادور	slwador
سلواڈور	slwador
سلواکیہ	slwakih
سلور	silver
سلوم	saloom
سلونی	salloni
سلوواکیا	slowakya
سلوواکیہ	slowakih
سلووینیا	slvoynya
سلوٹوں	silvatoon
سلوک	sulooq
سلوکی	sulooki
سلوگن	slogan
سلوں	slon
سلوی	salwa
سلویا	salvia
سلوین	sloyn
سليمان	sulaiman
سلپ	slip
سلک	slk
سلگ	sulag
سلگانے	sulganay
سلگتی	sulagti
سلگتے	sulagtey
سلہری	slhri
سلہٹ	slht
سلی	saly
سلیب	slib
سلیبرٹی	celebrity
سلیبس	syllbus
سلیس	salees
سلیش	slash
سلیقہ	saleeqa
سلیقے	saliqay
سلیم	saleem
سلیمان	sulaiman
سلیمانی	sulemani
سلیمانیہ	slimanih
سلیمہ	salima
سلیمی	saleemi
سلینڈر	slindr
سلیو	slave
سلیٹی	slaty
سلیپر	sliper
سلیکا	silica
سلیکشن	selection
سلیکون	slikon
سم	sm
سما	sama
سمائی	samai
سماتا	samata
سماج	samaaj
سماجت	samajat
سماجوادی	smajwadi
سماجی	samaji
سماجیات	samajiat
سمارا	samara
سمارٹ	smart
سماع	samaa
سماعت	samaat
سماعتی	sama-ati
سمال	small
سمانتھا	samantha
سمانے	samane
سماوی	samawi
سماٹرا	samatra
سماں	samaa
سمایا	samaya
سمبل	symbol
سمبلز	symbols
سمبھال	sumbhaal
سمبھالنے	smbhalne
سمت	simt
سمترا	smtra
سمتوں	simtao
سمتھ	smith
سمتی	samti
سمتیں	simtain
سمجھ	samajh
سمجھئے	smjhye
سمجھا	samgha
سمجھائی	samjhai
سمجھائے	samjhaye
سمجھاتے	aur
سمجھاجائے	smjhajaye
سمجھاجاتا	smjhajata
سمجھانا	samjhaana
سمجھانے	samjhane
سمجھایا	samjhaya
سمجھتا	samjhta
سمجھتی	samjhti
سمجھتے	samajte
سمجھنا	samjhna
سمجھنی	smjhni
سمجھنے	samajhney
سمجھو	samjhoo
سمجھوتا	samjhota
سمجھوتہ	samjhota
سمجھوتے	smjhote
سمجھی	samjhi
سمجھیں	samjhain
سمجھے	samjhay
سمر	samer
سمرسٹ	smrst
سمرقند	smrqnd
سمرنا	sumerna
سمرہ	simra
سمز	smz
سمع	phir
سمعی	samii
سمفنی	smfni
سمن	saman
سمنان	smnan
سمند	samand
سمندر	samandar
سمندروں	samndron
سمندری	samandari
سمندی	samandi
سمنٹ	smnt
سمنگان	smngan
سمو	samo
سموئے	smoye
سموسے	samose
سمونے	samonay
سموں	siimo
سمویا	samoya
سمٹ	simat
سمٹتا	simat-ta
سمٹنے	simetnay
سمپت	smpt
سمپسن	smpsn
سمگل	smgl
سمگلنگ	smugling
سمہ	smh
سمیات	samiat
سمیت	sameit
سمیتی	samiti
سمیجو	smijo
سمیر	sameer
سمیرا	smira
سمیرہ	sumaira
سمیع	sami
سمیٹ	samaitt
سمیٹا	sameta
سمیٹتے	samettay
سمیٹنے	semathnay
سمیٹی	smiti
سمیٹیں	samaiten
سمیٹے	samete
سمیہ	samyah
سمے	samay
سن	sun
سنئیر	snyir
سنا	suna
سناؤ	sunaaoo
سناؤں	sunaoon
سنائی	sunai
سنائیں	sunaein
سنائیے	sunaaiye
سنائے	sunaye
سناتا	sunataa
سناتن	snatn
سناتی	sonaati
سناتے	sunaate
سنادی	sunadi
سنادیا	snadya
سنار	sunaar
سنامی	snami
سنان	sinan
سنانا	sunana
سنانی	sunani
سنانے	sunanay
سناٹا	sannata
سنایا	sunaya
سنبلہ	sumbla
سنبھا	snbha
سنبھال	sambhaal
سنبھالا	sanbhala
سنبھالتا	sambhaalta
سنبھالتی	snbhalti
سنبھالتے	sambhaalte
سنبھالنا	sanbhaalna
سنبھالنے	snbhalne
سنبھالہ	snbhalh
سنبھالی	sambhali
سنبھالیں	sanbhalain
سنبھالے	sambhale
سنبھل	sambhal
سنبھلنے	sambhalny
سنبھلی	snbhli
سنبھلے	sanbhlay
سنت	sunnat
سنتا	santa
سنتوش	santosh
سنتوں	snton
سنتی	sunthee
سنتیس	sntis
سنتیں	sunnatain
سنتے	suntay
سنج	sanj
سنجاوی	snjavi
سنجر	sanjer
سنجھورو	snjhoro
سنجی	sanji
سنجیدگی	sanjeedgi
سنجیدہ	sanjeeda
سنجیو	snjyo
سنجے	snje
سند	sanad
سندر	sunder
سندس	sundas
سندور	sindoor
سندھ	sindh
سندھو	sindhu
سندھی	sindhi
سندھیوں	sindhio
سندہ	sindh
سندیسہ	sandesa
سندیسے	sendesay
سندیں	sndin
سنز	snz
سنسان	sun_saan
سنسد	sansad
سنسر	snsr
سنسناٹی	snsnati
سنسنی	sansani
سنسکرت	sansikrat
سنن	sunan
سننا	sunna
سننے	suneney
سنو	suno
سنوائی	sunwai
سنوائے	snwaye
سنوار	sanwaar
سنوارا	sanvara
سنوارنا	sanwarna
سنوارنے	sanwarnay
سنوارے	sanware
سنور	sanwar
سنوسی	senousi
سنٹر	center
سنٹرز	sntrz
سنٹرل	sntrl
سنٹی	snti
سنچائی	sanchai
سنچری	century
سنچریاں	centuria
سنچریوں	snchryon
سنڈا	sunda
سنڈریلا	sndrila
سنڈی	sundi
سنڈیکیٹ	sndikit
سنڈے	sunday
سنکائی	sankai
سنکونا	sankona
سنکھیا	sankhia
سنکی	sanki
سنگ	sang
سنگا	snga
سنگار	singaar
سنگاپور	singapore
سنگت	sangat
سنگدل	sangdil
سنگر	signer
سنگرام	sngram
سنگرز	sngrz
سنگسار	sangsar
سنگل	single
سنگلز	snglz
سنگم	sngm
سنگما	sngma
سنگھ	singh
سنگھا	singha
سنگھار	singhar
سنگھانے	snghane
سنگھڑ	snghrh
سنگھے	snghe
سنگی	sangee
سنگیت	sangeet
سنگین	sangeen
سنگینی	sngini
سنھبالا	snhbala
سنہ	sunah
سنہا	sinha
سنہالی	sanhali
سنہرا	sunehra
سنہرہ	snhrh
سنہری	sunehri
سنہرے	soonahre
سنی	suni
سنیئر	sniyr
سنیئے	sniye
سنیاس	sanyaas
سنیعہ	sania
سنیل	snil
سنیما	cinema
سنیماؤں	cinemaon
سنیوں	snyon
سنیٹر	snitr
سنیچر	snichr
سنیں	sunen
سنیے	suniye
سنے	sunay
سو	so
سوئز	suiss
سوئزرلینڈ	soyzrlind
سوئس	soys
سوئم	soyam
سوئمنگ	swimming
سوئٹزر	soytzr
سوئٹزرلینڈ	switzerland
سوئی	soi
سوئیاں	soyyan
سوئیز	soyiz
سوئیزرلینڈ	soyizrlind
سوئیس	soyis
سوئیوں	soyyon
سوئیڈش	soyidsh
سوئیڈن	soyidn
سوئیں	soyen
سوئے	soye
سوا	siwa
سوائن	swine
سوائے	siwaye
سوات	swat
سواتی	swati
سواحل	sawahil
سواحلی	swahli
سواد	swaad
سوار	sawaar
سواروں	sawaron
سوارں	swarn
سوارہ	swarh
سواری	sawari
سواریاں	swaryan
سواریوں	swaryon
سوازی	swazi
سواع	sawa
سوافراد	teen
سوال	sawal
سوالات	sawalaat
سوالنامے	swalname
سوالوں	salawon
سوالیہ	sawalia
سوامی	-swami
سوان	swan
سوانا	swana
سوانح	sawanah
سوانحی	swanhi
سوانگ	swaangh
سواگر	swager
سواں	swan
سوای	swaai
سوبھا	sobha
سوبیاسی	sobyasi
سوت	soot
سوتا	sota
سوتر	sotr
سوتن	sotan
سوتوں	soton
سوتی	soti
سوتیلا	soutela
سوتیلی	souteli
سوتیلے	soutelay
سوتے	sotay
سوج	sooj
سوجا	sun-hwa
سوجن	soojan
سوجھ	soojh
سوخ	mein
سوختہ	sokhta
سود	sood
سودا	soda
سودائی	sodaai
سودان	saudan
سوداگر	sodagar
سوداگروں	sodagaron
سوداگری	sodagari
سودوں	sodon
سودہ	soda
سودی	sodi
سودے	saudey
سور	soor
سورا	sora
سوراب	sorab
سوراج	soraj
سوراخ	sorakh
سوراخوں	sorakhon
سورت	sourat
سورتیں	sortin
سورج	sooraj
سورجوں	soorajon
سورس	source
سورما	soorma
سورن	sorn
سورو	sorrow
سوروپ	sorop
سوروپے	sorope
سوروں	soroon
سورڈ	soard
سورہ	surah
سورہے	sorhe
سورۂ	surah
سورۃ	surah
سوری	sorry
سوریا	surya
سوریہ	sorih
سوز	soaz
سوزاں	sozaa
سوزش	soozish
سوزن	sozen
سوزو	sozo
سوزوکی	suzuki
سوزی	suzi
سوسائٹی	society
سوسائٹیاں	sosaytyan
سوسائٹیوں	sosaytyon
سوسائیٹی	sosayiti
سوسات	sosat
سوساٹھ	sosath
سوسایٹی	sosayti
سوستر	sostr
سوسن	sosan
سوسولہ	sosolh
سوشل	social
سوشلزم	soshlzm
سوشلسٹ	socialist
سوشیالوجی	soshyaloji
سوغات	soghaat
سوف	souf
سوفٹ	soft
سول	soul
سولا	sola
سولانا	solana
سولجر	soldier
سولر	solr
سولنگی	solngi
سولو	solo
سولونو	solonso
سولھویں	solhween
سولہ	solah
سولہواں	solhwan
سولہویں	solhween
سولی	suli
سولین	solin
سوم	soum
سوما	summa
سومرو	somro
سومنات	somnat
سومناتھ	somnath
سومی	somi
سون	soon
سونئیر	sonyir
سونا	sona
سونار	sunaar
سونامی	tsunami
سونتے	sonte
سونو	sonu
سونوے	sonoe
سونپ	saump
سونپا	sonpa
سونپنا	sonpna
سونپنے	sonpne
سونپی	sonpi
سونپے	sonpe
سونگ	song
سونگھ	sungh
سونگھا	songha
سونگھنا	songhna
سونگھنے	soonghnay
سونی	sooni
سونیا	sonia
سونیری	soniri
سونے	sonay
سوو	svo
سوویت	soviet
سوویٹ	svoyt
سوویں	svoyn
سوٹ	suit
سوٹا	sutta
سوپ	soop
سوپر	super
سوپندرہ	sopndrh
سوپچاسی	sopchasi
سوپچانوے	sopchanoe
سوچ	soch
سوچئے	sochye
سوچا	socha
سوچالیس	sochalis
سوچتا	sochta
سوچتے	sochte
سوچنا	sochna
سوچنے	sochnay
سوچو	socho
سوچون	sochon
سوچوں	sochon
سوچھبیس	sochhbis
سوچی	sochi
سوچیئے	sochiye
سوچیں	sochen
سوچیے	sochiye
سوچے	soochey
سوڈا	sodda
سوڈان	soudan
سوڈانی	sodani
سوڈانیوں	sodanyon
سوکارنو	sokarno
سوکر	sokar
سوکلو	soklo
سوکھ	sookh
سوکھا	sookha
سوکھنے	sokhne
سوکھے	sokhey
سوگ	sog
سوگوار	sogwaar
سوگواران	sogwaran
سوگواروں	sogwaron
سوگیارہ	sogyarh
سوں	soon
سوہ	sooh
سوہا	soha
سوہاوہ	sohavh
سوہنے	sohney
سوی	sawi
سویا	soya
سویت	soyt
سویرا	sawera
سویرے	saweray
سویز	soyz
سویس	soys
سویلین	civilian
سویٹ	sweet
سویٹزرلینڈ	switzerland
سویڈش	soydsh
سویڈن	swedan
سویں	suween
سي	si
سياسی	siyasi
سيد	syed
سيدنا	syedna
سيز	says
سيف	saif
سيلاب	selaab
سيلابی	selabi
سينا	seena
سينٹی	centi
سينکڑوں	senkron
سينہ	seenah
سيکيورٹی	security
سٹ	st
سٹا	satta
سٹائل	stayl
سٹائن	stayn
سٹار	star
سٹارز	stars
سٹارٹ	start
سٹاف	staff
سٹالن	stalin
سٹاپ	stap
سٹاک	stak
سٹراس	stras
سٹرانگ	strang
سٹرلنگ	strlng
سٹروک	strok
سٹريٹيجک	stritijk
سٹرپ	strp
سٹرکچر	strkchr
سٹریس	stris
سٹریم	strim
سٹریٹ	strit
سٹریٹجک	strategic
سٹریٹیجی	stritiji
سٹریچر	strichr
سٹس	sits
سٹلائیٹ	stlayit
سٹمپ	stmp
سٹنگر	stngr
سٹو	stow
سٹور	stor
سٹورم	strom
سٹوری	stori
سٹوریج	storij
سٹون	stone
سٹوو	stove
سٹوپا	stopa
سٹوڈنٹ	stodnt
سٹوڈنٹس	stodnts
سٹوڈیو	stodyo
سٹڈ	std
سٹڈيز	studies
سٹڈیز	studies
سٹک	stk
سٹہ	satta
سٹی	city
سٹیج	stij
سٹیزن	stizn
سٹیشن	station
سٹیشنوں	stationon
سٹیفن	stephin
سٹیفورڈ	stiford
سٹیل	stil
سٹیم	stem
سٹین	stain
سٹینر	stinr
سٹینفورڈ	stinford
سٹینلے	stinle
سٹینڈ	stind
سٹینڈرڈ	stindrd
سٹیورٹ	styort
سٹیون	steven
سٹیونز	styonz
سٹیٹ	stit
سٹیٹس	stits
سٹیڈیم	stadium
سٹے	sattay
سپ	sip
سپارک	spark
سپارکس	thichr
سپارکو	sparko
سپاس	sapas
سپاسنامہ	spasnamh
سپانسر	spansr
سپاٹ	sapat
سپاہ	sipahh
سپاہيوں	sipahiyon
سپاہی	sipahi
سپاہیانہ	spahyanh
سپاہیوں	sipahiyon
سپت	sapath
سپتک	saptak
سپر	super
سپرانٹنڈنٹ	sprantndnt
سپرد	supurd
سپردگی	supurdagi
سپرنٹنڈنٹ	sprntndnt
سپرنگ	spring
سپرٹ	sprt
سپرٹینڈنٹ	supertendant
سپرپاور	sprpavr
سپرہٹ	sprht
سپریم	sprim
سپرے	spre
سپل	spl
سپلائر	splayr
سپلائز	splayz
سپلائی	supply
سپن	spn
سپنا	sapna
سپنر	spinner
سپنسر	spencer
سپنے	sapnay
سپوت	spot
سپورٹ	support
سپورٹس	sports
سپيشل	an
سپيچ	spich
سپہ	sipah
سپی	spy
سپیرٹ	spirt
سپیرے	spire
سپیس	space
سپیشل	special
سپین	spin
سپینسر	spinsr
سپیڈ	speed
سپیک	speak
سپیکر	speaker
سپیکٹرم	spiktrm
سچ	sach
سچا	sacha
سچائی	sachaai
سچائیوں	sachaiyon
سچل	sachal
سچن	sachin
سچویشن	situation
سچی	sachhi
سچین	schin
سچے	sachey
سڈ	sed
سڈنی	sydney
سڑ	sarr
سڑاند	saraand
سڑسٹھ	sarsath
سڑن	saran
سڑنا	sarna
سڑنے	sarnay
سڑک	sarrak
سڑکوں	sarkon
سڑکیں	sarkain
سک	suck
سکا	saka
سکاؤٹ	skaot
سکاؤٹس	skaots
سکائی	sky
سکالر	skalr
سکالرز	skalrz
سکالرشپ	skalrshp
سکاوٹس	skavts
سکاٹ	scot
سکاٹش	skatsh
سکاچ	skach
سکت	sakt
سکتا	sakta
سکتاہے	sktahe
سکتہ	saktah
سکتی	sakti
سکتیں	sakteen
سکتے	satke
سکر	sakar
سکردو	skrdo
سکرنڈ	skrnd
سکرٹ	skrt
سکرپٹ	script
سکری	screy
سکرین	screen
سکریٹری	secretary
سکریپ	sukrap
سکس	six
سکستھ	sksth
سکم	skm
سکنا	sakana
سکنات	saknaat
سکند	sknd
سکندر	sikandar
سکندرآباد	skndraabad
سکندراعظم	skndraazm
سکندرحیات	skndrhyat
سکندری	sikandari
سکنے	saknay
سکو	sakuu
سکواش	skwash
سکواڈ	squad
سکواڈرن	skwadrn
سکوبی	skobi
سکوت	sukut
سکور	score
سکول	shool
سکولز	skolz
سکولوں	schoolon
سکون	sukoon
سکونت	sukoonat
سکونتی	sukoonti
سکوپئے	skopye
سکوں	sakun
سکيں	saken
سکپ	skp
سکڈ	skid
سکڑ	skrh
سکڑا	sukra
سکڑتی	sukarti
سکڑنا	sukarna
سکڑنے	sukarnay
سکھ	sukh
سکھا	sikha
سکھائی	sikhayi
سکھائے	sikhayiye
سکھاتا	sakata
سکھاتی	sikhati
سکھاتے	sikhate
سکھانا	sikhana
سکھانے	sikahnay
سکھایا	sikhaya
سکھر	sukkur
سکھلا	sikhla
سکھوں	sukhnon
سکھے	sikhe
سکہ	sikka
سکی	saki
سکیئنگ	skiyng
سکیل	skil
سکیم	scheme
سکین	sakin
سکینر	skinr
سکینڈ	skind
سکینڈری	skindri
سکینڈل	skindl
سکینڈلز	skindlz
سکینڈے	skinde
سکینہ	sakeena
سکیورٹی	security
سکیورٹیز	skyortiz
سکیولر	skyolr
سکیٹ	sakait
سکیڑنا	sukairna
سکیں	saken
سکے	sakay
سگ	sagh
سگا	saga
سگالی	sgali
سگریٹ	cigrette
سگما	sigma
سگمنڈ	sgmnd
سگنل	signal
سگی	sagy
سگے	sage
سھیل	shil
سہ	sah
سہار	sihar
سہارا	sahara
سہارن	sharn
سہارنپوری	sharnpori
سہاروں	saharon
سہارہ	saharaa
سہارے	saharay
سہالہ	shalh
سہام	saham
سہامی	sahamii
سہانا	suhana
سہانے	suhane
سہاگ	suhaag
سہاگن	suhagan
سہاگہ	suhaga
سہتا	sehta
سہر	sehr
سہرا	sehra
سہراب	sohrab
سہروردی	soherwerdi
سہل	sahal
سہلا	sahala
سہلانے	sahalane
سہما	sehma
سہمی	sehmi
سہمے	sehmay
سہن	sehan
سہنا	sehna
سہنی	sehni
سہنے	sehney
سہو	saho
سہولت	sahoolat
سہولتوں	sahulaton
سہولتیں	saholaten
سہولیات	sahuliyaat
سہگل	shgl
سہہ	seh
سہی	sahi
سہیل	sohail
سہیلی	saheli
سہیلیوں	saheliyo
سی	si
سیئرز	sears
سیا	siya
سیاح	sayah
سیاحت	sayahat
سیاحتی	sayahati
سیاحوں	sayaho
سیاحی	syahi
سیادت	siyadat
سیار	siyar
سیاروں	sayyaron
سیارچوں	syarchon
سیارچہ	syarch_h
سیارچے	syarche
سیارہ	sayarah
سیارے	sayaray
سیاست	siyasat
سیاستدان	sayasatdan
سیاستدانوں	syastdanon
سیاستداں	sayasatdan
سیاسی	siyasi
سیاسیات	sayasiyat
سیاف	siyaf
سیاق	sayaq
سیال	seyal
سیالوی	syaloy
سیالکوٹ	sialkot
سیالکوٹی	syalkoti
سیام	siyaam
سیان	cyan
سیانا	sayana
سیانے	syane
سیاچن	syachn
سیاچین	siachin
سیاہ	siyah
سیاہی	siyahi
سیب	saib
سیبل	sable
سیبی	seebi
سیتا	sita
سیتاپور	sitapor
سیتو	sito
سیتہ	sit_h
سیتی	sitti
سیج	sej
سیح	seeh
سیحا	siha
سیخ	seekh
سید	syed
سیدا	siida
سیداں	sidan
سیدنا	syedna
سیدو	saidu
سیدوں	sidon
سیدگی	seedgi
سیدھ	seedh
سیدھا	seedha
سیدھی	seedhi
سیدھے	seedhay
سیدہ	sayeda
سیدۃ	sayeda
سیدی	sidi
سیر	sair
سیرا	sera
سیراب	sairaab
سیرت	seerat
سیرم	serum
سیرو	siro
سیری	sairy
سیریز	series
سیریل	serial
سیریلز	cereals
سیرینا	sirina
سیز	says
سیزر	sezar
سیزن	season
سیستان	seestan
سیسل	sisl
سیسم	seisem
سیسٹم	sistm
سیسہ	seesa
سیسی	seesi
سیسے	seesay
سیشن	session
سیف	saif
سیفٹی	safety
سیفی	saifi
سیفیہ	sifih
سیل	sale
سیلاب	selaab
سیلابوں	sailaabon
سیلابی	selabi
سیلان	silan
سیلانی	selani
سیلر	seller
سیلرز	sailors
سیلز	sales
سیلس	sils
سیلسیس	silsis
سیلف	self
سیلمان	silman
سیلواڈور	silwador
سیلون	silon
سیلوٹ	silot
سیلی	sally
سیلیبریٹی	silibriti
سیلے	sile
سیم	same
سیما	seema
سیماب	simab
سیمت	simt
سیمز	seems
سیمسن	simsn
سیمنا	simna
سیمنار	simnar
سیمنٹ	cement
سیموئل	simoyl
سیموئیل	simoyil
سیمور	simor
سیمون	samone
سیمویل	simoyl
سیمپل	sample
سیمی	simi
سیمین	simine
سیمینار	seminar
سیمینارز	siminarz
سیمیناروں	siminaron
سیمیں	simin
سین	scene
سینئر	senior
سینئیر	sinyir
سینا	seena
سینائی	sinayi
سینتالیس	sintalis
سینتیس	sintis
سینس	sense
سینسر	sensor
سینسرشپ	sinsrshp
سینسس	sences
سینما	cinema
سینماؤں	sinmaon
سینوں	seenon
سینٹ	senate
سینٹر	center
سینٹرز	centers
سینٹرل	central
سینٹرو	sintro
سینٹروں	sintron
سینٹس	cents
سینٹو	sinto
سینٹی	centi
سینچری	sinchri
سینچریاں	sinchryan
سینڈ	send
سینڈبلاسٹنگ	sandblasting
سینڈر	sender
سینڈروم	sindrom
سینڈل	sandle
سینڈوچ	sandwich
سینڈک	sindk
سینڈی	sindi
سینکڑوں	senkron
سینگ	seeng
سینگوں	seengon
سینہ	seenah
سینۂ	seenah
سینی	saini
سینیئر	siniyr
سینیارٹی	sinyarti
سینیٹ	senate
سینیٹر	senetor
سینیٹرز	senetors
سینیٹیشن	sinitishn
سینیگال	sinigal
سینے	seenay
سیو	seve
سیوا	siwa
سیور	severe
سیورج	syorj
سیوریج	sewarej
سیول	syol
سیون	seven
سیونگ	saving
سیوی	syoy
سیٹ	set
سیٹل	settle
سیٹلائٹ	satellite
سیٹلائٹس	satellites
سیٹلائیٹ	satellite
سیٹلمنٹ	sitlmnt
سیٹنگ	setting
سیٹوں	siton
سیٹھ	sith
سیٹھی	sithi
سیٹی	seeti
سیٹیں	sitin
سیپ	seep
سیپی	seepe
سیپیاں	seepiyan
سیپیوں	sepion
سیڈر	sidr
سیڑھی	seerhi
سیڑھیاں	seedhiyan
سیڑھیوں	seerihoon
سیک	seek
سیکرٹ	sikrt
سیکرٹری	secretary
سیکرٹریٹ	secreteriat
سیکریٹ	secret
سیکریٹری	secretary
سیکریٹریٹ	secreteriat
سیکریٹیریٹ	quran
سیکریڑی	sikrirhi
سیکسن	saxon
سیکشن	section
سیکنڈ	second
سیکنڈری	sikndri
سیکنڈوں	sikndon
سیکوئل	sikoyl
سیکورٹی	security
سیکوریٹی	sikoriti
سیکولر	sikolr
سیکولرازم	sikolrazm
سیکولرزم	sikolrzm
سیکٹر	siktr
سیکٹرز	siktrz
سیکٹری	sectory
سیکڑوں	secron
سیکھ	seekh
سیکھا	seekha
سیکھتا	seekhta
سیکھتے	sikhte
سیکھنا	seekhna
سیکھنی	sekhne
سیکھنے	seekhnay
سیکھی	sikhi
سیکھیں	sekhen
سیکھے	sekhe
سیکیورٹی	security
سیکیوریٹی	sikyoriti
سیکیوریٹیز	securities
سیگل	sigl
سیہون	sihon
سے	se
سےآرہے	se
سےآزاد	is
سےآزادی	se
سےاس	se
سےاسی	se
سےاقتدار	taraf
سےاپنی	abhi
سےرقیق	ki
سےروایت	se
سےسوویت	se
سےصفا	mukammal
سےطبی	ki
سےمنی	se
سےپہلےیاد	rawaangi
سےکرنا	is
سےکہا	salam
ش	sh
شئیر	share
شئے	shye
شا	sha
شائبہ	shaiyba
شائد	shaed
شائر	shire
شائستگی	shaistagi
شائستہ	shaista
شائع	shaya
شائقین	shaiqeen
شائید	shayid
شاباش	shabash
شاخ	shaakh
شاخسار	shakhsaar
شاخوں	shaakhon
شاخہ	shakha
شاخیں	shaakhen
شاد	shaad
شاداب	shadaab
شادابی	shadabi
شاداں	shadan
شادمانی	shadmani
شادی	shadi
شادیاں	shadian
شادیوں	shadion
شاذ	shaz
شاذونادر	shazonadr
شار	shar
شارجہ	sharjah
شارح	sarah
شارع	shara
شارق	shariq
شارل	sharal
شارلٹ	sharlt
شاروں	sharoon
شارٹ	short
شارٹس	sharts
شارپ	sharp
شارک	shark
شارکی	sharki
شارہ	shareh
شاری	shari
شاز	shaz
شازونادر	shazonader
شازی	shazi
شازیہ	shazia
شاستری	shastri
شاطر	shatir
شاطرانہ	shatirana
شاعر	shayar
شاعرات	shaarat
شاعرانہ	shayarana
شاعروں	shayron
شاعرہ	shaeirah
شاعری	shairi
شاعرے	shaairy
شاغل	shaghil
شافعی	shafi
شاق	shaq
شاقہ	shaqeh
شال	shaal
شالا	shala
شالامار	shalamar
شالوں	shalon
شالہ	shalh
شالیمار	shalimar
شالیں	shalin
شام	shaam
شامت	shamat
شامزئی	shamzyi
شامل	shaamil
شاموں	garmiyon
شامہ	shamah
شامی	shami
شامیوں	shamyon
شامیں	shamen
شان	shaan
شانتی	vijay
شاندار	shandaar
شانزدہم	shanzd_hm
شانزی	shanzy
شانوں	shaanon
شانگلہ	shangla
شانہ	shana
شانے	shanay
شاوات	shawat
شاور	shower
شاویز	shaviz
شاویہ	jo
شاٹ	shat
شاٹس	shots
شاپ	shop
شاپنگ	shopping
شاپور	shapur
شاک	shak
شاکر	shakir
شاکی	shaaki
شاگر	shagr
شاگرد	shagird
شاگردوں	shagrdon
شاگردی	shagirdi
شاھ	shah
شاھکار	shahkar
شاہ	shah
شاہان	shahan
شاہانہ	shahana
شاہانی	shahani
شاہت	shaahat
شاہجہان	shahj_han
شاہجہاں	shahjehan
شاہد	shahid
شاہدرہ	shahdrh
شاہدہ	shahida
شاہدین	shahideen
شاہر	shahir
شاہراؤں	shahrahon
شاہراوں	shahraon
شاہراہ	shahrah
شاہراہوں	shaahrahon
شاہراہیں	shahrahin
شاہسوار	shahswar
شاہنامہ	shahnamh
شاہنواز	shahnawaz
شاہو	shaho
شاہين	shaheen
شاہکار	shahkaar
شاہی	shahi
شاہین	shaheen
شاہیں	shahin
شایان	shayan
شایاں	shayaan
شاید	shayad
شایع	shaya
شب	shab
شباب	shabab
شبان	shaban
شبانہ	shabana
شباہت	shabahat
شبد	shabd
شبستان	shabistan
شبلی	shibli
شبنم	shabnam
شبکہ	shabka
شبکی	shbki
شبہ	shuba
شبہات	shubhat
شبیر	shabir
شبینہ	shabinah
شبیہ	shabeeh
شبے	shay
شتر	shutar
شتروگھن	shtroghn
شتونگ	shtong
شتہ	sht_h
شتی	shte
شتیلہ	shtilh
شجاع	shuja
شجاعت	shujaiat
شجر	shajar
شجرہ	shajrah
شجرۂ	shajrah
شجری	shajri
شجیع	shajie
شحص	shhs
شحض	shhz
شحم	shaham
شخص	shakhs
شخصوں	shakhson
شخصيات	shaksiaat
شخصی	shakhsi
شخصیات	shaksiaat
شخصیت	shakhsiyat
شخصیتوں	shakhsiyation
شخصیتیں	shkhsitin
شد	shud
شداد	shadad
شدت	shiddat
شدو	shdo
شديد	shadeed
شدگان	shdgan
شدہ	shuda
شدی	shdi
شدید	shadeed
شر	shar
شرائط	sharait
شراب	sharaab
شرابور	sharabor
شرابہ	shrab_h
شرابی	sharaabii
شرابیں	sharabain
شرار	sharar
شرارت	shararat
شرارتوں	shararaton
شرارے	sharare
شراعت	sharaat
شرافت	sharafat
شراوت	sherawat
شراکت	shiraakat
شراکتوں	shrakton
شراکتی	shrakti
شراکتیں	shraktin
شربا	shurba
شرجیل	sherjil
شرح	sharah
شرحوں	shrhon
شرحیں	shrhin
شرر	sharer
شرط	shart
شرطوں	shrton
شرطیں	shartain
شرع	shara
شرعی	sharai
شرف	sharf
شرفا	sharfa
شرق	sharq
شرقی	sharqi
شرقیہ	sharqia
شرم	sharam
شرما	sharmaa
شرماتی	sharamati
شرمانے	sharmanay
شرمساری	shararmsari
شرمناک	sharamnaak
شرمندگی	sharmindagi
شرمندہ	sharminda
شرموں	sharmo
شرمی	rabia
شرمین	shermin
شرو	shro
شرود	shrood
شروع	shuru
شروعات	shuruvaat
شروعاتی	shroaati
شروف	shrof
شرومنی	shromni
شري	shree
شريا	shriya
شريعت	shariat
شريف	shareef
شريک	shareek
شرٹ	shirt
شرپسندوں	sharpasandon
شرک	shirk
شرکا	shrka
شرکت	shirkat
شری	shree
شریان	shariyan
شریانوں	sharianon
شریانیں	shareyanien
شریر	shareer
شریعت	shariat
شریعتی	shriati
شریعہ	shreah
شریف	shareef
شریفانہ	sharefana
شریفی	shrifi
شریفین	shrifin
شریمتی	shrimti
شریک	shareek
شستہ	shasta
شش	shash
ششم	shshm
ششماہی	shahmahi
ششی	shshi
شط	sht
شطرنج	shatranj
شعائر	shaer
شعائیں	shuaaein
شعار	shoaar
شعارانہ	shuarana
شعاری	shiari
شعاع	shua
شعاعوں	shu-aon
شعب	shab
شعبان	shabaan
شعبدے	shobdy
شعبوں	shobo
شعبہ	shoba
شعبۂ	shoba
شعبے	shobay
شعر	shair
شعرا	shura
شعراء	shouraa
شعرائے	shuraye
شعروسخن	sharoskhn
شعروشاعری	shero-shayari
شعروں	shairoon
شعری	sheri
شعریت	sheiriyat
شعلوں	shulon
شعلہ	shola
شعلۂ	shola
شعلے	sholay
شعور	shaoor
شعوری	shaori
شعیب	shoiab
شعیرہ	shaeera
شعیوں	shayon
شعیہ	shia
شغف	shughaf
شغل	shugal
شفا	shifa
شفائی	shifai
شفائے	shifaye
شفاخانہ	shafa-khana
شفاخانے	shfakhane
شفاعت	shafaat
شفاف	shafaaf
شفافیت	shfafit
شفع	shafa
شفق	shafaq
شفقت	shafqat
شفيع	shafi
شفٹ	shft
شفیع	shafi
شفیق	shafeeq
شق	shaqq
شقوں	shaqon
شل	maar
شلر	shalar
شلنگ	shilling
شلوار	shlwar
شمائل	shamail
شمار	shumaar
شماروں	shmaron
شمارہ	shumara
شماری	shumari
شماریات	shumariyat
شماریاتی	shmaryati
شمارے	shmare
شماس	shamaas
شمال	shumal
شمالي	shumali
شمالی	shumali
شمر	shamer
شمس	shams
شمسہ	shamsah
شمسی	shamsi
شمش	shamsh
شمشاد	shamshad
شمشیر	shamsheer
شمع	shama
شمعون	shamoon
شمعیں	shammen
شمل	shml
شملہ	shamla
شملے	shimle
شمن	shmn
شمول	bah
شموليت	shamoliat
شمولیت	shamoliat
شمی	shammi
شمیل	fehrist
شمیم	shamem
شن	shan
شناخت	shanakht
شناختی	shanakhti
شنار	shanar
شناس	shanaas
شناسا	shanasa
شناسائی	shanasaai
شناسوں	shnason
شناسي	shanasi
شناسی	shanasi
شنتو	shnto
شنوائی	shanwai
شنکانسن	shnkansn
شنکر	shankar
شنگ	shang
شنگرف	shangraf
شنگھائی	shnghayi
شنہشاہ	shnhshah
شنی	shni
شنید	shaneed
شو	show
شوئی	shoi
شوال	shawaal
شوانند	shwannd
شواہد	shawahid
شوبز	showbiz
شوخ	shokh
شوخی	shokhi
شوخیاں	shokhiyan
شودر	shudder
شور	shore
شورا	shora
شوربہ	shorba
شورش	shorish
شورشوں	shorshon
شورشیں	shorshin
شورو	shoro
شوروغل	shuroghul
شورکوٹ	shorkot
شورہ	shoora
شوری	shoora
شوریدہ	shoridaa
شورے	shooray
شوز	shows
شوشہ	shosh_h
شوشے	shoshe
شوق	shoq
شوقی	shoqi
شوقین	shoqeen
شوقیہ	shoqia
شولر	sholr
شولڈ	shold
شولڈر	shoulder
شون	shown
شوٹ	shot
شوٹر	shooter
شوٹنگ	shooting
شوپر	shoper
شوکت	shaukat
شوکی	shoki
شوگر	sugar
شوگران	shogran
شوگن	shogn
شوھر	shohar
شوہر	shohar
شوہروں	shohron
شيخ	sheikh
شيلڈ	shild
شٹر	shtr
شٹل	shuttle
شپ	ship
شپنگ	shipping
شک	shak
شکائت	ki
شکائی	shkayi
شکار	shikaar
شکارپور	shkarpor
شکاری	shikari
شکاریوں	shikarion
شکاگو	chicago
شکایات	shikayaat
شکایت	shikayat
شکایتں	shikayatein
شکایتیں	shikaytein
شکت	shikat
شکتی	shakti
شکر	shukar
شکراللہ	shkrallh
شکرانہ	shukrana
شکرانے	shkrane
شکرگڑھ	shkrgrhh
شکریہ	shukriya
شکست	shikast
شکستوں	shikaston
شکستگی	shikastagi
شکستہ	shakista
شکشت	shksht
شکل	shakal
شکلا	shakla
شکلوں	shaklon
شکلی	koi
شکلیں	shakalain
شکم	shikam
شکن	shikan
شکنجے	shikanjay
شکنوں	shknon
شکنی	shikni
شکور	shkor
شکوک	shukook
شکوہ	shikwah
شکوے	shikway
شکی	shakki
شکیب	shkib
شکیل	shakeel
شگاف	shagaaf
شگافوں	shigafon
شگافی	shigafi
شگفتگی	shaguftagi
شگفتہ	shagufata
شگن	shgn
شگوفے	shagofay
شگون	shagoon
شگونی	shugooni
شھر	shehar
شہ	sheh
شہاب	shahab
شہابی	shahaabi
شہابیوں	sh_habyon
شہادت	shahadat
شہادتوں	sh_hadton
شہادتیں	shadatain
شہامت	shahamat
شہباز	shahbaz
شہتیروں	shahteeron
شہد	shehad
شہدا	shohada
شہداء	sho-hada
شہدائے	sh_hdaye
شہدادپور	sh_hdadpor
شہدادکوٹ	shadadkot
شہر	shehar
شہربانو	sherbano
شہرت	shohrat
شہرزاد	sherzad
شہرستانی	sh_hrstani
شہرسے	sh_hrse
شہرمیں	sh_hrmin
شہروں	shehron
شہرکراچی	sh_hrkrachi
شہرہ	shahrah
شہرۂ	shahrah
شہری	shehri
شہریار	shehryar
شہریت	shehriat
شہریوں	shehrion
شہزاد	shahzad
شہزادوں	shehzaada
شہزادہ	shehzada
شہزادۂ	shehzada
شہزادی	shehzadi
شہزادیاں	shehzaadiyan
شہزادیوں	sh_hzadyon
شہزادے	sahebzaade
شہسوار	sehsawar
شہسواری	shehswari
شہلا	shehla
شہنائی	shehnaee
شہناز	shehnaz
شہنشاہ	shenshah
شہنشاہوں	sh_hnshahon
شہنشاہیت	sh_hnshahit
شہوانی	shehwani
شہوت	shehwat
شہود	sh_hod
شہکی	shehki
شہید	shaheed
شہیدان	shaheedan
شہیداں	sh_hidan
شہیدوں	shaheedon
شی	she
شیئر	share
شیئرز	shiyrz
شیئرنگ	sharing
شیاطین	shyatin
شیام	shyam
شیبان	shaiban
شیبانی	shibani
شیخ	sheikh
شیخو	shikho
شیخوپورہ	sheikhupura
شید	shid
شیدا	shaida
شیدائی	shedai
شیدی	shidi
شیر	sher
شیرا	sheera
شیراز	shiraz
شیرازہ	sharazah
شیرازی	sharazy
شیرانوالہ	sheranwala
شیرانی	shirani
شیراک	shirak
شیراں	shiran
شیرخوار	shirkhwar
شیرخوارگی	shirkhwargi
شیردل	sherdil
شیرشاہ	shirshah
شیرنی	sherni
شیروانی	shirwani
شیرومانی	shiromani
شیرون	sheron
شیروں	sheron
شیرٹن	shirtn
شیرپاؤ	shirpao
شیرۂ	sheerah
شیری	shery
شیرین	sheereen
شیرینی	sheereeni
شیریں	sheree
شیز	shiz
شیزا	musheer
شیزی	shizi
شیش	sheesh
شیشم	sheesham
شیشوں	sheeshon
شیشہ	sheesha
شیشی	sheeshi
شیشے	sheeshay
شیطان	shetan
شیطانوں	shaitano
شیطانی	shaytani
شیعان	shiaan
شیعت	shiat
شیعوں	shiaon
شیعہ	shiah
شیعیت	shiayt
شیفتہ	sheefta
شیفیلڈ	shifild
شیل	shall
شیلا	sheela
شیلانگ	paiir
شیلف	shilf
شیلنگ	shelling
شیلڈ	shild
شیلی	shelly
شیما	shima
شین	shin
شینا	shina
شیو	shave
شیوا	shaivaa
شیواجی	shiwaji
شیوخ	shyokh
شیون	shewan
شیوہ	shewa
شیٹ	sheet
شیٹی	shetty
شیپ	shape
شیڈول	schedule
شیڈیول	shidyol
شیکسپئر	shikspyr
شیکسپیئر	shakspeare
شیکل	shackle
شیکھر	shikhr
شیہان	shihan
شے	shai
ص	s
صا	sa
صائب	saib
صائم	saim
صائمہ	saima
صابر	sabir
صابرہ	sabra
صابری	sabri
صابن	sabun
صابی	sabi
صاحب	sahib
صاحبان	sahiban
صاحبزادوں	sahbzadon
صاحبزادہ	sahibzadah
صاحبزادی	sahebzadi
صاحبزادیاں	sahbzadyan
صاحبزادیوں	sahbzadyon
صاحبزادے	sahibzaday
صاحبہ	sahibaa
صادر	sadir
صادق	sadiq
صادقین	sadqain
صارف	sarif
صارفین	sarfeen
صاعقہ	saiqa
صاف	saaf
صافہ	safah
صافی	saafi
صالح	saleh
صالحہ	saleha
صانع	sanie
صبا	saba
صباح	sabah
صبح	subah
صبحوں	subahon
صبر	sabr
صبری	sabri
صبغت	sabghat
صبوحی	saboohi
صبیح	sabih
صبیحہ	sabiha
صحابہ	sahaba
صحابۂ	sahaba
صحابی	sahabi
صحابیہ	sahabia
صحارا	sahara
صحارہ	sharh
صحافت	sahaafat
صحافتی	sahafti
صحافی	sahafi
صحافیانہ	shafyanh
صحافیوں	sahafion
صحبت	sohbat
صحبتوں	sohbaton
صحت	sahet
صحرا	sehraa
صحراؤں	sahraoon
صحرائي	sahrayi
صحرائی	sahrayi
صحرائے	sehraye
صحفہ	shfh
صحن	sehan
صحيح	sahih
صحیح	sahih
صحیفہ	sahifah
صحیفے	saheefay
صخر	sakhar
صخرہ	sakhra
صد	sad
صدا	sada
صدائوں	sadaoon
صدائیں	sadayen
صدائے	sadaye
صدارت	sadarat
صدارتی	sadaarti
صداقت	sadaqat
صدام	saddam
صداکار	sdakar
صداکاروں	sdakaron
صداکاری	sdakari
صدر	saddar
صدرات	sadarat
صدراتی	sdrati
صدرارتی	sadarti
صدرالدین	sdraldin
صدرجارج	sdrjarj
صدرجنرل	ki
صدرصاحب	sdrsahb
صدرمحمد	sdrmhmd
صدری	sadri
صدسالہ	sdsalh
صدف	sadaf
صدفہ	sadfa
صدق	sadaq
صدقات	sadqat
صدقہ	sadqa
صدقے	ke
صدمات	sadmaat
صدموں	sdmon
صدمہ	sadma
صدمے	sadme
صدور	sadoor
صدوق	sadooq
صدی	sadi
صدیاں	sadiyan
صدیق	seddiq
صدیقہ	sadiqa
صدیقی	siddiqui
صدیوں	sadiiyon
صر	sr
صراحت	sarahat
صراحتا	sarahta
صراحی	suraahi
صراط	siraat
صرافہ	sarafa
صرد	srd
صرف	sirf
صرفہ	srfh
صریح	sarih
صریر	sareer
صعب	saab
صعدہ	saudha
صعنت	sant
صعوبت	suobat
صعوبتوں	savbton
صعوبتیں	savbtin
صعید	saeed
صغر	sigher
صغری	sughra
صغير	saghir
صغیر	saghir
صغیرہ	saghira
صف	saf
صفا	safa
صفائی	safai
صفات	sifaat
صفاتی	safaati
صفایا	safaya
صفت	sift
صفتیں	sftin
صفحات	safhaat
صفحوں	safhon
صفحہ	safha
صفحۂ	safha
صفحے	safhay
صفدر	safdar
صفدری	safderi
صفر	sifar
صفرا	sufra
صفراوی	safrawi
صفوان	safwan
صفورہ	sforh
صفوں	safoon
صفوی	sfoy
صفي	safi
صفی	safi
صفیر	safir
صفیں	safen
صفیہ	safia
صل	salle
صلا	sla
صلابت	sulabat
صلاح	salah
صلاحتیں	slahtin
صلاحيتوں	salahiyaton
صلاحیت	salahiyat
صلاحیتوں	salahiyaton
صلاحیتیوں	slahityon
صلاحیتیں	salahiyaten
صلب	sulb
صلح	sulah
صلو	slo
صلوۃ	salaat
صلي	sale
صلہ	sila
صلی	sale
صلیب	saleeb
صلیبوں	slibon
صلیبی	salebi
صلیبیوں	saleebiyon
صلے	siilay
صمد	samd
صنائع	sanae
صناع	sanaa
صناعی	snaay
صندل	sandal
صندوق	sandooq
صندوقوں	sndoqon
صنعا	sanaa
صنعت	sanat
صنعتوں	san-aton
صنعتي	sanati
صنعتکار	snatkar
صنعتکاروں	aur
صنعتی	sanati
صنعتیں	sanaten
صنف	sanaf
صنفی	sanfi
صنم	sanam
صنوبر	sanober
صوابدید	swabdid
صوابی	sawabi
صوبائی	sobai
صوبائیت	sobayit
صوبوں	sobon
صوبھو	sobho
صوبہ	soobah
صوبۂ	soobah
صوبے	soobay
صوت	soot
صوتی	sooti
صوتیات	sotiyaat
صوتیاتی	sotyati
صور	sor
صورت	soorat
صورتحال	sorat
صورتوں	sooraton
صورتی	soorti
صورتیں	soorten
صوری	soori
صوف	sof
صوفہ	sofa
صوفی	sufi
صوفیا	sofia
صوفیائے	sofyaye
صوفیانہ	sufiyana
صوفیوں	soofiyon
صوفیہ	sufia
صوفے	sofay
صول	sol
صولت	solat
صومالی	somali
صومالیہ	somalia
صومعہ	suma
صہ	sh
صہبا	sehba
صہیب	suhib
صی	si
صیح	sih
صیحح	sihh
صید	saed
صیغہ	sigha
صیغۂ	sigha
صیغے	seeghay
صیقل	ki
صیہونی	sihoni
صیہونیت	sehoniat
صیہونیوں	sihonyon
ض	z
ضائع	zaya
ضابطہ	zabita
ضابطۂ	zabita
ضابطے	zaabtay
ضاد	zaad
ضافہ	zafa
ضامن	zamin
ضایع	zaya
ضبط	zabt
ضبطی	zabti
ضحاک	zhak
ضحی	zuhaa
ضخام	zakham
ضخامت	zakhamat
ضخیم	zakheem
ضد	zid
ضدی	ziddi
ضر	zar
ضرار	zirar
ضرب	zarb
ضربی	zarbi
ضرر	zarrar
ضرروری	zrrori
ضروتوں	zroton
ضرور	zaroor
ضرورت	zaroorat
ضرورتوں	zaroraton
ضرورتیں	zarurten
ضروري	zurori
ضروری	zurori
ضروریات	zaroriat
ضروریہ	zrorih
ضروی	liye
ضرویات	zroyat
ضعف	zeaf
ضعیف	zaeef
ضعیفوں	zaeefon
ضعیفی	zaefi
ضلع	zila
ضلعوں	zilon
ضلعہ	zlah
ضلعی	zilai
ضلعے	zilay
ضم	zam
ضمان	zuman
ضمانت	zamanat
ضمانتی	zamanti
ضمانتیں	zmantin
ضمن	zimn
ضمنی	zimni
ضمیر	zameer
ضمیروں	zameroun
ضمیری	zameeri
ضمیمہ	zameema
ضمیمے	zmime
ضوابط	zawabit
ضیا	zia
ضیاء	zia
ضیاالحق	zia
ضیاع	zeyaa
ضیافت	ziyafat
ضیالحق	zyalhq
ط	toy
طئے	tye
طا	ta
طاؤس	taaos
طائرانہ	tayranh
طائرہ	taira
طائف	taif
طائفہ	taifa
طائوس	taous
طائی	tai
طابع	tabey
طابق	tabiq
طار	tarr
طارق	tarek
طاری	taari
طاس	taas
طاعت	taat
طاعون	taoon
طاغوتی	satah
طاق	taaq
طاقت	taaqat
طاقتور	taaqatwar
طاقتوں	taqaton
طاقتی	taaqti
طاقتیں	taqtin
طالب	taalib
طالبات	talbat
طالبان	taliban
طالبانائزیشن	talbanayzishn
طالبہ	taliba
طالش	talish
طالع	taalee
طالوت	taloot
طانوی	tanoy
طاہر	tahir
طاہرالقادری	tahir
طاہرہ	tahira
طاہری	tahri
طب	tib
طباعت	taba-at
طبرس	tabrass
طبری	tibri
طبع	taba
طبعی	tabee
طبعیات	tabeyaat
طبعیت	tabiyat
طبق	tabaq
طبقات	tabqaat
طبقاتی	tubqati
طبقوں	tabqo
طبقہ	tabqa
طبقے	tabqay
طبل	tabal
طبلہ	tblh
طبلے	tble
طبی	tibbi
طبیب	tabeb
طبیعات	tabeeyat
طبیعت	tabiyat
طح	th
طحال	tahaal
طر	tar
طراب	tarab
طرابلس	trablus
طرار	taraar
طراز	taraz
طرازی	tarazi
طرافت	zarafat
طرب	tarb
طربیہ	trbih
طرح	terhan
طرز	tarz
طرزحکومت	trzhkomt
طرزیں	trzin
طرطوسی	trtosi
طرف	taraf
طرفدار	tarafdar
طرفداروں	trfdaron
طرفداری	tarfdaari
طرفہ	tarfah
طرفین	trfin
طرق	tiraq
طرہ	turah
طریفہ	tarifa
طریق	tareeq
طریقت	tareqat
طریقوں	tareeqon
طریقہ	tareeqa
طریقۂ	tareeqa
طریقی	tariki
طریقے	tareeqay
طس	tas
طشتری	tashtari
طعام	ta-aam
طعن	ta'an
طعنہ	tana
طعنے	taanay
طغرل	tughrel
طغیانی	tughyani
طفل	tifal
طفلی	tafli
طفولیت	tafoliat
طفیل	tufail
طفیلی	tufaili
طلا	tila
طلائی	talai
طلاب	tulab
طلاع	tlaa
طلاق	talaq
طلال	talal
طلب	talab
طلبا	tlba
طلباء	talba
طلبائے	tlbaye
طلبگاروں	talabgaron
طلبہ	talba
طلبی	talabi
طلحہ	talah
طلسم	tilsam
طلسمی	tilismi
طلع	talih
طلعت	talat
طلوع	tulu
طلیحہ	talih
طلیطلہ	taleetla
طمانچہ	tamancha
طمانچے	tmanche
طمانیت	tamaniat
طمع	tama
طمغے	tmghe
طمنچہ	tamancha
طناب	tanab
طنابی	tanabi
طناز	tanaz
طنجہ	tanga
طنز	tanz
طنزو	tanzo
طنزیہ	tanzia
طو	to
طوائف	tawaif
طوائفوں	twayfon
طواف	tuwaf
طوالت	tawalat
طوبی	tuba
طور	tor
طورایک	torayk
طورخم	torkhm
طورسے	torse
طورو	toro
طورپر	is
طورپریہ	torprih
طوز	toz
طوس	tos
طوسی	tusa
طوطا	tota
طوطی	toti
طوطے	totay
طوفان	tufaan
طوفانوں	tufanoon
طوفانی	tofani
طوق	taoq
طول	tole
طولانی	tolani
طولكرم	tolkrm
طولکرم	tolkrm
طولی	toli
طومار	tomaar
طويل	taweel
طوی	tawee
طویل	taweel
طياروں	tayyaron
طيارہ	tayyarah
طيارے	tayyaray
طيبہ	tayyiba
طہ	taah
طہارت	taharat
طہماسپ	tahmasap
طہمورث	tahmooras
طہور	tahoor
طیار	tayyar
طیاروں	tayyaron
طیارہ	tayyarah
طیارے	tayyaray
طیب	tayyab
طیبہ	tayyiba
طیبی	tayyabi
طیرہ	taira
طیش	taish
طیف	tayyaf
طیفی	taifa
طیور	aur
طے	tey
ظ	z
ظافر	zafir
ظالم	zalim
ظالمانہ	zalimana
ظالموں	zaalmon
ظاھر	zahr
ظاہر	zahir
ظاہرداری	zahirdari
ظاہرکیا	zahrkya
ظاہرہ	zahira
ظاہری	zahiri
ظاہریت	isi
ظاہریہ	zahrih
ظرافت	zarafat
ظرف	zarf
ظرفی	zarfi
ظروف	zaroof
ظريف	zareef
ظریف	zareef
ظریفانہ	zarefana
ظریفی	zrifi
ظفار	zaffaar
ظفر	zafar
ظفراللہ	zfrallh
ظفروال	zafarwal
ظفری	zafri
ظفریاب	zafaryab
ظل	zal
ظلم	zulm
ظلمات	zulmaat
ظلمت	zulmat
ظن	zan
ظنی	zanni
ظواہر	zawahir
ظہار	zhar
ظہارہ	zuhara
ظہبی	zhbi
ظہر	zahar
ظہران	zhran
ظہرہ	zahra
ظہری	zuhri
ظہور	zahuur
ظہیر	zahir
ظہیرالدین	zhiraldin
ع	ain
عا	aa
عائد	aed
عائذ	aeze
عائشہ	aisha
عائلی	aayli
عابد	abid
عابدہ	abida
عابدی	aabdi
عاجز	aajiz
عاجزانہ	aajizana
عاجزی	aajzi
عاجلہ	ajila
عاد	aad
عادات	aadaat
عادت	aadat
عادتوں	aadato
عادتیں	adateen
عادل	adil
عادلانہ	aadlanh
عادۃ	adeh
عادی	aadi
عار	aar
عارض	aariz
عارضہ	aarzah
عارضۂ	aarzah
عارضی	earzi
عارضے	aarze
عارف	arif
عارفانہ	arifana
عارفانی	aarfani
عارفوں	arifon
عارفہ	arifa
عارفین	arfain
عاری	aari
عازم	azim
عاشق	aashiq
عاشقوں	aashiqon
عاشقی	aashiqii
عاشور	aashor
عاشورا	aashora
عاشورہ	aashorh
عاص	aas
عاصد	asid
عاصم	asim
عاصمہ	asima
عاطف	atif
عاطفت	atifat
عافیت	aafiat
عافیہ	afia
عاق	aaq
عاقب	aqib
عاقبت	aqibat
عاقل	aqil
عالم	aalam
عالمانہ	aalimana
عالموں	aalmon
عالمي	aalmi
عالمگير	alamgir
عالمگیر	alamgir
عالمگیری	alamgeeri
عالمگیریت	aalmgirit
عالمہ	alima
عالمی	aalmi
عالي	aliiiii
عالی	aliiiii
عالیشان	aalishaan
عالیہ	alia
عام	aam
عامر	aamir
عامرہ	amera
عامل	amel
عاملوں	aamlon
عاملہ	amila
عاملیت	aamliyat
عاملین	aamlin
عامہ	aama
عامۂ	aama
عامۃ	aama
عامی	aami
عامیانہ	aamiyana
عاکف	aakif
عاید	ayad
عبا	aba
عباد	ibad
عبادات	ebadaat
عبادت	ibadat
عبادتوں	ibadatoon
عبادتیں	ibaadaten
عبادی	abadi
عبارات	ibarat
عبارت	ibaarat
عبارتوں	abarton
عبارتیں	ibartain
عباس	abbas
عباسی	abbasi
عبث	abs
عبد	abdul
عبدا	abda
عبدالاحد	abdalahd
عبدالاول	abdalavl
عبدالباسط	abdalbast
عبدالباقی	abdalbaqi
عبدالجبار	abdaljbar
عبدالجلیل	abdaljlil
عبدالحئی	abdalhyi
عبدالحامد	abdalhamd
عبدالحق	abdalhq
عبدالحلیم	abdalhlim
عبدالحمید	abdalhmid
عبدالحکیم	abdalhkim
عبدالحی	abdalhi
عبدالخالق	abdalkhalq
عبدالرب	abdalrb
عبدالرحمان	saheli
عبدالرزاق	abdul
عبدالرشید	abdalrshid
عبدالروف	abdalrof
عبدالسبحان	abdalsbhan
عبدالسلام	abdusalam
عبدالسمیع	abdalsmia
عبدالشید	abdalshid
عبدالصبور	abdalsbor
عبدالصمد	abdalsmd
عبدالطیف	abdul
عبدالعزيز	abdalaziz
عبدالعزیز	abdalaziz
عبدالعلی	abdalali
عبدالعلیم	abdalalim
عبدالغفار	abdalghfar
عبدالغنی	abdalghni
عبدالقادر	abdul
عبدالقیوم	abdalqyom
عبداللطیف	abdalltif
عبدالله	abdullah
عبداللہ	abdullah
عبدالماجد	abdalmajd
عبدالمالک	abdalmalk
عبدالمجید	abdalmjid
عبدالملک	abdalmlk
عبدالمنان	abdalmnan
عبدالمومن	abdalmomn
عبدالناصر	abdalnasr
عبدالنبی	abdalnbi
عبدالواحد	abdalwahd
عبدالوارث	abdalwars
عبدالوحید	abdalohid
عبدالولی	abdaloli
عبدالکریم	abdul
عبدالکلام	abdalklam
عبدل	abdul
عبدلرزاق	abdlrzaq
عبدللہ	abdllh
عبدہ	abd_h
عبرانی	abrani
عبرانیوں	abraniyon
عبرت	ibrat
عبرتناک	abrtnak
عبو	abo
عبودیت	abodit
عبور	uboor
عبوری	aboori
عبید	abaid
عبیداللہ	abaidullah
عبیدہ	ubaida
عبیدی	abidi
عبیر	abeer
عبیس	abis
عبیل	abeel
عت	aat
عتاب	atab
عتبہ	atba
عترت	itrat
عتمہ	itma
عتیق	ateeq
عثمان	usmaan
عثمانی	usmani
عثمانیوں	asmanyon
عثمانیہ	usmaniya
عجائب	ajaaeb
عجائبات	ajaebaat
عجب	ajab
عجز	ijaz
عجلت	ujlat
عجم	ajm
عجمہ	ajma
عجمی	ajmi
عجوبہ	ajooba
عجیب	ajeeb
عد	ad
عدالت	adalat
عدالتوں	adalaton
عدالتی	adalti
عدالتیں	adaltin
عداوت	adawat
عدت	iddat
عدد	adad
عددی	adadi
عدسہ	adsa
عدسۂ	adsa
عدسی	adsi
عدسے	adse
عدل	adal
عدلیہ	adliya
عدم	adam
عدن	aden
عدنان	adnan
عدو	ado
عدولی	aduli
عدی	adi
عدید	adeed
عدیم	adeem
عدیمہ	adima
عذاب	azaab
عذابوں	azabon
عذر	izr
عذرا	azraa
عر	ar
عرا	erra
عراق	iraq
عراقی	araqi
عراقیوں	araqyon
عرب	arab
عربوں	arbo
عربہ	arbah
عربی	arabi
عربیہ	arbia
عرس	uras
عرش	arsh
عرشہ	arsha
عرشی	arshi
عرشے	arshay
عرصہ	arsa
عرصۂ	arsa
عرصے	arsay
عرض	arz
عرضی	arzi
عرف	urf
عرفات	arfat
عرفان	urfan
عرفانی	irfani
عرفہ	urfa
عرفی	urfi
عرفیت	urfiat
عرق	arq
عروبہ	arubah
عروج	urooj
عروس	aroos
عروض	arooz
عروہ	urwah
عریانی	uryani
عریاں	uryaan
عریش	areesh
عریشہ	areesha
عریض	areez
عریضہ	areeza
عز	izz
عزائم	azaym
عزاخانہ	azakhanh
عزاداری	azadari
عزالدین	izuddin
عزام	azaam
عزت	izzat
عزتوں	izzatoon
عزتی	izzati
عزرا	azra
عزرائیل	izraeel
عزل	izal
عزلت	azlat
عزم	azm
عزوجل	azzwajal
عزيز	aziz
عزيزي	azeezi
عزیر	uzair
عزیز	aziz
عزیزالدین	azizaldin
عزیزو	azeezo
عزیزواقارب	azizwaqarb
عزیزوں	azeezon
عزیزہ	aziza
عزیزی	azeezi
عزیمت	azimat
عسرت	usrat
عسقلان	asqalan
عسقلانی	asqlani
عسير	asir
عسکری	askari
عسکریت	askriat
عسیر	asir
عش	ash
عشا	asha
عشاء	esha
عشائے	ashaye
عشاریہ	asharih
عشاق	ashaaq
عشر	ushar
عشرت	ishrat
عشروں	ashron
عشرہ	ashra
عشرۃ	jana
عشری	ashri
عشریہ	ashrih
عشرے	ashray
عشق	ishhq
عشقیہ	ishqia
عشیر	ashir
عشیرہ	asheera
عصا	asa
عصابہ	asaba
عصب	asab
عصبی	asbi
عصبیات	asbiyaat
عصبیت	asbiyat
عصر	asar
عصروں	asron
عصری	asri
عصمت	asmat
عضا	aza
عضر	azar
عضلات	azlaat
عضلاتی	azlaati
عضلہ	azla
عضو	uzoo
عطا	ataa
عطائی	ataai
عطائے	ataye
عطااللہ	ataullah
عطار	attaar
عطارد	utarid
عطاری	ataari
عطر	itar
عطرے	atre
عطف	atf
عطیات	atiyat
عطیم	atim
عطیہ	atiyah
عطیۂ	atiyah
عطیۃ	atiyah
عطیے	atye
عظام	azaim
عظم	azm
عظمت	azmat
عظمتوں	azmaton
عظمتیں	azmatain
عظمہ	izma
عظمی	uzma
عظیم	azeem
عظیمی	azimi
عفان	affan
عفت	iffat
عفریت	ifrit
عفرین	afrin
عفو	afoo
عفیف	afif
عفیفہ	afifa
عقائد	aqaed
عقاب	uqaab
عقابی	aqaabi
عقال	aqaal
عقب	aqab
عقبہ	ukba
عقبی	uqbi
عقد	aqab
عقدہ	uqda
عقدے	aqde
عقرب	aqrab
عقل	aqal
عقلمند	aqalmand
عقلمندی	aqalmandi
عقلی	aqli
عقلیت	aqliyat
عقلیہ	aqlia
عقوبت	uqobat
عقول	aqeeq
عقيدہ	aqeedah
عقید	aqeed
عقیدت	aqeedat
عقیدوں	aqeedon
عقیدہ	aqeedah
عقیدۂ	aqeedah
عقیدے	aqeday
عقیق	aqeeq
عقیل	aqeel
علا	ula
علائوالدین	alauddin
علاج	ilaaj
علاحدگی	alahdgi
علاحدہ	ilahada
علاقائي	ilaqai
علاقائی	ilaqai
علاقو	alaqo
علاقوں	ilaqon
علاقہ	ilaqa
علاقے	ilaqay
علالت	alalat
علام	allam
علامات	alamaat
علامت	alamat
علامتوں	alamton
علامتی	allamti
علامتیں	alamtain
علامہ	allama
علامی	alami
علان	ellan
علانیہ	alania
علاو	alav
علاوہ	ilawa
علاہ	alah
علت	illat
علحدگی	alhdgi
علحیدگی	alhedgi
علحیدہ	alhid_h
علق	alaq
علل	all
علم	ilm
علمأ	alma_ea_ia
علما	ulma
علماء	ulama
علمائے	ulmaye
علمانہ	almanh
علمبردار	alambardar
علمبرداروں	almbrdaron
علمدار	alamdar
علمو	almo
علموں	ilmoon
علمي	ilmi
علمی	ilmi
علمیت	ilmiat
علو	alo
علوم	aloom
علوں	alon
علوی	aloy
علي	ban
عليحدگی	alehadgi
عليہ	aleh
علی	ali
علیا	ulya
علیحدگی	alehadgi
علیحدہ	alehda
علیزئی	alizyi
علیل	aleel
علیم	aleem
علینا	alina
علینہ	alinh
علیک	alik
علیکم	alaikum
علیگ	alig
علیگڑھ	aligarh
علیہ	aleh
علیہا	alaiha
علیہان	alihan
علیہم	allahum
عم	am
عمائدین	imaideen
عماد	amad
عمادی	umadii
عمار	amaar
عمارات	amarat
عمارت	imarat
عمارتوں	imaarton
عمارتی	emarti
عمارتیں	emiratein
عمارہ	umara
عمال	amal
عمامہ	amaamh
عمامے	amame
عمان	amman
عمانوایل	amanwayl
عمانی	amani
عمد	amd
عمدا	amadan
عمدرآمد	amdraamd
عمدگی	umdagi
عمدہ	umdah
عمر	umar
عمران	imran
عمرانہ	imrana
عمرانی	imrani
عمرانیات	imraniyaat
عمربھر	umrbhar
عمررسیدہ	umar-raseedah
عمرفاروق	amrfaroq
عمرمیں	ki
عمرو	umro
عمروں	umroon
عمرکوٹ	amrkot
عمرہ	omra
عمری	umri
عمریا	umariya
عمریں	umrein
عمرے	omre
عمل	amal
عملا	amlan
عملداروں	amldaron
عملداری	amal
عملدرآمد	amal-dar-aamad
عملدرامد	amldramd
عملوں	amlon
عملہ	amlah
عملۂ	amlah
عملی	amli
عملیات	amliyaat
عملیاں	amlyan
عملیت	amaliyat
عملیوں	amlyon
عملے	amlay
عمود	amood
عمودا	amoodan
عمودی	amoodi
عمورہ	amura
عموم	ummoom
عموما	amuman
عمومی	umomi
عمیر	amir
عمیرہ	ameera
عمیق	ameeq
عمیل	umeel
عن	an
عنائت	anayt
عناد	inaad
عناصر	anasir
عناصرکی	anasrki
عنان	annan
عنایات	inayaat
عنایت	inayat
عنبر	anber
عنبرین	amberin
عنبہ	anbha
عنترہ	antrah
عند	ind
عندلیب	andaleeb
عندیہ	andia
عنصر	ansar
عنصری	unsari
عنقا	anqa
عنقریب	anqareeb
عنوان	unwan
عنوانات	anwanat
عنوانی	unwani
عنوانیوں	balkay
عنہ	anho
عنہا	anha
عنہما	anhuma
عنین	anneen
عو	av
عوارف	awaref
عواقب	awaqib
عوام	awam
عوامل	awamil
عوامی	awaami
عود	aud
عودہ	odah
عور	avr
عورت	aurat
عورتوں	aurton
عورتیں	aurtain
عوض	aiwz
عوضانہ	ewzana
عوف	auf
عون	aun
عيش	aish
عين	ain
عکاذ	akaz
عکاس	akkaas
عکاسی	akkaasi
عکاظ	akaz
عکس	aks
عکسبندی	aksbndi
عکسی	aksi
عہ	ah
عہد	ehad
عہدنامے	ehdnaamay
عہدو	ahdo
عہدوں	ohdon
عہدہ	ohda
عہدۂ	ohda
عہدی	ehdi
عہدیدار	ohdedar
عہدیداران	ahdidaran
عہدیداروں	ohdedaron
عہدے	ohday
عی	ay
عیادت	ayadat
عیار	ayyar
عیارانہ	ayarana
عیاری	ayyari
عیاش	ayaash
عیاشی	ayashi
عیاشیوں	ayashyon
عیال	ayal
عیاں	ayaan
عیب	aib
عید	eid
عیدو	aydo
عیدوں	aydon
عیدگاہ	aydgah
عیدی	aidee
عیدین	aydin
عیدیں	eidain
عیسا	aysa
عیسائي	isaai
عیسائی	isaai
عیسائیت	esaiyat
عیسائیوں	esaion
عیسوی	eewsi
عیسویں	eeswi
عیسی	eesa
عیش	aish
عیل	ayl
عیلہ	aila
عین	ain
عینا	aina
عینک	aeinak
عینی	aini
عینین	ainin
عیوب	ayob
عیوض	ayoz
عیون	uyoon
عیہ	ayh
غائب	gayab
غائبانہ	ghaybanh
غائر	ghair
غائی	ghai
غار	ghaar
غارت	ghaarat
غارتگری	ghartgri
غاروں	gharon
غاز	gaaz
غازہ	ghazah
غازی	ghazi
غازیخان	ghazikhan
غازیوں	ghazyon
غاصب	ghasib
غاصبوں	ghasbon
غافر	ghafir
غافل	ghaafil
غالب	ghalib
غالبا	ghaliban
غامدی	ghamdi
غایت	ghayat
غبار	gubhar
غباروں	ghbaron
غبارے	ghubaare
غبن	ghaban
غدار	ghaddar
غداروں	ghaddaron
غداری	ghaddari
غدر	ghadar
غدود	ghudood
غدودی	ghadoodi
غدیر	ghadir
غذا	ghiza
غذاؤں	ghzaon
غذائی	ghizai
غذائیات	ghzayyat
غذائیت	ghizaiyat
غذایت	ghazaiat
غذر	ghzr
غذی	ghzi
غر	ghur
غرب	garbh
غرباء	ghurba
غربت	gurbat
غربی	ghrbi
غرض	gharz
غرضی	gharzi
غرضیکہ	ghrzik_h
غرق	ghark
غرقاب	garqaab
غرقابی	gharqaabi
غرناطہ	ghrnat_h
غروب	ghuroob
غرور	ghuroor
غریب	ghareeb
غریبوں	ghareebon
غریزی	garezi
غزا	ghiza
غزال	ghazaal
غزالہ	ghazala
غزالی	ghazali
غزل	ghazal
غزلوں	ghazlon
غزلہ	ghazla
غزلیں	gazleen
غزنوی	ghaznavi
غزنویوں	ghznoyon
غزنی	ghazni
غزوات	ghazwaat
غزوہ	ghazwah
غزوۂ	ghazwah
غزوۃ	ghazwah
غزہ	gaza
غسل	ghusal
غصب	ghasab
غصہ	gussa
غصیلی	ghsili
غصے	ghusse
غضب	gazabb
غضبناک	ghazabnak
غضنفر	ghazanfer
غفاری	ghaffari
غفران	ghafran
غفلت	ghaflat
غفلتوں	ghafalton
غفور	ghafoor
غفیر	ghafeer
غل	ghul
غلاظت	ghalazat
غلاف	ghilaaf
غلافوں	ghlafon
غلام	ghulam
غلامانہ	ghulamana
غلاموں	ghulamoo
غلامی	ghulami
غلبہ	ghalba
غلبے	ghlbe
غلط	ghalat
غلطاں	ghaltan
غلطی	ghalti
غلطیاں	ghalatiyan
غلطیوں	ghaltion
غلمان	ghilman
غلو	ghallo
غلہ	ghalla
غلیظ	ghaleez
غلے	ghallay
غم	gham
غماز	ghammaz
غمازی	ghmazi
غمخوار	gam_khvar
غمر	ghamer
غمزدوں	ghmzdon
غمزدہ	ghumzdaa
غمناک	ghumnaak
غموں	gamoon
غمگین	ghamgeen
غمگینی	ghamgeeni
غمی	ghami
غن	ghn
غنا	ghana
غنائی	ganai
غنائیت	ghanaiyat
غنودگی	ghunodghi
غنچے	ghunche
غنڈوں	ghndon
غنڈہ	ghunda
غنڈے	ghnde
غنہ	ghuna
غنی	ghanni
غنیم	ghanim
غنیمت	ghanemat
غواص	ghawas
غوث	ghaus
غوثی	ghosi
غوثیہ	ghosia
غور	ghhor
غورطلب	ghortlb
غوروخوص	ghorokhos
غوروفکر	ghor-o-fikar
غوری	ghori
غوطہ	ghouta
غوطے	ghote
غوغا	ghoga
غول	ghool
غير	ghair
غچہ	ghch_h
غیاث	ghayas
غیال	ghayal
غیب	ghaib
غیبت	gheebat
غیبی	ghaibi
غیر	ghair
غیرت	ghairat
غیرتی	ghairti
غیرجانب	ghirjanb
غیرجانبدار	ghayr-jaanibdaar
غیرجماعتی	ghirjmaati
غیرحاضر	ghirhazr
غیردانشمندانہ	ghirdanshmndanh
غیرسرکاری	ghirsrkari
غیرسیاسی	ghirsyasi
غیرشرعی	ghirshray
غیرضروری	liye
غیرضمانتی	ya
غیرقانونی	ghairqanooni
غیرمسلح	ghirmslh
غیرمسلم	ghirmslm
غیرمسلموں	ghair
غیرمعروف	ghirmarof
غیرمعمولی	ghayr-maa'mooli
غیرمقامی	ghirmqami
غیرمنافع	ghirmnafa
غیرموجودگی	ghirmojodgi
غیرواضح	ghirwazh
غیروں	gheiron
غیریت	ghirit
غیریقینی	ghiriqini
غیض	ghaiz
غیظ	ghaiz
غیوب	gayub
غیور	ghayoor
ـ	thisishypenhere
ــ	--
ف	f
فئیر	fyir
فا	faa
فاؤ	fao
فاؤنٹین	fountains
فاؤنڈ	found
فاؤنڈیشن	foundation
فائدوں	faido
فائدہ	faida
فائدے	faiday
فائر	fire
فائرفاکس	fayrfaks
فائرنگ	fayrng
فائز	faiz
فائزہ	faiza
فائض	fayz
فائف	fayf
فائق	faiq
فائل	file
فائلز	files
فائلوں	faylon
فائلیں	faylin
فائن	fine
فائنانس	faynans
فائنل	final
فائنڈنگ	fayndng
فائونڈیشن	fayondishn
فائٹ	fayt
فائٹر	faytr
فائی	fai
فائینل	fayinl
فائیو	five
فائیٹ	fayit
فاتح	faateh
فاتحانہ	fatihana
فاتحہ	fatiha
فاتحین	fateheen
فاترالعقل	fatar-ul-aqal
فاختاؤں	faakhtaon
فاختہ	fakhta
فاخر	fakhir
فاخرہ	fakhira
فادر	father
فادرز	fathers
فار	far
فارابی	farabi
فاران	faraan
فارخ	farikh
فارس	faris
فارسٹ	forest
فارسی	farsi
فارسیوں	farsyon
فارض	farez
فارغ	farigh
فارقی	farqi
فارم	form
فارما	pharma
فارمر	farmer
فارمز	forms
فارمنگ	farming
فارمولا	formula
فارمولہ	farmolh
فارمولے	farmole
فارموں	farmon
فارمیسی	pharmacy
فارمیٹ	farmit
فارن	farn
فارو	faro
فارورڈ	frwd
فاروق	farooq
فاروقی	farooqi
فاروقیہ	farooqia
فارہ	faarah
فاریسٹ	farist
فارین	fareen
فاریکس	forex
فاس	faas
فاسخ	fasikh
فاسد	fasid
فاسفورس	phosphorus
فاسفیٹ	fasfit
فاسق	fasik
فاسو	fasoo
فاسٹ	fast
فاسٹر	faster
فاش	faash
فاشزم	fashzm
فاصل	fasil
فاصلاتی	faslati
فاصلوں	fasloon
فاصلہ	faasla
فاصلے	faaslay
فاضل	fazil
فاضلہ	fazila
فاضلی	fazli
فاطر	fatir
فاطمہ	fatima
فاطمۃ	fatima
فاطمی	fatimy
فاطمید	fatmid
فاطمیہ	fatimiya
فاعل	fail
فاعلہ	falah
فاعلی	faili
فاقوں	faqon
فاقہ	faqa
فاقے	faqay
فال	faal
فالا	falaa
فالتو	faaltu
فالج	faalij
فالز	falz
فالسہ	phalsa
فالن	fallen
فالو	falo
فالودہ	falooda
فالٹ	fault
فالٹس	faults
فالکن	falkn
فالیکون	falikon
فام	faam
فاموں	famon
فان	faan
فانا	fana
فانوس	phanoos
فانٹ	font
فانٹس	fonts
فانڈیشن	fandishn
فانی	faani
فاونڈیشن	foundation
فاٹا	fata
فاک	fack
فاکس	fox
فایدہ	fayd_h
فتاوی	fatawa
فتح	fatah
فتحیاب	fatahyaab
فتن	fitan
فتنوں	ftnon
فتنہ	fitnah
فتنۂ	fitnah
فتنے	ftne
فتو	fto
فتوائے	fehash
فتوحات	ftohat
فتور	futoor
فتووں	fatwoon
فتوی	fatwa
فتوے	fatwe
فتہ	fita
فجر	fajar
فجور	fajoor
فحاشی	fahaashi
فحش	fehash
فخر	fakhr
فخرزمان	fkhrzman
فخری	fakhri
فخریہ	fakharya
فخیم	fakhim
فدا	fida
فدائی	fadai
فدائین	fdayin
فدوی	fidwi
فدیہ	fidya
فر	fir
فرئیر	fryir
فرا	fira
فرائص	frays
فرائض	faraiz
فرائڈ	faried
فرائی	fry
فرائیڈ	fried
فرائیڈے	friday
فرات	furaat
فراج	abbu
فراخ	farakh
فراخت	farakhat
فراخدلی	farakhdili
فراخی	farakhi
فراد	farad
فرار	faraar
فراز	frazz
فرازی	farazi
فراست	firasat
فراسٹ	frost
فراش	farash
فراغ	faragh
فراغت	faraghat
فراق	faraaq
فرام	frm
فراموش	faramosh
فرامین	faramin
فرانز	franz
فرانس	france
فرانسس	franss
فرانسسکو	francisco
فرانسسی	franssi
فرانسسیوں	franssyon
فرانسی	faranci
فرانسیس	fransis
فرانسیسکو	fransisko
فرانسیسی	francesi
فرانسیسیوں	fransisyon
فرانک	frank
فرانکو	franko
فراوانی	farawani
فراواں	farawan
فراڈ	fraud
فراھم	frahm
فراہم	faraham
فراہمی	farahmi
فراہی	frahi
فربا	farba
فربہ	farba
فرج	frige
فرح	farah
فرحان	farhan
فرحاں	ferhan
فرحت	farhat
فرخ	farakh
فرخار	farkhar
فرخان	farkhan
فرخندہ	farkhandah
فرخی	farkhi
فرد	fard
فردا	fardaa
فردوس	firdous
فردوسی	firdousi
فردین	fardeen
فرزند	farzand
فرزندان	farzandaan
فرزندوں	frzndon
فرزندی	farzandi
فرسا	farsaa
فرستادہ	farstada
فرسخ	farsakh
فرسودگی	farsodgi
فرسودہ	farsodah
فرسٹ	first
فرش	farsh
فرشتوں	firshton
فرشتہ	farishta
فرشتے	farishtay
فرشی	farshi
فرصت	fursat
فرض	farz
فرضی	farzi
فرضیت	frzit
فرط	fart
فرع	fara
فرعون	firaon
فرعونوں	fironoon
فرعونی	fravni
فرغان	furghan
فرغانہ	farghanah
فرق	farq
فرقان	farqan
فرقت	furqat
فرقوں	firqoun
فرقہ	firqa
فرقۂ	firqa
فرقے	firqay
فرم	firm
فرما	farma
فرماؤ	farmao
فرمائش	farmaaish
فرمائی	farmai
فرمائیاں	farmaiyan
فرمائیں	farmaen
فرمائیے	frmayie
فرمائے	farmaiye
فرماتا	farmata
فرماتی	farmaati
فرماتے	farmatay
فرمادیا	frmadya
فرمالیتے	frmalite
فرمان	farmaan
فرمانا	farmana
فرمانبردار	farmanbardar
فرمانبرداری	farmabardari
فرمانروا	farman
فرمانرواؤں	frmanrwaon
فرمانروائی	farmanrawai
فرمانروائے	frmanrwaye
فرمانے	frmane
فرمايا	farmaya
فرماں	farmaa
فرمایئے	frmayye
فرمایا	farmaya
فرمودات	frmodat
فرموں	farmon
فرمی	farmi
فرناس	farnas
فرنانڈو	frnando
فرنٹ	front
فرنٹیئر	frontier
فرنچ	french
فرنگ	farang
فرنگی	farangi
فرنگیوں	farangion
فرنی	firni
فرنیچر	furniture
فرو	faro
فروانی	frwani
فروج	froj
فروحت	froht
فروخت	farokht
فروری	feb
فروز	feroze
فروزاں	farozan
فروش	farosh
فروشوں	faroshon
فروشی	faroshi
فروع	faroo
فروعی	froay
فروغ	farogh
فروم	from
فرونہ	faronah
فريزر	freezer
فرٹيلائزر	fertilizer
فرٹیلائزر	fertilizer
فرٹیلائزرز	frtilayzrz
فرگوسن	frgosn
فرہاد	farhaad
فرہنگ	farhang
فری	free
فریاد	faryaad
فریادی	faryadi
فریال	faryal
فریب	fraib
فریبوں	fareebon
فریبی	farebi
فریحہ	fariha
فرید	fareed
فریدالدین	fridaldin
فریدون	faridoon
فریدہ	farida
فریدی	faridi
فریدیہ	fridih
فریزر	freezer
فریسکو	frisko
فریش	fresh
فریض	friz
فریضہ	fareeza
فریفتہ	farifta
فریق	fareeq
فریقوں	fareeqon
فریقین	fariqain
فریم	frame
فریمین	frimin
فرینچ	french
فرینڈ	friend
فرینڈز	friends
فرینڈشپ	friendship
فرینک	frink
فرینکفرٹ	frankfort
فرینکلن	frinkln
فریڈ	freed
فریڈرک	frederick
فریڈم	freedom
فریڈمین	fridmin
فریکوئنسی	frikoynsi
فریکوئینسی	frikoyinsi
فریکوینسی	frikoynsi
فریگیٹ	ke
فریگیٹس	frigits
فرے	frey
فزا	fza
فزکس	physics
فزیشن	physician
فزیشنز	fzishnz
فزیکل	physical
فسا	fsa
فساد	fasaad
فسادات	fasadaat
فسانہ	fasana
فسانے	fasanay
فسخ	faskh
فسردہ	fusarda
فسطائی	fastai
فسطائیت	fastaiyat
فسق	fisq
فسوں	zandaanon
فسٹ	fist
فش	fish
فشار	fashaar
فشانی	fashani
فشاں	fishan
فشر	fisher
فشن	fshn
فصاحت	fasahat
فصل	fasal
فصلوں	faslun
فصلیں	faslein
فصیح	fasih
فصیل	faseel
فصیلوں	faseelon
فضا	fiza
فضاء	fiza
فضاؤں	fizaon
فضائل	fazail
فضائوں	fazaoon
فضائيہ	fazaiya
فضائی	fazai
فضائیں	fizayen
فضائیہ	fazaiya
فضایئہ	fzayyh
فضل	fazl
فضلا	fzla
فضلات	fuzlaat
فضلہ	fuzla
فضلی	fzli
فضلیت	fazliat
فضلے	fazlay
فضول	fuzool
فضولیات	fazooliyat
فضہ	fizh
فضیل	fazeel
فضیلت	fazeelat
فطانت	fatanat
فطر	fittar
فطرت	fitrat
فطرتا	fitaratan
فطرتی	fitrati
فطرہ	fitra
فطری	fitri
فطین	fatin
فعال	fa-aal
فعالیت	faalit
فعل	feal
فعلی	faeli
فعلیات	feliyaat
فعہ	fah
فغان	fughaan
ففتھ	ffth
ففٹی	fifity
فق	faq
فقدان	fuqdaan
فقر	fiqr
فقرا	fqra
فقروں	fiqroon
فقرہ	fiqra
فقرے	fiqray
فقط	faqat
فقہ	fiqa
فقہہ	fqhh
فقہی	fqhi
فقۂ	fiqa
فقی	fiqhi
فقیر	faqeer
فقیروں	faqeero
فقیری	faqeeri
فقیہ	fiqiya
فقیہہ	fqihh
فل	full
فلائنگ	flying
فلائٹ	flayt
فلائی	flayi
فلائیٹ	flayit
فلاح	falah
فلاحی	flahi
فلاسفر	philosopher
فلاسفہ	flasfh
فلاسفی	philosophy
فلاور	flwr
فلاپ	flop
فلاڈلفیا	fladlfya
فلاڈیلفیا	fladilfya
فلاں	falan
فلس	fills
فلسطينی	falasteeni
فلسطین	palestine
فلسطینوں	flstinon
فلسطینی	falasteeni
فلسطینیوں	flstinyon
فلسفہ	falsafah
فلسفۂ	falsafah
فلسفی	falsafi
فلسفیانہ	falsfiyana
فلسفیوں	flsfyon
فلسفے	falsafay
فلش	flush
فلم	film
فلمائی	flmayi
فلمائے	flmaye
فلمانے	flmane
فلمایا	flmaya
فلمبندی	flmbndi
فلمز	films
فلمساز	filmsaaz
فلمسازوں	filmsazon
فلمسازی	flmsazi
فلمستان	flmstan
فلمسٹار	flmstar
فلموں	filmon
فلمی	filmi
فلمیں	filme
فلو	flow
فلوئڈ	fluid
فلوجہ	floj_h
فلور	flour
فلورا	flora
فلورائیڈ	floride
فلورنس	florns
فلوریس	flores
فلورین	fluorine
فلوریڈا	florida
فلوس	floss
فلٹر	flutter
فلٹرز	fltrz
فلٹریشن	flitration
فلٹن	fltn
فلپ	philip
فلپائن	philippine
فلپائنی	flpayni
فلپس	flps
فلڈ	flood
فلک	fallak
فلکس	flix
فلکی	falki
فلکیات	falkiat
فلکیاتی	falkiati
فلی	fli
فلیش	flash
فلیمنگ	flimng
فلینڈرس	falendras
فلیٹ	flat
فلیپ	flip
فلیکس	flax
فلیگ	flag
فن	fun
فنا	fanaa
فنانس	fnans
فنانشل	financial
فنس	fns
فنون	fanoon
فنوں	funnu
فني	fani
فنڈ	fund
فنڈز	fndz
فنڈنگ	fndng
فنک	funck
فنکار	fankar
فنکارانہ	fankaranah
فنکاروں	fankaron
فنکارہ	funkarah
فنکشن	function
فنکشنز	fnkshnz
فنکشنل	functional
فنگر	finger
فنی	fani
فهر	fahar
فو	fo
فوائد	fawaid
فواد	fawad
فوارہ	fawara
فوارے	fawaray
فوب	fob
فوت	faut
فوتگی	fotgi
فوج	fouj
فوجا	foja
فوجداروں	fojdaron
فوجوں	foujon
فوجی	fouji
فوجیوں	fojion
فوجیں	faujein
فور	for
فورا	foran
فوربز	forbz
فوربس	forbes
فورتھ	forth
فورس	force
فورسز	forces
فورم	forum
فورمز	formz
فورنیا	fornia
فورٹ	fort
فورٹریس	fortris
فورٹی	forty
فورڈ	ford
فوری	fori
فوریسٹ	forest
فوز	foze
فوزی	fozi
فوزیہ	fozia
فوسٹر	foster
فوسی	fussy
فوغ	fogh
فوق	fauq
فوقتا	foqtan
فوقیت	foqiat
فول	faul
فولاد	folaad
فولادی	foladi
فولڈ	fold
فولی	fully
فولیو	folyo
فوم	form
فون	phone
فونز	phones
فونوگراف	phonograph
فونوں	fono
فونٹ	font
فونڈ	fond
فوٹریس	footress
فوٹو	photo
فوٹون	foton
فوٹوگرافی	photography
فوٹی	footi
فوڈ	food
فوک	folk
فوکا	foka
فوکر	fokr
فوکس	fox
فوکل	fokel
فوکویاما	fokoyama
في	fi
فيصد	feesad
فيصل	faisal
فيصلہ	faisla
فيض	faiz
فيوز	fuse
فيکٹري	factory
فٹ	foot
فٹبال	football
فٹبالر	ftbalr
فٹنس	fitness
فٹیج	ftij
فکر	fikar
فکرانگیز	fikarangaiz
فکری	fikri
فکس	fix
فکسنگ	fixing
فکسڈ	fixed
فکشن	fiction
فکے	fakkay
فگار	fgar
فگر	figure
فگن	figan
فھر	fahar
فھیم	faheem
فہاد	fahad
فہد	fahd
فہر	feher
فہرست	fehrist
فہرستوں	fhrston
فہرستیں	fhrstin
فہم	feham
فہمائش	fehmayesh
فہمی	fehmi
فہمیاں	fehmiya
فہمیدہ	fahmida
فہمیوں	fehmiyon
فہیم	fahim
فی	fi
فیئر	fear
فیئرفیکس	fiyrfiks
فیئرلی	fairly
فیاض	fayaz
فیاضانہ	fayazana
فیاضی	fayazi
فیبریکیٹر	fibrikitr
فیت	fyt
فیتھ	faith
فیتہ	feeta
فیثاغورث	pythagors
فیر	fair
فیرز	fears
فیرو	firo
فیروز	feroz
فیروزآباد	firozaabad
فیروزشاہ	firozshah
فیروزپور	firozpor
فیروزہ	feroza
فیری	feery
فیز	fez
فیس	fees
فیسٹول	fistol
فیسٹیول	fistyol
فیشن	fashion
فیصد	feesad
فیصدکا	fisdka
فیصدی	fisdi
فیصل	faisal
فیصلوں	faislon
فیصلہ	faisla
فیصلے	faislay
فیض	faiz
فیضان	faizan
فیضی	faizi
فیضیاب	fizyab
فیفا	fifa
فیق	feq
فیل	feel
فیلر	filr
فیلن	filn
فیلو	fellow
فیلوز	fellows
فیلوشپ	filoshp
فیلپس	filps
فیلڈ	field
فیلڈر	fildr
فیلڈروں	fildron
فیلڈز	fileds
فیلڈنگ	fielding
فیلی	faili
فیم	fame
فیملی	family
فین	fan
فینس	fins
فینن	finn
فینٹسی	fintsi
فینٹم	phentom
فینکس	finks
فینگ	fing
فیوجی	fyoji
فیور	fever
فیورڈ	fyord
فیوز	fuse
فیوض	fayooz
فیوچر	future
فیٹ	fate
فیچر	fichr
فیچرز	features
فیچروں	fichron
فیڈ	fade
فیڈر	fidr
فیڈرر	federer
فیڈرل	federal
فیڈریشن	federation
فیڈریشنز	fidrishnz
فیڈل	fidl
فیکس	fax
فیکشنل	factional
فیکلٹی	fiklti
فیکٹ	fact
فیکٹر	factor
فیکٹری	factory
فیکٹریاں	fiktryan
فیکٹریوں	fiktryon
فیکٹس	facts
فیکٹو	fikto
فیکڑی	fikrhi
فیہ	fea
ق	q
قا	qa
قائد	quied
قائدآباد	qaydaabad
قائداعظم	qaydaazm
قائدانہ	qaidana
قائدین	qaideen
قائل	qaail
قائم	qaim
قائمقام	qaymqam
قائمہ	qaima
قاب	qaab
قابس	qabas
قابض	qaabiz
قابل	qabil
قابلیت	qabliyat
قابلیتوں	qabliton
قابو	qaboo
قابوس	qaboos
قابیل	qabeel
قات	qat
قاتل	qaatil
قاتلان	qatlan
قاتلانہ	qatilana
قاتلوں	ke
قاجار	qajar
قادر	qadir
قادرآباد	qadraabad
قادری	qadri
قادریہ	qadrih
قادسیہ	qadsih
قادن	qadn
قادیان	qadyan
قادیانی	qadyani
قادیانیت	qadyanit
قادیانیوں	qadyanyon
قار	qar
قارئین	qaryin
قارئیں	qaryin
قارب	qareb
قارن	qaren
قارون	qaroon
قارہ	qara
قاری	qaari
قازان	qazan
قازقستان	kazakhstan
قاسم	qasim
قاصد	qasid
قاصر	qassar
قاضی	qaazi
قاضیاں	qaziaan
قاطع	qatay
قاعدوں	qaidon
قاعدگی	qaidgi
قاعدگیوں	qaadgyon
قاعدہ	qaida
قاعدۂ	qaida
قاعدے	qaiday
قاف	qaaf
قافلوں	qaflon
قافلہ	qaafla
قافلے	qaafley
قافیہ	qafia
قافیے	qafiye
قال	qaal
قالب	qalib
قالین	qaleen
قالینوں	qalinon
قامت	qaamat
قاموس	qamoos
قانع	qaney
قانون	qanoon
قانونا	qanoonan
قانونی	qanooni
قانونیت	qanonit
قانوں	kaanon
قاچار	qachar
قاہر	qaher
قاہرہ	qahira
قایم	qaym
قبا	quba
قبائل	qabail
قبائلی	qabaili
قبائلیوں	qbaylyon
قبائیل	qbayil
قبائیلوں	qbayilon
قبائیلی	qbayili
قباحت	qabahat
قباحتوں	qbahton
قباد	qabad
قبال	qbal
قبالہ	qabala
قبانی	qubani
قبح	qbh
قبر	qabar
قبرستان	qabrustan
قبرستانوں	qabrustanon
قبرص	qabras
قبرصی	qabrasi
قبروں	qabron
قبریں	qabrain
قبصے	qbse
قبض	qabz
قبضوں	qbzon
قبضہ	qabza
قبضے	qabzay
قبطیہ	qubtia
قبل	qabal
قبلتین	qbltin
قبلہ	qibla
قبلۂ	qibla
قبلے	qiblay
قبو	qbo
قبول	qubool
قبولہ	qbolh
قبولی	qabooli
قبولیت	qabuliat
قبہ	quba
قبیح	qabeeh
قبیل	qabeel
قبیلوں	qabeelon
قبیلہ	qabeela
قبیلے	qabeeley
قت	qat
قتادہ	qatadeh
قتال	qtal
قتدار	qtdar
قتل	qatal
قتیبہ	qtib_h
قتیل	qateel
قحط	qeht
قد	qad
قدآور	qdaavr
قدام	qadam
قدامت	qadamat
قدامہ	qadama
قدح	qadah
قدر	qader
قدرت	qudrat
قدرتی	qudrati
قدردانی	qadardaani
قدرو	qdro
قدروقیمت	qdroqimt
قدروں	qadron
قدری	qadri
قدریں	qadren
قدریہ	qadriyah
قدرے	qadray
قدس	quds
قدسی	qudse
قدسیہ	qudsia
قدغن	qdghn
قدم	qadam
قدموں	qadmon
قدمی	qadmi
قدوائی	qadwai
قدور	qadoor
قدوس	quddoos
قدوسی	qudoosi
قدوسیہ	qadusia
قدوقامت	qdoqamt
قدوم	qidoom
قدوۃ	qidwah
قديم	qadeem
قدیر	qadeer
قدیم	qadeem
قدیمہ	qadima
قدیمی	qadeemi
قذافی	qazafi
قذف	qzf
قرآت	qraat
قرآن	quran
قرآنی	qurani
قرآں	qraan
قرا	qra
قرائن	qrayn
قرابت	qaraabat
قرابتدار	qurabatdar
قرات	qarat
قراد	qarad
قراداد	qradad
قرار	qarar
قرارد	qrard
قرارداد	qarardad
قراردادوں	qrardadon
قراردادیں	qrardadin
قراردار	qaraardaad
قراردوں	qrardon
قراردیا	qaraar
قراری	qarari
قراقرم	qraqrm
قران	qran
قرانی	qrani
قرب	qurb
قربان	qurbaan
قربانی	qurbani
قربانیاں	qurbaniyan
قربانیوں	qurbanion
قربت	qurbat
قردار	qrdar
قرسم	qersem
قرشی	qarshi
قرص	qurs
قرض	karzzzz
قرضدار	qarzdaar
قرضوں	qarzon
قرضہ	qarza
قرضے	qarzay
قرطاس	qirtaas
قرعہ	quraa
قرق	qurq
قرمزی	qarmazi
قرن	qaran
قرنطینہ	qarantina
قرنی	qarni
قرول	qrol
قرون	qaron
قريب	qareeb
قريش	quresh
قرہ	qirah
قرۃ	qirah
قریب	qareeb
قریبا	qareeban
قریبی	qareebi
قریش	quresh
قریشی	qureshi
قریظہ	qareeza
قرین	qareen
قرینہ	qareena
قرینے	qareene
قریں	qrin
قریہ	qarya
قزاق	qazzaq
قزاقستان	qzaqstan
قزاقوں	qazzaqon
قزاقی	qazaqi
قزح	quzah
قزع	qaz
قزلباش	qazalbash
قزوین	qazwin
قسام	qassam
قسط	qist
قسطنطنیہ	qstntnih
قسطوں	qiston
قسطیں	qstin
قسم	qisam
قسمت	qismat
قسمتوں	kismaton
قسمتی	qismati
قسموں	qasmon
قسمیں	kasmain
قسیس	qasees
قسیم	qaseem
قشر	qashar
قشقہ	qushqa
قشم	qasham
قصائی	qasai
قصاب	qassab
قصاص	qisaas
قصبات	qsbat
قصبوں	qsbon
قصبہ	qasba
قصبے	qasbay
قصد	qasad
قصدا	qasdan
قصر	qasr
قصص	qss
قصوا	qaswa
قصور	qasoor
قصوروار	qasoorwar
قصوری	qasuri
قصوں	qisson
قصي	qassi
قصہ	qissa
قصۂ	qissa
قصی	qassi
قصیدوں	qsidon
قصیدہ	qasida
قصیدے	qaseede
قصیر	qasir
قصے	qissay
قضا	qaza
قضائے	qzaye
قضیہ	qazia
قضیے	qanooni
قط	qat
قطار	qitaar
قطاروں	kitaron
قطاریں	qatarain
قطب	qutub
قطبی	qutbi
قطبین	qutbeen
قطبیہ	qutbia
قطر	qutar
قطروں	qatroun
قطرہ	qatra
قطری	qatri
قطرے	qatray
قطع	qata
قطعا	qattan
قطعات	qtaat
قطعہ	qaata
قطعۂ	qaata
قطعی	qatee
قطعیت	qatiat
قطعے	qatay
قطمیر	qatmeer
قطیف	qatif
قع	qa
قف	quf
قفا	qafa
قفس	qafas
قفقاز	qfqaz
قفل	kufl
قفلہ	qufla
قفہ	qufa
قل	qul
قلا	qala
قلابازی	qala-baazi
قلات	qlat
قلادز	quladz
قلاش	qalash
قلب	qalb
قلبی	qalbi
قلت	qillat
قلزم	qalzum
قلع	qala
قلعوں	qlaon
قلعہ	qilah
قلعۂ	qilah
قلعی	qalee
قلعے	qilay
قلق	qlq
قلقیلیہ	qlqilih
قلم	qalam
قلمبند	qalamband
قلمدان	qalamdaan
قلموں	qalmon
قلمکار	qlmkar
قلمی	qalmi
قلمیں	qlmin
قلندر	qalandar
قلندریہ	qlndrih
قلوب	qaloob
قلی	qulli
قلیتوں	qliton
قلیل	qaleel
قلیچ	qalich
قم	qm
قمار	qimaar
قمبر	qmbr
قمبرانی	qmbrani
قمر	qamar
قمرالدین	qmraldin
قمری	qamri
قمع	qama
قمقمہ	qamqama
قمقمے	qmqme
قمہ	qama
قمیت	qmit
قمیض	kameez
قمیضیں	qmizin
قناعت	qanaat
قنبل	qunbel
قند	qand
قندوز	qndoz
قندھار	qndhar
قندھاری	qndhari
قندہار	qnd_har
قندی	qandi
قندیل	qandil
قنطار	qntar
قنوت	qanoot
قنوطیت	qanotiat
قوائد	qawaid
قواعد	qawaid
قواعدی	qwaadi
قوال	qawaal
قوالوں	qwalon
قوالی	qawali
قوالیاں	qwalyan
قوام	qiwaam
قوامی	qwami
قوانین	qawaneen
قوانیں	qwanin
قوت	qowat
قوتوں	quwatoon
قوتی	quwati
قوتیں	quwaten
قوس	qous
قوسی	qosi
قوسین	qosain
قول	qoul
قوم	qoum
قوموں	qomon
قومي	qaumi
قومہ	qoma
قومی	qaumi
قومیا	qomya
قومیائے	qomyaye
قومیانے	qomyane
قومیت	qomiat
قومیتوں	qomiton
قومیتیں	qomitin
قومیں	qoumain
قونصل	consul
قونصلر	qonslr
قونصلیٹ	konsliat
قوۃ	qoh
قوی	quwwat
قویم	qawim
قيام	qiyam
قہ	qh
قہار	qahar
قہاری	qhari
قہر	qehar
قہرمان	qehrman
قہقہوں	qehqahon
قہقہہ	qehqeha
قہوہ	qhoh
قی	qi
قیا	qya
قیادت	qayadat
قیادتی	qyadti
قیاس	qiyaas
قیاسی	qiyaasi
قیافہ	qiyafah
قیام	qiyam
قیامت	qayamat
قیامتیں	kiyamteen
قید	qaid
قیدخانہ	qidkhanh
قیدخانے	qidkhane
قیدو	qido
قیدی	qaidi
قیدیوں	qaidyoun
قیر	qear
قیراط	qeraat
قیس	qais
قیصر	qaisar
قیصرانی	qaisrani
قیصری	qaisery
قیف	qeef
قیلولہ	qelola
قیم	qaim
قیمت	qeemat
قیمتوں	qeematon
قیمتی	qeemti
قیمتیں	qeematein
قیمہ	qeema
قینچی	qainchi
قینچیاں	qenchiya
قیود	quyood
قیوم	qayum
قے	qay
كا	ka
كار	kar
كارٹون	karton
كتاب	ktab
كر	kr
كربلا	krbla
كرتا	krta
كرد	krd
كركوك	krkok
كس	ks
كعب	kaab
كل	kl
كلاب	kalaab
كم	km
كنانة	kananat
كنيت	kunniyat
كو	ko
كوشش	koshsh
كچھ	kchh
كھولے	khole
كہا	k_ha
كیس	kas
كے	ke
ل	l-
لؤي	lawi
لئی	lyi
لئیق	laeeque
لئیے	lyie
لئے	liye
لا	laa
لاء	law
لاؤ	lao
لاؤس	laus
لاؤڈ	loud
لائبریری	library
لائبریریاں	laybriryan
لائبریریز	laybririz
لائبریرین	librerian
لائبریریوں	laybriryon
لائبیریا	laybirya
لائحہ	laiha
لائحۂ	laiha
لائز	layz
لائسنس	licence
لائسوڈ	liceved
لائف	life
لائق	laiq
لائل	layl
لائلپور	laylpor
لائم	laim
لائن	line
لائنز	lines
لائنس	layns
لائنوں	linon
لائنگ	laying
لائنیں	linen
لائو	layo
لائٹ	light
لائٹر	lighter
لائٹز	laytz
لائٹس	lights
لائٹنگ	laytng
لائٹوں	layton
لائکی	laeki
لائی	layi
لائیبریا	layibrya
لائیبریری	layibriri
لائیبیریا	layibirya
لائیسنس	layisns
لائین	layin
لائینز	layinz
لائینوں	layinon
لائیو	live
لائیٹ	layit
لائیڈ	lied
لائیں	layein
لائیے	layiyae
لائے	laaye
لائےمعانقہ	khabar
لاالہ	lailaha
لابا	laba
لابی	labi
لات	laat
لاتا	lata
لاتعداد	waqt
لاتعلق	latalq
لاتعلقی	latalqi
لاتوں	laton
لاتی	latayen
لاتیں	laatien
لاتے	laatay
لاثانی	lasani
لاج	laaj
لاجسٹک	logestic
لاجسٹکس	ya
لاجواب	lajawab
لاجورد	lajward
لاجپت	lajpt
لاحاصل	lahasil
لاحق	la-haq
لاحقہ	lahiqa
لاحقے	lahqe
لاد	laad
لادا	lada
لادن	laden
لادنے	laadnay
لادی	ladee
لادین	ladin
لادینی	to
لادے	lade
لارا	lara
لارسن	larsn
لارل	laurel
لارم	lorm
لارنس	larns
لارو	larw
لاروا	larawa
لارڈ	lard
لارڈز	lords
لارہی	larhi
لاری	laree
لاریب	laraib
لارینس	larins
لازم	lazim
لازمی	laazmi
لازوال	aur
لازی	lazi
لاس	los
لاسلکی	lasalki
لاسن	lasn
لاسٹ	last
لاسکتے	laskte
لاسکے	laske
لاسی	lassi
لاش	laash
لاشاری	lashari
لاشریک	lashrik
لاشعور	lashavr
لاشوں	laashon
لاشین	lashin
لاشیں	lashain
لاطینی	lateeni
لاغر	kuch
لاف	laaf
لافانی	lafani
لاقانونیت	laqanoniat
لاقوامی	laqwami
لال	laal
لالا	lala
لالو	laloo
لالٹین	laltain
لالچ	lalach
لالچی	laalchi
لالہ	lala
لالی	laali
لالیاں	lalian
لالیم	lalim
لالیکا	lalika
لالے	lale
لام	laam
لاما	lama
لامبس	lambs
لامتناہی	la-mutnahi
لامحالہ	lamhalh
لامحدود	laa-mehdood
لامع	lamay
لامو	lamu
لامہ	dilae
لامیہ	lamia
لان	lawn
لانا	lana
لاند	laand
لانس	lans
لانسر	aik
لانچ	lanch
لانچر	lanchr
لانچرز	lanchrz
لانچنگ	launching
لانڈرنگ	laundering
لانڈری	laundry
لانڈھی	landhi
لانڈی	landi
لانگ	long
لانگا	langa
لانگریال	langryal
لانی	lani
لانے	laane
لاو	lav
لاوا	lava
لاوارث	lawaris
لاور	lavr
لاوڈ	lavd
لاوی	levi
لاویں	lavin
لاوے	lave
لايا	laya
لاٹ	laat
لاٹری	lotry
لاٹھ	lath
لاٹھی	laathi
لاپ	laap
لاپتا	lapta
لاپتہ	la
لاپینٹی	lapinti
لاچار	lachaar
لاچکے	lachke
لاچی	lachi
لاچین	lachin
لاڈلا	laadla
لاڈلی	ladli
لاڈلے	ladle
لاڈو	ladou
لاڑ	larh
لاڑد	larhd
لاڑکانہ	larkana
لاک	lock
لاکان	lakan
لاکر	lakar
لاکو	lako
لاکھ	laakh
لاکھا	lakha
لاکھانی	lakhani
لاکھو	lakho
لاکھوں	lakhoon
لاکھڑا	lakhrha
لاکے	laake
لاگ	laag
لاگت	laagat
لاگلن	lagln
لاگنی	laagni
لاگو	laago
لاگوس	lagos
لاگی	laagi
لاھور	lahor
لاہوت	lahot
لاہوتی	lahooti
لاہور	lahore
لاہورسے	lahorse
لاہورکےساتھ	lahorke
لاہوری	lahori
لای	laai
لایا	laya
لایاگیا	layagya
لایعنی	layani
لاینفک	laynfk
لب	lab
لباب	labaab
لبابہ	lubabah
لبادہ	libada
لباس	libaas
لباسوں	lbason
لباسی	libasi
لبالب	labalab
لبان	luban
لبرل	lbrl
لبرٹی	liberty
لبرٹیز	lbrtiz
لبریز	labraiz
لبریشن	lbrishn
لبسکینڈ	lbskind
لبن	laban
لبنان	lebanon
لبنانی	labnani
لبوں	labon
لبھاتا	lubhata
لبھانے	lubhaney
لبی	labi
لبید	labid
لبیک	labaik
لبے	labay
لت	latt
لتا	lata
لتھوانیا	lthwanya
لتے	lte
لج	lj
لجنہ	lajna
لجپت	ljpt
لح	lh
لحاظ	lehaaz
لحاف	lehaaf
لحد	lehed
لحظہ	lhzh
لحق	lhq
لحم	lahem
لحمیات	lahmiaat
لحمیہ	lahmia
لحن	lehan
لخت	lakht
لد	ld
لدا	lada
لداخ	ladah
لدھا	ladha
لدھیانوی	ludehyanwi
لدھیانہ	ldhyanh
لدی	ldi
لدے	lde
لذات	lazat
لذت	lazzat
لذیذ	lazeez
لر	lar
لرز	laraz
لرزاں	saaz
لرزتی	larazti
لرزتے	leraztay
لرزہ	larzah
لز	lz
لزبن	lisbon
لس	lass
لسان	lisan
لسانيات	lasaniat
لسانی	lasani
لسانیات	lasaniat
لسبن	lsbn
لسبیلہ	lasbela
لسن	listen
لسٹ	list
لسٹر	lstr
لسٹنگ	lstng
لسٹوں	kya
لسٹڈ	lstd
لسٹیں	afraad
لسی	iasi
لش	lush
لشكری	lashkeri
لشکر	lashkar
لشکرطیبہ	lshkrtib_h
لشکروں	lashkaron
لشکری	lashkari
لطافت	latafat
لطافتوں	lataaftoon
لطف	lutaf
لطفی	lutfi
لطیف	lateef
لطیفوں	ltifon
لطیفہ	lateefa
لطیفی	ltifi
لعاب	luaab
لعب	lab
لعل	laal
لعن	laan
لعنت	laanat
لعنتی	laanti
لعین	laeen
لغات	lughaat
لغاری	lghari
لغت	lughat
لغزش	laghzish
لغزشوں	lagzishon
لغمان	lghman
لغو	laghu
لغوی	lughwi
لغویت	lughviyat
لف	lf
لفافہ	lifaafa
لفافے	lifafay
لفت	laft
لفط	lafaz
لفظ	lafz
لفظوں	lafzon
لفظی	lafzi
لفظیات	lfzyat
لفٹ	lift
لفٹننٹ	lftnnt
لفٹنگ	lifting
لفٹینینٹ	lftinint
لق	laq
لقا	laqa
لقب	laqab
لقمان	luqman
لقمہ	luqmah
لقمے	luqmay
لل	lil
للت	llt
للتا	llta
لله	lillah
للچانا	lalchana
للکار	lalkaar
للکارا	lalkara
للکارنے	llkarne
للہ	lillah
للی	lali
للین	lillian
لم	lam
لما	lma
لمبا	lamba
لمبائی	lambai
لمبوترا	lambotra
لمبوتری	lambootri
لمبی	lambi
لمبے	lambay
لمحات	lamhaat
لمحاتی	lmhati
لمحوں	lamhon
لمحہ	lamha
لمحۂ	lamha
لمحے	lamhay
لمس	lams
لمپور	lmpor
لمیت	lmit
لمیٹڈ	ltd
لمیٹیڈ	limited
لن	lan
لند	lnd
لندن	london
لنڈ	lund
لنڈا	lnda
لنڈسے	lndse
لنڈن	lndn
لنڈو	lndo
لنڈورا	landora
لنڈی	lndi
لنک	link
لنکا	srilanka
لنکاسٹر	lnkastr
لنکاشائر	lankashire
لنکس	links
لنکن	lankan
لنگ	lung
لنگر	langar
لنگور	langoor
لنگوٹی	langoti
لنگویج	lnguage
لنگڑیال	lngrhyal
لنگڑے	lngrhe
لنگی	lngi
لنے	laney
لو	lau
لوؤر	loor
لوئر	lower
لوئس	loys
لوئی	loi
لوئیس	loyis
لوا	lawa
لواحقین	lawahiqeen
لواری	lwari
لوازم	lawazum
لوازمات	lawazmaat
لواطت	liwatat
لوبیا	lobia
لوتھر	lother
لوث	los
لوجسٹک	lojstk
لوجہ	loj_h
لوجی	loji
لوح	looh
لوحی	loohi
لودھراں	lodhran
لودھی	lodhi
لورا	lora
لورالائی	loralayi
لورمین	loverman
لورن	lorn
لورڈ	lord
لوری	lori
لوریاں	loriyan
لورین	lorain
لوز	lovs
لوزان	lozan
لوزہ	lozah
لوزیانا	lozyana
لوس	loss
لوسٹ	lost
لوسی	lusi
لوسیا	losia
لوسیفر	lucifer
لوسینا	losina
لوط	loot
لوطی	looti
لوف	loaf
لوقا	luqa
لولا	loola
لولاک	lolaak
لولی	lolly
لولے	lole
لوم	lom
لوما	loma
لومڑ	lumar
لومڑی	lomri
لون	lone
لونا	lona
لوند	lond
لونس	loans
لونڈی	londi
لونڈیوں	londion
لونگ	loving
لونگا	lunga
لونی	loni
لونیہ	lonia
لوور	lower
لوٹ	lout
لوٹا	lota
لوٹانا	lotana
لوٹانے	lotane
لوٹتا	loutta
لوٹتی	lotti
لوٹتے	lottay
لوٹس	lotus
لوٹن	lotan
لوٹنا	lootna
لوٹنے	lotney
لوٹو	loto
لوٹی	looti
لوٹیں	lotin
لوٹے	lautay
لوپ	loop
لوپبوری	loop
لوپیز	lopiz
لوڈ	load
لوڈنگ	lodng
لوک	lok
لوکاٹ	yahan
لوکس	looks
لوکل	local
لوکنگ	loocking
لوکیشن	lokishn
لوکین	lukin
لوگ	log
لوگا	loga
لوگر	lougar
لوگن	login
لوگو	logo
لوگوں	logon
لوگی	loggii
لوں	lon
لوھار	lohar
لوہا	loha
لوہار	lohaar
لوہاری	lohari
لوہے	lohay
لوی	lawi
لویا	loya
لویہ	loyh
ليا	liya
لياقت	liaqat
ليتا	laita
ليس	lais
ليلی	laila
لينے	lainay
ليکن	lekin
ليں	len
ليے	liye
لٹ	lut
لٹا	luta
لٹانے	lutane
لٹایا	litaya
لٹتے	ltte
لٹر	lutter
لٹریری	ltriri
لٹریچر	litreture
لٹل	little
لٹلٹن	little
لٹنے	lutne
لٹو	lattu
لٹک	latak
لٹکا	latka
لٹکائیں	ltkayin
لٹکائے	latakaye
لٹکایا	latkaya
لٹکتی	ladkhadte
لٹکتے	lataktay
لٹکن	latkan
لٹکنا	latkna
لٹکی	lashain
لٹیروں	luteron
لٹیرے	lutairay
لٹے	lutte
لپٹ	lapat
لپٹا	lipta
لپٹنے	liptaine
لپٹی	lipti
لپٹے	liptay
لپیٹ	lapait
لپیٹا	lapeta
لپیٹنے	lapaitnay
لپیٹوں	lepato
لپیٹی	lapeti
لپیٹے	lapete
لچر	lachar
لچک	lachak
لچکتے	lachakte
لچکدار	lachak
لچکداری	lchkdari
لچھا	lachha
لچھمن	lchhmn
لڈی	ldi
لڑ	lar
لڑئی	lrhyi
لڑا	lara
لڑاؤ	lrhao
لڑائی	larai
لڑائیاں	laraiyan
لڑائیوں	lrhayyon
لڑائیں	larrain
لڑانے	lrhane
لڑاکا	laraka
لڑاکے	ladake
لڑایا	lrhaya
لڑتا	larta
لڑتی	lardte
لڑتے	lartay
لڑرہا	lrhrha
لڑرہی	lrhrhi
لڑرہے	lrhrhe
لڑنا	larna
لڑنی	lrhni
لڑنے	larnay
لڑو	lrho
لڑک	lark
لڑکا	larka
لڑکو	larko
لڑکوں	larkoon
لڑکپن	larakpan
لڑکھڑا	larkhara
لڑکی	larki
لڑکیاں	larkiyan
لڑکیوں	larkiyon
لڑکے	larke
لڑھکتے	lrhhkte
لڑی	ladi
لڑیوں	larioon
لڑیں	lrhin
لڑے	larray
لک	lick
لکس	lux
لکسمبرگ	lksmbrg
لکشمن	lkshmn
لکشمی	laxmi
لکل	lkl
لکم	lakum
لکنت	luknat
لکير	lakeer
لکڑ	lkrh
لکڑی	lakri
لکڑیاں	lakdiyaan
لکڑیوں	lakrion
لکڑے	lakray
لکھ	likh
لکھئے	likhiye
لکھا	likha
لکھائی	likhai
لکھاری	likhari
لکھاریوں	lkharyon
لکھانے	lkhane
لکھتا	likhta
لکھتی	likhti
لکھتے	likhte
لکھن	lkhn
لکھنؤ	lkhno
لکھنئو	lkhnyo
لکھنا	likhna
لکھنو	lkhno
لکھنوٴ	lkhno
لکھنوی	lkhnoy
لکھنی	likhni
لکھنے	likhnay
لکھنےکے	sfrnamh
لکھو	likho
لکھوا	lkhwa
لکھوائیں	lkhwayin
لکھوائے	likhwaye
لکھوانا	likhwana
لکھوایا	likhwaya
لکھوں	likhon
لکھپت	lkhpt
لکھی	likhi
لکھیئے	lkhiye
لکھیایٹا	likhi
لکھیں	likhain
لکھیے	lkhie
لکھے	likhay
لکی	lakki
لکیاری	lkyari
لکیر	lakeer
لکیروں	lakiron
لکیریں	lakerain
لگ	lag
لگا	laga
لگاؤ	lagao
لگاؤں	take
لگائ	lgay
لگائو	lagao
لگائي	lagai
لگائی	lagai
لگائیں	lagayen
لگائے	lagaye
لگاتا	lagaata
لگاتار	lagataar
لگاتھا	lgatha
لگاتی	lagati
لگاتے	lagatay
لگادينے	lgadine
لگادی	lagadi
لگادیا	lagadiya
لگادیتے	lgadite
لگادے	lagade
لگاسکتے	lgaskte
لگالیا	lgalya
لگام	lagaam
لگان	lagaan
لگانا	lagana
لگانی	lagany
لگانے	laganay
لگايا	lagaya
لگاکر	lagaakar
لگایا	lagaya
لگتا	lagta
لگتاہے	lgtahe
لگتی	lagti
لگتے	lagtay
لگسمبرگ	lgsmbrg
لگن	lagan
لگنا	lagna
لگنے	lagnay
لگوا	lagwa
لگوائے	lgwaye
لگوانا	iguana
لگوانے	lagwanay
لگوایا	lgwaya
لگيں	lagen
لگڑ	laggar
لگھ	lgh
لگی	lagi
لگیں	lagen
لگے	lagey
لہ	lh
لہان	luhan
لہجوں	lahjoon
لہجہ	lehja
لہجے	lehjey
لہذ	lhz
لہذا	lehaza
لہر	lehar
لہرا	lehra
لہراتا	lehrata
لہراتی	lehrati
لہراتے	lehratey
لہرانا	lehrana
لہرانے	lehraane
لہرایا	lahraya
لہروں	lehron
لہريں	laharen
لہری	lehri
لہریں	laharen
لہزا	lehza
لہسن	lahsun
لہلہا	lhlha
لہلہاتی	lehlahaati
لہلہاتے	lhlhate
لہو	lahoo
لہولہان	lholhan
لہوٹسے	lahoo
لی	li
لیئر	layer
لیئن	liyn
لیئے	liye
لیا	liya
لیاؤننگ	lyaonng
لیااور	lyaavr
لیاجائے	jaiza
لیاجاتا	lyajata
لیاری	liyari
لیاقت	liaqat
لیان	laian
لیاگیا	girftar
لیاہ	liyah
لیاہے	lyahe
لیب	lib
لیبارٹری	laboratory
لیبارٹریز	libartriz
لیبر	labour
لیبل	label
لیبیا	libya
لیبیائی	libyayi
لیت	lait
لیتا	laita
لیتاہے	litahe
لیتھم	lithm
لیتھو	lethu
لیتھوینیا	lithoynya
لیتی	layte
لیتے	letay
لیجئے	lijiye
لیجانے	sar
لیجایا	lijaya
لیجن	lijn
لیجنڈ	legend
لیجنڈز	lijndz
لیجیئے	lijiye
لیجیے	lijiye
لیرا	lira
لیری	liri
لیز	lies
لیزا	liza
لیزر	laser
لیزنگ	lizng
لیزہ	leeza
لیس	lais
لیسا	lissa
لیسوتھو	lisotho
لیسٹول	lester
لیسی	lessie
لیف	leaf
لیفٹ	left
لیفٹننٹ	lieutenant
لیفٹنٹ	liftnt
لیفٹنینٹ	liftnint
لیفٹیننٹ	lieutenant
لیفٹینٹ	liftint
لیفٹینینٹ	liftinint
لیل	lail
لیلا	laila
لیلائے	laila
لیلوی	liloy
لیلہ	lailh
لیلی	laila
لیلیان	lellian
لیما	lima
لیمان	leman
لیمب	limb
لیمن	limn
لیموں	lemoo
لیمپ	lamp
لین	lain
لینا	lena
لینتھ	lenght
لیندی	lendi
لینز	lance
لینس	lense
لینن	linn
لینڈ	land
لینڈر	lindr
لینڈز	lindz
لینڈل	lindl
لینڈنگ	landing
لینڈکے	lindke
لینڈی	lendi
لینکس	links
لینکو	linko
لینگ	ling
لینگوئج	lingoyj
لینگویج	language
لینگویجز	languages
لینگڈن	lingdn
لینگے	laingay
لینہ	leena
لینی	leni
لینے	lainay
لیو	live
لیوؤن	lyoon
لیوئس	lyoys
لیوا	lewa
لیور	liver
لیورپول	lyorpol
لیوز	leaves
لیوس	lyos
لیول	level
لیون	livin
لیوناردو	lyonardo
لیونارڈو	lyonardo
لیونگ	leaving
لیونگسٹن	lyongstn
لیوپولڈ	leopold
لیوی	lyoy
لیویز	livez
لیٹ	late
لیٹر	letter
لیٹرز	letters
لیٹرس	latters
لیٹرین	latrine
لیٹس	lets
لیٹنا	laytna
لیٹنگ	letting
لیٹنے	letnay
لیٹی	laitee
لیٹے	letey
لیپ	laip
لیڈ	lead
لیڈر	leader
لیڈران	lidran
لیڈرز	lidrz
لیڈروں	leadron
لیڈز	lidz
لیڈن	lidn
لیڈی	lady
لیڈیز	lidiz
لیک	lake
لیکا	lika
لیکر	leker
لیکس	leaks
لیکن	lekin
لیکچر	lecture
لیکچرار	lecturar
لیکچرر	lecturer
لیکچرز	lectures
لیکچروں	likchron
لیکچوئل	likchoyl
لیکں	likn
لیکھا	lekha
لیگ	league
لیگل	ligl
لیگوں	ligon
لیگی	leaguei
لیں	len
لیہ	laiya
لیے	liye
لیےایک	likhnay
لے	le
لےنے	le
م	m
مآب	maab
مآخذ	maakhz
مؤاخات	moakhat
مؤثر	muasar
مؤجب	moajib
مؤذن	mauzan
مؤرخ	moarakh
مؤرخین	moar-kheen
مؤقر	moqr
مؤقف	moaqqaf
مؤلف	molf
مؤمن	momn
مؤنث	mo'annas
مئ	mai
مئى	may
مئی	may
مئیر	myir
مئے	maizn
ما	ma
ماؤ	mau
ماؤری	maori
ماؤزے	maoze
ماؤس	mouse
ماؤنٹ	maont
ماؤنٹڈ	mounted
ماؤنٹین	mountain
ماؤں	maaon
مائدہ	surah
مائرا	mayra
مائع	maya
مائعات	mayaat
مائل	mael
مائلہ	maila
مائن	mine
مائونٹ	mayont
مائيں	maaen
مائکروسافٹ	maykrosaft
مائکروفون	maykrofon
مائکل	maykl
مائہ	mayh
مائی	maai
مائیا	maiyya
مائینر	mayinr
مائینڈ	mayind
مائیک	mike
مائیکروسافٹ	micorsoft
مائیکروسوفٹ	microsoft
مائیکروفنانس	mayikrofnans
مائیکل	michael
مائیگی	mayigi
مائیں	maaen
مائے	maye
ماب	maab
مابعدالطبیعات	mabadaltbiaat
مابین	mabain
مات	maat
ماتا	mataa
ماتحت	matehat
ماتحتوں	mathton
ماتحتی	matehti
ماترے	matray
ماتقدم	matqdm
ماتلی	matli
ماتم	maatam
ماتمی	maatami
ماتھے	maathey
ماتے	maate
ماجا	maja
ماجد	majid
ماجدہ	majida
ماجرا	maajra
ماجرہ	majaarah
ماجوج	majooj
ماجومدار	majomdar
ماجھی	maajhi
ماجہ	maja
ماحاصل	ma-hasil
ماحصل	mahsal
ماحول	mahol
ماحولی	maholi
ماحولیات	maholiyaat
ماحولیاتی	maholiyati
ماخذ	maakhuz
ماخوذ	makhoz
ماد	mad
مادام	madame
مادر	madar
مادرزاد	madarzaad
مادرملت	madrmlt
مادری	maadri
مادوں	madon
مادھو	maadhu
مادھوراؤ	madhorao
مادھوری	madhuri
مادہ	madah
مادۂ	madah
مادی	maadi
مادیت	madiyat
مادے	maday
مار	maar
مارا	mara
ماراں	maran
مارب	marb
ماربل	marble
مارتا	maarta
مارتی	martii
مارتے	maartay
مارجن	margin
مارخور	markhor
ماردی	mardi
ماردیا	mardeya
مارس	marse
مارسیا	marsia
مارسیلز	marsilz
مارسے	marse
مارش	marsh
مارشا	marsha
مارشل	marshal
مارفیا	marfia
مارلن	marln
مارلے	marlay
مارن	marn
مارنا	maarna
مارننگ	morning
مارنی	marni
مارنے	maarny
ماروا	marwa
ماروائے	marwaye
مارونی	maroni
ماروں	maroo
ماروی	maroy
مارٹ	mart
مارٹم	martam
مارٹن	martin
مارٹین	martin
مارٹینا	martina
مارٹینز	martinz
مارٹینیز	martiniz
مارچ	march
مارچس	marches
مارک	mark
مارکر	markr
مارکس	marks
مارکسزم	markszm
مارکسسٹ	marksst
مارکسی	marksi
مارکو	marco
مارکوس	markos
مارکیٹ	market
مارکیٹس	markets
مارکیٹنگ	marketing
مارکیٹوں	marketon
مارکیٹیں	markitin
مارکے	marke
مارگ	marg
مارگریٹ	margrit
مارگلہ	marglh
مارگن	margn
ماری	maari
ماریا	marria
ماریشس	marishs
مارین	maarein
ماریو	mario
ماریں	marain
ماریہ	maria
ماریۃ	maria
مارے	maaray
مازندران	mazndran
مازو	maazo
ماس	mas
ماسا	masaa
ماسوا	masiwa
ماسوائے	masiwaye
ماسٹر	master
ماسٹرز	masters
ماسک	mask
ماسکو	moscow
ماسی	maasi
ماش	mash
ماشا	masha
ماشکیل	mashkil
ماشہ	mashah
ماضی	maazi
ماف	maf
مافوق	mafooq
مافیا	mafia
مافیہ	mafia
مال	maal
مالا	malaa
مالائی	malayi
مالامال	malamaal
مالاکنڈ	malakand
مالت	malat
مالتھس	malths
مالدار	maldaar
مالداری	maldari
مالديپ	maldip
مالدیپ	maldip
مالس	malse
مالش	maalish
مالك	malik
مالم	malam
مالن	malun
مالوں	malon
مالویہ	maloyh
مالٹا	maalta
مالٹے	maaltay
مالک	maalik
مالکان	malkaan
مالکانہ	malikana
مالکوں	malikon
مالکہ	malika
مالی	maali
مالیا	malya
مالیات	maalyaat
مالیاتی	maliyati
مالیت	maliyat
مالیتی	maliti
مالینی	malini
مالیکی	maliki
مالیکیول	malecule
مالیہ	malia
مالے	maley
مام	maam
ماما	mama
مامتا	maamta
مامور	mamoor
مامورا	mamura
مامون	mamoon
ماموں	mamu
مان	maan
مانئے	maniye
مانا	maana
ماناس	manas
مانتا	maanta
مانتی	manti
مانتے	mantay
مانجھ	manjh
مانجھی	manjhi
ماند	maand
ماندرا	mandra
ماندگان	mandgan
ماندگی	mandghi
ماندہ	mandah
ماندے	manday
مانس	manas
مانسون	manson
مانسوں	manson
مانسہرہ	mansehra
مانع	maney
ماننا	maanna
مانند	manind
ماننی	manni
ماننے	maan-ne
مانو	manu
مانوس	manoos
مانوں	manoo
مانٹریال	mantryal
مانچسٹر	manchester
مانڈوی	mandwi
مانک	mank
مانکی	manki
مانگ	maang
مانگا	manga
مانگتا	mangta
مانگتی	maangti
مانگتیں	maangtein
مانگتے	mangte
مانگنا	maangna
مانگنی	maangni
مانگنے	mangnay
مانگو	mango
مانگوں	maanguu
مانگی	mangi
مانگیں	mangeen
مانگے	mangay
مانہ	manh
مانی	maani
مانیا	maniya
مانیٹر	monitor
مانیٹرنگ	monitoring
مانیکا	manika
مانیں	manen
مانے	manay
ماوئی	mavyi
ماورا	mawra
ماوراء	mawrah
ماورائی	marwai
ماورائے	marwaye
ماوری	marwi
ماونٹ	mavnt
ماونٹین	tor
ماوی	mava
ماٹو	mato
ماپ	saya
ماپا	mapa
ماپنے	maapnay
ماچھی	machhi
ماچی	machi
ماڈرن	modern
ماڈل	model
ماڈلنگ	madlng
ماڑی	maari
ماک	mak
ماکو	mako
ماکول	makol
ماکی	makee
ماں	maa
ماہ	mah
ماہانہ	mahana
ماہتاب	mahtab
ماہد	mahid
ماہر	maahir
ماہرانہ	mahirana
ماہروں	mahron
ماہرہ	mahera
ماہرین	mahireen
ماہریں	mahrin
ماہل	mahl
ماہم	mahem
ماہنامہ	mahnamh
ماہنامے	mahname
ماہوار	mahwar
ماہواری	mahvari
ماہی	mahi
ماہیا	maahiya
ماہیت	mahiat
ماہیما	mahima
ماہیوں	mahyon
ماہیے	maahiye
ماہے	mahe
مایا	maya
مایاوتی	mayavti
مایو	maiu
مایوس	mayoos
مایوسی	mayoosi
مایہ	maaya
مب	mub
مبا	muba
مباح	mubah
مباحث	mubahis
مباحثوں	mbahson
مباحثہ	mobahisa
مباحثے	mubahisay
مبادلہ	mubadla
مبادیات	mabadiyat
مبارز	mubarez
مبارک	mubarak
مبارکباد	mubarakbaad
مبارکپور	mbarkpor
مبارکہ	mubarikah
مبازرت	mabazrat
مباشرت	mubashrat
مبالغہ	mubaligha
مبالغے	mbalghe
مبتدیوں	mubtdiyon
مبتلا	mubtala
مبتلائے	mbtlaye
مبحث	mabhas
مبدا	mubada
مبدل	mubaddal
مبذول	mabzol
مبر	meber
مبرا	mubara
مبران	mbran
مبرم	mubrem
مبروک	hain
مبشر	mubasher
مبشرہ	mubashira
مبصر	mubassir
مبصروں	mbsron
مبصرین	mubasireen
مبعوث	maboos
مبلغ	mubalagh
مبلغہ	mubeligha
مبلغین	mblghin
مبنی	mabni
مبہم	mabham
مبی	mbi
مبین	mubin
مبینہ	mobayyana
مت	mat
متا	maata
متاثر	mutasir
متاثرہ	mutasirah
متاثرین	mutasireen
متاع	mata
متانت	matanat
متبادل	mutabadil
متبادلات	mtbadlat
متبادلوں	mtbadlon
متبحر	mtbhr
متبرک	mutbarrik
متجسس	mutajasus
متحارب	mutharab
متحجرات	muthajjarat
متحد	muttahid
متحدہ	mutahidda
متحدۂ	mutahidda
متحرک	mutharrak
متحمل	muthammil
متحیر	muthair
متذبذب	mtzbzb
متذکرہ	mtzkrh
مترادف	mutradif
مترجم	mutrajim
مترشح	mutrashah
مترنم	mutrannam
متروک	matrooq
متروکہ	matruka
متزلزل	mutazalzal
متشاکل	mutashakal
متشدد	mtshdd
متشکل	mutshakil
متشکک	mtshkk
متصادم	mutsadam
متصف	mutsif
متصل	mut-tasil
متصلہ	mutasila
متصور	musatawir
متضاد	mutazaad
متعارف	muta-arif
متعد	mtad
متعدد	mutadid
متعدل	mutaadil
متعدی	mutaddi
متعصب	mutasib
متعصبانہ	mutassbana
متعلق	mutaliq
متعلقات	mtalqat
متعلقہ	mutaliqa
متعلم	mutalim
متعمد	mutamid
متعین	mutayyan
متعینہ	mtaynh
متغیر	mutaghayyar
متفرق	mutafarraq
متفرقات	mutfariqat
متفق	mutfiq
متفقہ	mutafiqa
متفکر	mutfakir
متقابل	mutqabil
متقاضی	mutaqazi
متقی	mut-taqi
متلاشی	mutlashi
متلون	matloon
متلی	matli
متمتع	mtmta
متمدن	mtmdn
متمم	mutmam
متمنی	mutamanni
متمول	mtmol
متمکن	mtmkn
متن	matan
متنازع	mutanazia
متنازعہ	mutanazia
متناسب	mutanasib
متناہی	mutnahi
متنبہ	mutnabba
متنفر	mutnafar
متنوع	mtnoa
متو	mto
متواتر	mutawatar
متوازن	mutawazan
متوازی	matawazi
متوالا	matwala
متوالی	matwaali
متوجہ	mutwajjah
متوسط	mutwast
متوفی	mutwafi
متوفین	mtofin
متوفیہ	mtofih
متوقع	mutawaqqa
متولی	matwalli
متون	mton
متوکل	mutawakkal
متوں	mton
متکبرانہ	mutkabbirana
متکلم	mutkalam
متھرا	mthra
متھن	mithan
متھورا	mathura
متی	mati
متین	mateen
متیں	mtin
مثال	misaal
مثالوں	misalon
مثالي	misali
مثالی	misali
مثالیں	misalein
مثانہ	masana
مثانے	masanay
مثبت	misbet
مثقال	musqal
مثل	misl
مثلا	maslan
مثلث	masalas
مثنوی	msnoy
مثنویاں	msnoyan
مثنویوں	msnoyon
مثنی	musna
مثیل	musil
مجاجن	majajan
مجادلہ	majadla
مجارستان	mjarstan
مجاز	majaz
مجازا	majaza
مجازی	majazi
مجال	majaal
مجالس	majalis
مجامعت	mujamat
مجاور	mujawer
مجاوری	mjavri
مجاہد	mujahid
مجاہدانہ	mjahdanh
مجاہدوں	mjahdon
مجاہدہ	mujahida
مجاہدۂ	mujahida
مجاہدین	mujahideen
مجاہدے	mjahde
مجبور	majaboor
مجبورا	majboron
مجبورکر	mjborkr
مجبوری	majaboori
مجبوریاں	majboriyan
مجبوریوں	majabuuriyon
مجتبی	mujtaba
مجتمع	mujtma
مجتہد	mujtahid
مجتہدین	mjt_hdin
مجد	mjd
مجدد	mujaddad
مجددی	mjddi
مجذوب	mjzob
مجرا	mujraa
مجرب	mujrib
مجرد	mujarad
مجرم	mujrim
مجرمان	mjrman
مجرمانہ	mujremana
مجرموں	mujrimon
مجرمین	mujrimeen
مجروح	majrooh
مجریہ	mjrih
مجرے	mjre
مجسم	mujassam
مجسموں	mujasmon
مجسمہ	mujasma
مجسمے	mujasmay
مجسٹریٹ	magistrate
مجلد	mjld
مجلس	majlis
مجلسوں	mjlson
مجلسی	majalsi
مجلسیں	mujlisain
مجلہ	mujalla
مجلے	mjle
مجمدار	mjmdar
مجمع	majmaa
مجمعہ	mjmah
مجمعے	majmeen
مجمل	mujmal
مجموعوں	majmuon
مجموعہ	majmoa
مجموعۂ	majmoa
مجموعی	majmoi
مجموعے	mjmoae
مجنون	majnoon
مجنوں	majnu
مجو	majjo
مجوزہ	mujawaza
مجوسی	majoosi
مجوعہ	mjoah
مجيد	majeed
مجھ	mujh
مجھے	mujhe
مجہول	mj_hol
مجیب	mujeeb
مجید	majeed
مجیدی	mjidi
مجیر	mujir
محاذ	mahaaz
محاذوں	mhazon
محارب	muhareb
محاز	mhaz
محاسبہ	muhasba
محاسن	mhasn
محاصروں	mhasron
محاصرہ	muhasra
محاصرۂ	muhasra
محاصرین	muhasreen
محاصرے	muhasray
محاصل	muhasil
محافظ	muhafiz
محافظت	muhafizat
محافظوں	muhafizon
محافظہ	muhafiza
محافظین	mhafzin
محافل	mahafil
محال	mahaal
محالفت	mhalft
محالہ	laa
محاورات	mahawraat
محاوراتی	mhavrati
محاورتا	mhavrta
محاوروں	mhavron
محاورں	mhavrn
محاورہ	mohawra
محاورے	mahawray
محاکمہ	muhaakma
محب	muhib
محبان	mhban
محبت	mohabbat
محبتوں	mohabbaton
محبوب	mehboob
محبوبوں	mhbobon
محبوبہ	mehbooba
محبوس	mahboos
محتاج	mohtaaj
محتاجوں	mohtajon
محتاط	mohtaat
محترم	mohtaram
محترمہ	mohtarma
محتسب	muhtasib
محتلف	mukhtalif
محد	mhd
محدث	muhaddas
محدود	mehdood
محدودات	mhdodat
محذوف	mahzoof
محراب	maharab
محرابوں	mehrabon
محرابیں	mehrabein
محرف	muharraf
محرم	mehram
محرمات	muharmat
محرمیوں	mhrmyon
محروف	mhrof
محروق	mahrooq
محروم	mahroom
محرومی	mehroomi
محرومیاں	mehromiyaan
محرومیت	mahroomiat
محرومیوں	mehroomion
محرک	muharrak
محرکات	muharikaat
محرکہ	dot
محزوں	mahzoo
محسن	mohsin
محسنوں	mohsinon
محسود	mahsood
محسوس	mehsoos
محسوسات	mehsosaat
محشر	mahshar
محصور	mahsor
محصورین	mhsorin
محصول	mehsool
محصولات	mehsoolat
محض	mehez
محضر	mahzar
محضوظ	mhzoz
محظ	mhz
محظوظ	mahzooz
محفل	mehfhil
محفلوں	mehafilon
محفلیں	mahfilen
محفوط	mehfooz
محفوظ	mehfooz
محقق	muhaqiq
محققانہ	muhaqiqana
محققوں	mhqqon
محققین	mohqiqeen
محقیقن	mhqiqn
محقین	muhekeen
محل	mehal
محلات	mehlaat
محلاتی	mhlati
محلل	muhlal
محلول	mehlool
محلوں	mehloon
محلہ	mohalla
محلے	muhallay
محمد	mohammad
محمدخان	mhmdkhan
محمدشریف	mhmdshrif
محمدمنصور	mansoor
محمدکے	mohammad
محمدی	muhammadi
محمدیہ	mhmdih
محمل	mhml
محمند	mohmand
محمو	mhmo
محمود	mahmood
محمودہ	mahmooda
محمودی	mahmudi
محمودیہ	mhmodih
محمول	mhmol
محمڈن	mhmdn
محمکہ	mhmk_h
محمکے	mhmke
محنت	mehnat
محنتوں	mehnaton
محنتی	mehnati
محو	mehv
محور	mehwar
محوری	mehwari
محولہ	mholh
محولیات	mholyat
محکم	mohakam
محکمئہ	mhkmyh
محکموں	mehakmon
محکمہ	mehakma
محکمۂ	mehakma
محکمے	mehakmay
محکوم	mehkoom
محکوموں	mhkomon
محکومی	mehkoomi
محی	mohi
محیر	muhayyur
محیط	muheet
مخاصمت	mkhasmt
مخاطب	mukhatib
مخاطبہ	mukhatiba
مخالف	mukhalif
مخالفانہ	mukhalifana
مخالفت	mukhalfat
مخالفتوں	mkhalfton
مخالفوں	mkhalfon
مخالفين	mukhalfin
مخالفین	mukhalfin
مخبر	mukhbar
مخبروں	mkhbron
مخبری	mukhbari
مختار	mukhtaar
مختاراحمد	mkhtarahmd
مختارانہ	makhtarana
مختاری	mukhtari
مختتم	mkhttm
مختص	mukhtas
مختصر	mukhtasir
مختصرا	mukhtasran
مختلف	mukhtalif
مختوم	makhtum
مختیار	mkhtyar
مختیاری	mkhtyari
مخدر	mukhaddar
مخدوش	haal
مخدوم	makhdum
مخدومہ	makhdooma
مخروطی	makhrooti
مخزن	mukhzan
مخصص	mkhss
مخصوس	mkhsos
مخصوص	makhsoos
مخطط	mukhattat
مخطوطات	mkhtotat
مخفف	makahffaf
مخفی	makhfi
مخلتف	mukhtalif
مخلص	mukhlis
مخلصانہ	mukhlisana
مخلصی	mukhlasi
مخلوط	makhloot
مخلوق	makhlooq
مخلوقات	makhloqaat
مخمس	mukhamas
مخملی	makhmali
مخمور	makhmoor
مخواہ	makhuwa
مخیر	mukhayyar
مد	mad
مدا	muda
مدائن	mdayn
مداح	madah
مداحوں	madahon
مداخلت	mudakhlat
مداد	mdad
مدار	madaar
مدارات	madaraat
مدارت	madarat
مدارج	madaraj
مدارس	madaris
مداروں	mdaron
مداری	madaari
مدافعت	mudafat
مدافعتی	mdafati
مدام	madaam
مدان	mdan
مداوا	madawa
مداومت	mudawmat
مدبر	mudabbir
مدبرین	mdbrin
مدت	muddat
مدتوں	muddaton
مدتی	mudti
مدثر	madasser
مدح	madah
مدحا	madha
مدحت	midhat
مدحیہ	madhia
مدخولہ	madkhola
مدد	madad
مددت	mddt
مددکی	mddki
مددگار	madadgaar
مدر	mother
مدراس	madras
مدراسی	madrasi
مدرس	mudarris
مدرستہ	madarsa
مدرسوں	mdrson
مدرسہ	madrassa
مدرسۃ	madrassa
مدرسی	madrassi
مدرسین	mdrsin
مدرسے	madrasay
مدركة	mdarka
مدرکہ	madarkah
مدظلہ	madzala
مدعا	mudda
مدعو	madoo
مدعوکیا	liye
مدعی	mudai
مدعیت	mdayt
مدغم	madgham
مدفن	madfan
مدفون	madfoon
مدلل	mudlal
مدمقابل	mad-muqabil
مدمیں	mdmin
مدن	mdn
مدنظر	mad
مدنی	madni
مدو	mado
مدور	madoor
مدون	madoon
مدوں	mdon
مدير	mudeer
مدھان	madhan
مدھر	madhur
مدھم	madham
مدھو	madhu
مدھوبالا	mdhobala
مدھیا	mdhya
مدھیہ	mdhih
مدہ	muddaa
مدہم	madham
مدہوشی	madhoshi
مدہیہ	md_hih
مدیان	madyaan
مدیح	madih
مدیحہ	madiha
مدید	mudid
مدیر	mudeer
مدیران	mudeeran
مدیروں	mdiron
مدین	mudin
مدینہ	madinah
مدینۃ	madinah
مدینے	madeeney
مذ	mz
مذاق	mazaq
مذاکرات	mazakraat
مذاکرے	mzakre
مذاہب	mazahab
مذبذب	mazbazab
مذمت	muzammat
مذمتی	muzamati
مذموم	mazmoom
مذکر	muzakar
مذکرات	mzkrat
مذکور	mazkoor
مذکورہ	mazkoorah
مذھبی	mazhabi
مذہب	mazhab
مذہبوں	mzhbon
مذہبی	mazhabi
مذہبیت	mazhabiyat
مذید	mzid
مر	mar
مرئی	mryi
مرا	mra
مرات	marat
مراتب	muratib
مراجع	mraja
مراجعت	murajaat
مراحل	marahil
مراحلہ	mrahlh
مراد	morad
مرادوں	muradon
مرادی	muradi
مرادیں	mradin
مراز	mraz
مراسلات	marasilaat
مراسلت	mraslt
مراسلہ	marasla
مراسلے	maraslay
مراسم	marasim
مراعات	mara-aat
مرافعہ	marafa
مرافقہ	murafiqa
مراقبہ	muraqba
مراقبے	mraqbe
مرالہ	mralh
مرام	muram
مران	mran
مرانی	marani
مراٹ	mrat
مراٹھا	maratha
مراٹھی	marathi
مراکز	marakaz
مراکش	marakish
مراکشی	mrakshi
مراہم	marahum
مربع	murabba
مربوط	marboot
مربی	murabbi
مربے	murabbey
مرة	marrah
مرتا	mrta
مرتب	muratab
مرتبان	martbaan
مرتبت	mrtbt
مرتبہ	martaba
مرتبے	apne
مرتد	murtid
مرتسم	murtasam
مرتضوی	murtezvi
مرتضی	murteza
مرتفع	murtafa
مرتکب	murtakib
مرتکز	murtakiz
مرتے	martay
مرثیوں	mrsyon
مرثیہ	marsia
مرثیے	marsiye
مرج	murge
مرجا	mrja
مرجائے	marjaye
مرجاتا	mrjata
مرجان	marjaan
مرجانی	marjaani
مرجانے	mrjane
مرجع	marja
مرجھا	murjhaa
مرحلوں	mrhlon
مرحلہ	marhala
مرحلے	marhalay
مرحمت	marhamat
مرحوم	marhoom
مرحومہ	mrhomh
مرد	mard
مردار	murdaar
مردان	mardan
مردانگی	mardangi
مردانہ	mardana
مرداں	mrdan
مردم	mardum
مردو	mardo
مردود	mardood
مردوزن	mrdozn
مردوں	mardon
مردہ	murda
مردے	murdy
مررہا	mrrha
مرز	mirz
مرزئی	marzai
مرزا	mirza
مرس	mers
مرسر	mrsr
مرسل	marsal
مرسلہ	mursala
مرسڈیز	mercedes
مرسی	mercy
مرسیڈ	mursid
مرسیڈیز	mrsidiz
مرشد	murshid
مرصع	murassa
مرض	marz
مرضی	marzi
مرطوب	martoob
مرعوب	maroob
مرغ	murgh
مرغا	murga
مرغاب	murghab
مرغزار	marghzaar
مرغوب	marghoob
مرغولہ	marghoola
مرغوں	mrghon
مرغی	murghi
مرغیاں	murghiyan
مرغیوں	murghion
مرغے	murghay
مرفوع	marfoo
مرفی	mrfi
مرق	marq
مرقد	marqad
مرقدوں	mrqdon
مرقدہ	mrqd_h
مرقع	muraqa
مرقوم	marqoom
مرل	mrl
مرلہ	marlah
مرلی	murli
مرلے	mrle
مرمت	murammat
مرمر	mar-mar
مرنا	marna
مرنال	mrnal
مرنگو	mrango
مرنے	marnay
مرو	mrw
مروا	marwa
مروارید	merwarid
مروان	mervan
مروت	murawwat
مروج	murawej
مروجہ	murawaja
مروڑ	maror
مروں	mron
مروہ	mroh
مروی	marwi
مريم	maryam
مرچ	mirch
مرچنٹ	mirchant
مرچکی	mrchki
مرچی	mirchi
مرک	mrk
مرکب	murakkab
مرکبات	murakabat
مرکری	mrkri
مرکز	markaz
مرکزي	markazi
مرکزہ	mrkzh
مرکزی	markazi
مرکزیت	mrkzit
مرکزے	markazay
مرکل	markle
مرکوز	markooz
مرکے	marke
مرگ	merg
مرگئی	mrgyi
مرگئے	margaye
مرگی	mirgi
مرگیا	margaya
مرہ	maraah
مرہم	marham
مرہون	marhoon
مرہٹہ	marhatta
مری	meri
مریان	eryaan
مریخ	mareekh
مریخی	mareekhi
مرید	mureed
مریدوں	mureedon
مریدکے	mridke
مریدی	mureedi
مریدین	mridin
مریض	mareez
مریضوں	mareezon
مریل	mariyal
مریم	maryam
مرین	mrin
مرینہ	marina
مریکی	mriki
مرے	marey
مزا	maza
مزاج	mizaaj
مزاجی	mizaji
مزاح	mazah
مزاحم	muzahim
مزاحمت	muzahmat
مزاحمتی	muzahmati
مزاحیہ	mazahiy
مزار	mazaar
مزارات	mzarat
مزارشریف	mzarshrif
مزارع	mzara
مزارعوں	mzaraon
مزاروں	mazaron
مزاری	mazari
مزاق	mazzaq
مزاکرات	mzakrat
مزدا	mzda
مزدروں	mzdron
مزدلفہ	mazdalfa
مزدور	mazdoor
مزدوروں	mazdooron
مزدوری	mazdoori
مزمت	mazmat
مزمل	muzammil
مزمن	muzmin
مزموم	mazmum
مزنگ	mzng
مزيد	mazeed
مزکرات	mzkrat
مزکورہ	mzkorh
مزہ	maza
مزہب	mzhb
مزہبی	mazhabi
مزہر	muzher
مزید	mazeed
مزیدار	mazedar
مزین	muzayyan
مزے	mazay
مس	miss
مسئلہ	masla
مسئلے	maslay
مسائل	masail
مسابقت	musabqat
مسابقتی	musabiqati
مساج	massage
مساجد	msajd
مساجدکی	msajdki
مساعی	msaay
مسافت	masafat
مسافتوں	musafaton
مسافر	musafir
مسافران	musafiran
مسافرت	musafirat
مسافروں	musafiron
مسالا	masala
مسالک	msalk
مسالہ	masala
مسام	massam
مسامات	masamaat
مساموں	masamon
مسان	msan
مساوات	masawaat
مساوت	masawat
مساوی	masawi
مساکین	msakin
مسبب	msbb
مست	mast
مستان	masan
مستانہ	mastana
مستانی	mastani
مستثنی	mstsni
مستثنیات	mstsnyat
مستجاب	mustajab
مستحب	mustahib
مستحسن	mustahsan
مستحق	mustahiq
مستحکم	mustahkam
مستدرک	mustadrik
مسترد	mustard
مستردکر	mstrdkr
مستری	mistri
مستزاد	mstzad
مستشرق	mstshrq
مستطیل	mustateel
مستعار	mstaar
مستعد	mustaed
مستعدی	mustadi
مستعفی	mustafi
مستعمل	mustamil
مستغرق	mutaghraq
مستفید	mustafeed
مستفیض	mstfiz
مستقبل	mustaqbil
مستقر	mstqr
مستقل	mustaqil
مستقیم	mustaqeem
مستمر	mustimer
مستند	mustand
مستنصر	mastanser
مستنصریہ	mstnsrih
مستوجب	mstojb
مستور	mastoor
مستونگ	mastung
مستوی	mustawi
مستی	masti
مسجد	masjid
مسجداقصی	msjdaqsi
مسجدمیں	msjdmin
مسجدوں	masjidoon
مسجدیں	masjiden
مسح	maseh
مسحور	mashooor
مسخ	maskh
مسخادوف	mskhadof
مسخر	maskhar
مسخرا	maskhara
مسدس	musadas
مسدود	masdood
مسرت	musarrat
مسرتوں	msrton
مسرتیں	musarraten
مسرف	musrif
مسرور	masroor
مسروق	masrook
مسز	mrs
مسطح	musattah
مسعود	masood
مسعودی	msavdi
مسقبل	msqbl
مسقتبل	msqtbl
مسقط	msqt
مسقل	msql
مسل	masal
مسلئہ	mslyh
مسلئے	mslye
مسلح	musallah
مسلحہ	mslh_h
مسلز	muscles
مسلسل	musalsal
مسلط	musallat
مسلم	muslim
مسلمان	musalman
مسلمانان	mslmanan
مسلمانو	musalmano
مسلمانوں	musalmanoon
مسلمانی	musalmani
مسلماں	musalmaan
مسلموں	mslmon
مسلمہ	musalmah
مسلک	maslak
مسلکی	mslki
مسلہ	masla
مسلۂ	masla
مسلیمہ	mslimh
مسلے	maslay
مسمار	masmaar
مسماری	msmari
مسمانوں	sagheer
مسند	masnad
مسنون	masnun
مسو	mso
مسواک	maswaak
مسودات	musawidaat
مسودوں	msodon
مسودہ	musevida
مسودۂ	musevida
مسودے	msode
مسور	msor
مسوری	msori
مسوڑوں	masooro
مسوڑھوں	masoorho
مسٹر	mister
مسٹری	mystery
مسٹریس	mistress
مسکت	mskt
مسکرا	muskura
مسکراتا	muskorata
مسکراتی	muskarati
مسکراتے	muskuratay
مسکرانے	muskurany
مسکراہٹ	muskurahat
مسکراہٹیں	muskorahatein
مسکرایا	muskuraya
مسکن	maskan
مسکین	maskeen
مسکینوں	das
مسکینی	maskini
مسہل	mashal
مسی	masi
مسیب	musayyab
مسیح	maseeh
مسیحا	masiihaa
مسیحائی	masehaie
مسیحی	masihi
مسیحیت	msihit
مسیحیوں	msihyon
مسیسپی	msispi
مسیلہ	maseela
مسے	massay
مش	mush
مشا	masha
مشائخ	mashaiykh
مشائخانہ	mashaikhana
مشابھت	mushabihat
مشابہ	mushaba
مشابہت	mushabihat
مشابہہ	mshab_hh
مشارکت	musharkat
مشاعر	mshaar
مشاعروں	mshaaron
مشاعرہ	mushara
مشاعرے	mshaare
مشاغل	mashaghil
مشاورت	mushawarat
مشاورتی	mushawarti
مشاہد	mushahid
مشاہدات	mshahdat
مشاہدہ	mushahida
مشاہدۂ	mushahida
مشاہدین	mshahdin
مشاہدے	mushahiday
مشاہیر	mashaheer
مشبک	mashbak
مشبہ	mshb_h
مشت	masht
مشتا	mushta
مشتاق	mushtaq
مشتبہ	mushtaba
مشتر	mshtr
مشترک	mushtarik
مشترکہ	mushtarqa
مشتری	mushtari
مشتعل	mushtael
مشتعمل	mshtaml
مشتق	mushtaq
مشتمل	mushtamil
مشتی	mushti
مشخص	mshkhs
مشر	mshr
مشرا	mishra
مشران	mshran
مشرف	musharraf
مشرفی	mshrfi
مشرق	mashriq
مشرقی	mashriqi
مشروب	mashroob
مشروبات	mashrobat
مشروط	mashroot
مشرک	mushriq
مشرکانہ	mushrikana
مشرکوں	mushrikon
مشرکین	mushriqeen
مشعر	musher
مشعل	mashal
مشغلہ	mashgala
مشغلے	mashghelay
مشغول	mashgool
مشغولیت	mashghooliat
مشفق	mushfiq
مشق	mashq
مشقت	mushaqqat
مشقوں	mashqon
مشقيں	mashqen
مشقیں	mashqen
مشن	mission
مشنری	mshnri
مشنریوں	mshnryon
مشنز	missions
مشنوں	mshnon
مشور	mshor
مشوروں	mashwaron
مشورہ	mahswara
مشورے	mashwaray
مشک	mushk
مشکل	mushkil
مشکلات	mushkilaat
مشکلوں	mushkilo
مشکلیں	mushkilain
مشکور	mashkoor
مشکوک	mashkook
مشککل	mushkil
مشکیزہ	mashkiza
مشہد	msh_hd
مشہو	msh_ho
مشہود	mashhood
مشہور	mashhoor
مشہوری	msh_hori
مشی	mshi
مشیت	mushiyat
مشیر	musheer
مشیران	mshiran
مشیروں	musheeron
مشین	machine
مشینری	machinery
مشینوں	machinon
مشینی	machini
مشینیں	mashinen
مشیگن	mshign
مصائب	masaaib
مصاحب	musahib
مصاحبت	msahbt
مصاحبین	na
مصارف	masarif
مصافحہ	musafah
مصالحانہ	musalehana
مصالحت	musalihat
مصالحتی	masalihati
مصالحوں	msalhon
مصالحہ	masalha
مصالحے	masalhay
مصباح	misbah
مصحف	mshf
مصداق	misdaaq
مصدر	masdar
مصدق	musaddiq
مصدقہ	musadeqa
مصر	misar
مصرع	misraa
مصرعوں	misron
مصرعہ	misra
مصرعے	misrey
مصرف	masraf
مصروف	masroof
مصروفیات	masrofiyat
مصروفیت	masrufiyat
مصروں	misron
مصری	misri
مصریات	misriaat
مصریوں	misrion
مصطفوی	aur
مصطفی	mustafa
مصطفے	mstfe
مصطلق	mastalq
مصعب	masab
مصف	masaf
مصفا	masfa
مصفی	masfi
مصلائے	mslaye
مصلح	musleh
مصلحانہ	muslihana
مصلحت	maslehat
مصلحتوں	maslehton
مصلحتیں	mslhtin
مصلوب	masloob
مصلے	musalley
مصمم	aur
مصنف	musannif
مصنفوں	musanifon
مصنفہ	musanifa
مصنفین	musanifeen
مصنوعات	masnoaat
مصنوعی	masnoi
مصور	musawir
مصورانہ	musawwirana
مصوروں	msoron
مصورہ	musavira
مصوری	musawari
مصیبت	museebat
مصیبتوں	musibaton
مصیبتیں	museebatein
مصیرہ	musira
مضائقہ	muzaiqa
مضاربہ	mzarb_h
مضارع	mazare
مضافات	muzafaat
مضافاتی	muzafati
مضامین	mazameen
مضامیں	mzamin
مضبوط	mazboot
مضبوطی	mazbooti
مضحکہ	mazhaka
مضر	muzir
مضراب	mizrab
مضطر	muztir
مضطرب	muztarib
مضمحل	mzmhl
مضمر	muzmer
مضمرات	mzmrat
مضمون	mazmoon
مضموں	mazmoon
مطابق	mutabiq
مطابقت	mutabqat
مطالب	mtalb
مطالبات	mutalibaat
مطالبوں	mtalbon
مطالبہ	mutalba
مطالبے	mutalbe
مطالعات	mtalaat
مطالعاتی	mutaliati
مطالعوں	mtalaon
مطالعہ	mutalea
مطالعۂ	mutalea
مطالعے	mutalay
مطب	matab
مطبع	matba
مطبق	mtbq
مطبوعات	matbuat
مطبوعہ	matboa
مطعون	mtavn
مطلب	matlab
مطلبی	matlabi
مطلع	mutala
مطلق	mutlaq
مطلقا	mutlaqan
مطلقہ	mutalqa
مطلوب	matloob
مطلوبہ	matlooba
مطمئن	mutmaen
مطمح	mtmh
مطمع	mtma
مطمعن	mutma_en
مطہر	muther
مطہرات	mutahrat
مطہرہ	mutahera
مطیع	mutee
مظالم	mzalm
مظاہر	mazahir
مظاہروں	muzahiron
مظاہرہ	muzahira
مظاہری	mzahri
مظاہرین	muzahireen
مظاہرے	muzahirey
مظبوط	mazboot
مظبوطی	mazbooti
مظفر	muzaffar
مظفرآباد	muzaffarabad
مظفرالدین	mzfraldin
مظفرنگر	mzfrngr
مظفرپور	mzfrpor
مظفرگڑھ	mzfrgrhh
مظلوم	mazloom
مظلومانہ	mzlomanh
مظلوموں	muzloomon
مظہر	mazhar
مع	ma
معا	muan
معائدے	maayde
معائنہ	muaina
معائنے	muanay
معاد	muad
معادل	muadil
معاذ	maaz
معاذاللہ	maazallah
معارف	muarif
معاش	muaash
معاشر	maashr
معاشرت	muashrat
معاشرتی	masharti
معاشروں	maashron
معاشرہ	muashra
معاشرے	muashray
معاشقے	maashqe
معاشی	muashi
معاشیات	muashiaat
معاصر	muasar
معاصرین	maasrin
معاف	maaf
معافي	maffi
معافی	maffi
معالج	mualij
معالجہ	mualja
معالجین	maaljin
معالجے	mualjay
معاملات	mamlaat
معاملوں	maamlon
معاملہ	maamla
معاملے	muamlay
معان	moan
معاندانہ	muanidana
معانقہ	josh
معانی	ma-ani
معاوضوں	maavzon
معاوضہ	muawza
معاوضے	muawzay
معاون	muawin
معاونت	muawnat
معاونین	maavnin
معاویہ	muawiya
معاہد	maahd
معاہدات	maahdat
معاہداتی	maahdati
معاہدوں	maahdon
معاہدہ	moahida
معاہدۂ	moahida
معاہدین	muhaudin
معاہدے	muahiday
معاینہ	maaynh
معبد	maabad
معبود	mabood
معبودوں	mabodon
معتبر	mooatbar
معتبری	moatabri
معتد	mutatid
معتدبہ	matdb_h
معتدد	matdd
معتدل	motadil
معترض	muatriz
معترضہ	nakaat
معترضین	matrzin
معترف	mutarrif
معتزلہ	matzlh
معتصم	mutasim
معتضد	mutazid
معتقد	mutaqid
معتقدین	matqdin
معتمد	motamad
معتمدین	mutamadeen
معتوب	ko
معجز	muajiz
معجزات	muajzaat
معجزاتی	majzati
معجزانہ	mojizana
معجزوں	majzon
معجزہ	moujza
معجزے	moajezae
معجزےکی	bujhanay
معد	ma-ad
معدن	madan
معدنی	maadni
معدنیات	madniyaat
معدنیاتی	madnyati
معدود	madod
معدودے	madode
معدوم	madoom
معدومیت	madomiyat
معدہ	maida
معدے	maiday
معذرت	moazrat
معذور	mazoor
معذوروں	mazoron
معذوری	mazoori
معذورین	mazorin
معر	mar
معراج	mairaaj
معرض	maaraz
معرف	muarif
معرفت	maarfat
معروضی	marozi
معروضیت	marozit
معروف	maroof
معروفیت	marofiyaat
معرکتہ	marka
معرکوں	markon
معرکہ	maarka
معرکۂ	maarka
معرکۃ	maarka
معرکے	markay
معری	muara
معز	mueez
معزز	muaziz
معززین	mazzin
معزور	maa'zoor
معزول	mazool
معزولی	mazooli
معشوق	mashooq
معشوقہ	mashooqa
معشیت	mashit
معصوم	masoom
معصوموں	masoomon
معصومیت	masomiyat
معصومین	masomin
معصیت	masiat
معطر	muattar
معطل	moattal
معطلی	muatali
معطی	muati
معظم	muazzam
معظمہ	muazzama
معقول	maqool
معقولات	maqolaat
معقولہ	maqoola
معقولیت	maqoliat
معلق	muallaq
معلم	mualim
معلمانہ	mualmana
معلمہ	malmh
معلمی	muallimi
معلمین	malmin
معلو	malo
معلول	malool
معلوم	maloom
معلومات	maloomat
معلوماتی	malomati
معلومہ	malooma
معلی	mualla
معما	moima
معمار	maimaar
معماروں	mamaron
معماری	mamari
معمر	maamar
معمل	mamal
معملات	mamlat
معمو	mamo
معمور	maamoor
معمول	mamool
معمولا	mamoolan
معمولات	maloomat
معمولی	mamooli
معمہ	moamma
معنون	manon
معنوں	maino
معنوی	manwi
معنویت	manviat
معني	maienay
معنی	maienay
معنے	menay
معولی	mavli
معيار	miyaar
معيشت	maeeshat
معکوس	makoos
معیاد	miyad
معیار	miyaar
معیارات	mayarat
معیاروں	mayaron
معیاری	mayaari
معیت	mayt
معید	mueed
معیشت	maeeshat
معیشتوں	mayshton
معیشتی	mayshti
معیشتیں	mayshtin
معیل	computer
معین	moueen
معینہ	muayana
معیوب	mayoob
مغالطہ	mughalta
مغالطے	mghalte
مغاں	maghaan
مغر	mghr
مغرب	maghrib
مغربي	maghribi
مغربی	maghribi
مغربیت	maghribiyyat
مغرور	maghrour
مغز	maghaz
مغزی	maghzi
مغفرت	mughfirat
مغفور	mghfor
مغل	mughal
مغلاں	mghlan
مغلوب	maghloob
مغلوں	mghlon
مغلیہ	mughlia
مغموم	maghmoom
مغنی	mughni
مغوی	mughwi
مغویوں	mughvion
مغویہ	mghoyh
مغیث	mughis
مغیرہ	mughira
مفاد	mafaad
مفادات	mafadaat
مفارقت	mufarqat
مفاسد	mfasd
مفاہمت	mafahmat
مفاہمتی	mafahmati
مفت	muft
مفتخر	muftakhir
مفتوح	mftoh
مفتوحہ	maftooha
مفتوحین	mftohin
مفتی	mufti
مفتیان	mftyan
مفتیوں	mftyon
مفر	mafar
مفرد	mufrad
مفرور	mafroor
مفروضات	mfrozat
مفروضوں	mfrozon
مفروضہ	mafrooza
مفروضے	mafroozay
مفسد	mufsid
مفسر	mufassir
مفسرین	mfsrin
مفسل	mufasil
مفصل	mufasil
مفعول	mafool
مفق	mfq
مفقود	mafqood
مفلس	muflis
مفلسی	muflisi
مفلوج	maflooj
مفکر	mufakkir
مفکرین	mufakreen
مفہم	mfhm
مفہوم	mafhuum
مفید	mufeed
مفیدہ	mufeeda
مق	maq
مقا	maqa
مقابل	maqabil
مقابلتا	muqablata
مقابلوں	muqablon
مقابلہ	muqaabla
مقابلے	muqablay
مقاصد	maqasid
مقاطعہ	mqatah
مقاطعے	mqatae
مقالات	maqalat
مقالوں	mqalon
مقالہ	maqalah
مقالۂ	maqalah
مقالے	maqalay
مقام	maqam
مقامات	maqamat
مقاموں	mqamon
مقامی	muqami
مقامیوں	mqamyon
مقبروں	maqbaron
مقبرہ	maqbarah
مقبرے	mqbre
مقبو	mqbo
مقبوضات	maqbozaat
مقبوضہ	maqboza
مقبول	maqbool
مقبولیت	maqboliat
مقتدا	muqtida
مقتدر	muqtadir
مقتدرہ	muqtadra
مقتدرۂ	muqtadra
مقتدی	muqtadi
مقتضی	maqtazi
مقتول	maqtool
مقتولین	ya
مقداد	maqdad
مقدار	miqdaar
مقداری	miqdari
مقدر	muqaddar
مقدس	muqaddas
مقدسہ	muqaddisa
مقدم	muqaddam
مقدمات	muqadmaat
مقدموں	mqdmon
مقدمہ	muqadma
مقدمے	muqadmay
مقدور	maqdoor
مقدونیائی	mqdonyayi
مقدونیہ	maqdoniya
مقر	badshah
مقرب	maqarrab
مقرر	muqarrar
مقررہ	muqarara
مقررین	muqarareen
مقروض	maqrooz
مقسوم	justice
مقصد	maqsad
مقصدی	maqsadi
مقصود	maqsood
مقطع	mqta
مقعد	maq-ad
مقفل	mqfl
مقلد	muqallad
مقلدین	mqldin
مقلوب	maqloob
مقناطیس	maqnatees
مقناطیسی	maqnateesi
مقناطیسیت	maqnateesiat
مقنع	maqna
مقنن	muqannan
مقننہ	mqnnh
مقوقس	maqooqes
مقولہ	maqola
مقولے	maqolay
مقوی	maqwi
مقيم	muqeem
مقہور	mqhor
مقید	par
مقیم	muqeem
مل	mil
ملئے	maliye
ملا	mila
ملائشیا	mlayshya
ملائم	mulaem
ملائمت	mulaimat
ملائکہ	mulaika
ملائی	malai
ملائیت	mlayit
ملائیشیا	malaysia
ملائیشیائی	mlayishyayi
ملائیشین	mlayishin
ملائیں	milaain
ملائے	milaye
ملات	malaat
ملاتا	milata
ملاتی	milati
ملاتے	milatay
ملاجلا	mlajla
ملاح	malah
ملاحظہ	mulahiza
ملاحوں	mallaahon
ملاحی	mallahi
ملادیا	mladya
ملازئی	mlazyi
ملازم	mulazim
ملازمت	mulazmat
ملازمتوں	mlazmton
ملازمتیں	mulaazmaten
ملازموں	mulazimo
ملازمہ	mulazma
ملازمین	mulazmeen
ملازمیں	mlazmin
ملاقات	mulaqaat
ملاقاتوں	mulakaton
ملاقاتیوں	mulaqation
ملاقاتیں	mulakaatein
ملال	malaal
ملالہ	malala
ملامت	malamat
ملامتی	malamati
ملامحمد	mlamhmd
ملانا	milana
ملانی	mlani
ملانے	milaane
ملاوٹ	milawat
ملاپ	milaap
ملاکا	mlaka
ملاکنڈ	mlaknd
ملایا	milaya
ملبورن	mlborn
ملبوس	malbos
ملبوسات	malbosaat
ملبہ	malba
ملبے	malbay
ملت	millat
ملتا	milta
ملتاجلتا	miltajolta
ملتان	multan
ملتانی	multani
ملتاہے	mltahe
ملتوی	multawi
ملتی	millti
ملتیں	milteen
ملتے	mlitay
ملجا	malja
ملجم	mljm
ملحد	mulhid
ملحدانہ	mulhidana
ملحدین	mlhdin
ملحق	mulhiq
ملحقہ	mulhiqa
ملحوظ	malhooz
ملخص	mulkhis
ملر	miller
ملز	mills
ملزم	mulzim
ملزمان	mulzimaan
ملزموں	mulzimon
ملزمہ	mulzima
ملزوم	malzoom
ملط	malt
ملعون	maloon
ملغوبہ	malghobah
ملف	milf
ملفوظ	malfuz
ملفوظات	malfoozat
ملفوف	malfoof
ملك	malak
ملكہ	malika
ملمع	mulamma
ملن	milan
ملنا	milna
ملنگ	malang
ملنی	milni
ملنے	milnay
ملو	milo
ملوئی	maloi
ملوث	mulawis
ملوٹ	mlot
ملوک	maloq
ملوکا	mloka
ملوکانی	mlokani
ملوکیت	malukiyat
ملوں	milon
مليشيائي	mlishyayi
ملين	million
ملٹری	military
ملٹن	milton
ملٹی	multi
ملٹیپل	visa
ملڑی	jo
ملک	malik
ملکا	mlka
ملکاؤں	mlkaon
ملکان	mlkan
ملکر	milakar
ملکوال	malakwal
ملکوتی	malkoti
ملکوں	mulkon
ملکہ	malka
ملکۂ	malka
ملکی	mulki
ملکیت	malkiat
ملکیتی	mlkiti
ملکیوں	mulkion
ملہ	mlh
ملہال	mlhal
ملی	mili
ملیا	malya
ملیاں	mlyan
ملیح	malih
ملیحہ	maliha
ملیر	mlir
ملیریا	maleria
ملیشیا	malaysia
ملیشیائی	mlishyayi
ملین	million
ملینیئم	mliniym
ملینیم	mlinim
ملیں	milein
ملیہ	maliya
ملے	miley
ملےآپ	miley
مم	ka
ممات	mamat
مماثل	mumasil
مماثلت	mamaslat
ممالک	mumalik
ممالیہ	mmalih
ممانعت	momanat
ممبئ	mmby
ممبئی	mumbai
ممباسا	mambasa
ممبر	mumbar
ممبران	mimbraan
ممبرز	members
ممبرشپ	membership
ممبروں	mmbron
ممتا	mamta
ممتاز	mumtaz
ممتحن	mumtahin
ممتنع	mumtena
ممدو	mmdo
ممدوح	mamdooh
ممدوٹ	mmdot
مملت	maamlat
مملو	mmlo
مملوک	mamlook
مملوکہ	mamloka
مملک	mmlk
مملکت	mumlikat
مملکتوں	mmlkton
مملکتیں	mmlktin
ممنوع	mamnoo
ممنوعہ	mamnooa
ممنون	mamnon
ممي	mammy
ممکن	mumkin
ممکنات	mumkinaat
ممکنہ	mumkina
ممی	mammy
ممیز	mummies
من	mann
منا	mana
مناؤں	manao
منائی	manayi
منائیں	manayeen
منائے	mnaye
منابع	mnaba
منات	menat
مناتا	manaata
مناتی	maanatee
مناتے	manate
مناجات	munajat
منادی	munaadi
منار	minar
منارہ	mnarh
منارہا	mnarha
منازل	manazil
مناسب	munasib
مناسبات	mnasbat
مناسبت	munasbat
مناسک	mnask
مناصب	mnasb
مناطق	mnatq
مناظر	manazair
مناظروں	mnazron
مناظرہ	manazra
مناظرے	munazray
مناعت	manaat
مناف	mnaf
منافرت	mnafrt
منافع	munafe
منافق	munafiq
منافقانہ	munafiqana
منافقت	munafqat
منافقوں	mnafqon
منافقین	munafiqeen
منافی	manafi
مناقب	manaqib
منال	minal
منالی	manale
منامہ	manama
منانا	manana
منانے	mananay
منایا	manaya
منبر	minbar
منبع	manba
منبہ	manba
منت	minnat
منتج	mntj
منتحب	mnthb
منتخب	muntakhib
منتخبہ	muntkhiba
منتر	mantar
منتری	mantri
منتشر	muntashir
منتظر	muntazir
منتظم	muntazim
منتظمین	muntazmeen
منتقل	muntaqil
منتقلی	muntaqili
منتقی	mntqi
منتوں	mnton
منتھلی	monthly
منتہی	muntahi
منتیں	mannatain
منج	mnj
منجانب	minjaanib
منجم	munajjam
منجمد	munjamad
منجملہ	mnjmlh
منجنیق	manjneeq
منجولا	mnjola
منجھلا	manjhla
منجھے	mnjhe
منجی	manji
منحرف	munharif
منحصر	munhasir
منحل	mungal
منحنی	munhani
منحوس	manhoos
مند	mand
مندا	munda
مندانہ	mandana
منداور	mndavr
مندر	mandir
مندرا	mndra
مندرج	mndrj
مندرجات	mndrjat
مندرجہ	mandarja
مندرجۂ	mandarja
مندروں	mandaroon
مندرہ	mundra
مندو	mndo
مندوب	mandoob
مندوبین	mandoobeen
مندوں	mandoon
مندھر	mundher
مندی	mandi
منذر	manzer
منرل	minral
منرو	mnro
منروا	mnrwa
منزل	manzil
منزلت	manzilat
منزلوں	manzlon
منزلہ	manzila
منزلیں	manzilain
منزہ	munazza
منسلک	munsalik
منسوب	mansoob
منسوبی	mansoobi
منسوخ	mansookh
منسوخی	mansookhi
منسٹر	mnstr
منش	mnsh
منشا	mansha
منشن	mintion
منشور	manshoor
منشویک	manshweek
منشی	munshi
منشیات	manshiat
منصب	mansab
منصبوبہ	mnsbob_h
منصبی	mansabi
منصف	munsif
منصفانہ	munsifana
منصفین	munsifeen
منصوب	mansob
منصوبه	mansooba
منصوبوں	mansoobon
منصوبہ	mansoobah
منصوبے	mansoobay
منصور	mansoor
منصورہ	mansoora
منصوری	mnsori
منصوص	mansoos
منضبط	munzabit
منطر	mntr
منطق	mantaq
منطقہ	muntiqa
منطقۂ	muntiqa
منطقی	mantaqi
منطور	mantoor
منظر	manzar
منظرعام	manzar-e-aam
منظرنامہ	mnzrnamh
منظرنامے	mnzrname
منظم	munazzam
منظور	manzoor
منظورشدہ	mnzorshd_h
منظوری	manzoori
منظوم	manzoom
منظومات	mnzomat
منع	mana
منعظم	mnazm
منعقد	munaqqid
منعقدہ	munaqidah
منعم	munam
منعکس	munakis
منفرد	munfarid
منفعت	manfiat
منفي	manfi
منفی	manfi
منقبت	munqabat
منقتل	mnqtl
منقسم	munqasim
منقش	munaqash
منقطع	munqita
منقلب	munqalib
منقول	manqool
منقولہ	manqola
منقہ	manqa
منو	munnu
منوا	manwa
منوالیا	mnwalya
منوانا	manwana
منوانے	manwane
منواچکے	mnwachke
منوایا	mnwaya
منوبھائی	mnobhayi
منوج	mnoj
منور	munawar
منورحسن	mnorhsn
منورہ	munawwara
منوڑہ	manora
منوں	mino
منوہر	mnohr
منوی	mnoy
منٹ	minute
منٹس	minutes
منٹن	mntn
منٹو	mnto
منٹوں	minton
منٹگمری	mntgmri
منٹھار	mnthar
منچن	minchin
منچھر	mnchhr
منڈ	mand
منڈا	munda
منڈل	mandal
منڈو	mndo
منڈوانا	mndwana
منڈی	manndi
منڈیاں	mndyan
منڈیر	mundair
منڈیلا	mandela
منڈیوں	mandiyon
منڈے	monday
منک	mnk
منکا	manka
منکر	munkir
منکشف	munkashif
منکوحہ	mankoha
منکوں	mankon
منکی	mnki
منگ	mangg
منگا	mannga
منگریو	mngryo
منگل	mangal
منگلا	mngla
منگلہ	mangla
منگنی	mangni
منگوا	mngwa
منگوائی	mngwayi
منگوائے	mangwaye
منگواتا	mangvata
منگوانا	mungvana
منگوایا	mngwaya
منگول	mongol
منگولی	mangoli
منگولیا	mongolia
منگھو	mngho
منگھوپیر	manghopir
منگی	mangi
منگیتر	mangetar
منگیشکر	mangeshkar
منگے	munge
منھ	mnh
منہ	mun
منہا	mnha
منہاج	minhaj
منہاس	mnhas
منہدم	munhadim
منہمک	munhamik
منی	money
منیا	manya
منیار	mnyar
منیجر	mnijr
منیجروں	mnijron
منیجمنٹ	mnijmnt
منیر	munir
منیسوٹا	mnisota
منیشا	mnisha
منیلا	manila
منیم	munim
منیو	mnyo
منے	munnay
مو	mo
موآب	moab
موئی	moyee
موئید	moayyed
موئے	moay
موا	muaa
مواخات	mwakhat
مواخذہ	muwakhza
مواخذے	mwakhze
مواد	mawaad
موادوں	mwadon
موازنہ	mawazna
موازنے	mwazne
مواصلات	muwasilat
مواصلاتی	mawaslati
موافق	mawafiq
موافقت	muwafiqat
مواقع	mawaqay
مواقعوں	mawaqon
مواقعہ	mwaqah
مواقعے	mwaqae
موالات	mawalaat
موالی	mawali
موبائل	mobile
موبائیل	mobile
موبی	mobi
موت	mout
موتا	mota
موتمر	motamar
موتہ	mouta
موتی	moti
موتیوں	motiyon
موثر	mo-asar
موج	mouj
موجب	mojab
موجد	mo-jad
موجزن	mojzan
موجو	mojo
موجود	mojood
موجودات	mojoodaat
موجودگي	mojoodgi
موجودگی	mojoodgi
موجودہ	mojooda
موجودہیں	mojod_hin
موجودیت	mujodiat
موجور	mojor
موجوگی	mojogi
موجوں	moajoon
موجيں	moajain
موجہ	mojah
موجی	moji
موجیں	moajain
موحد	muhid
موخر	mokhar
موخرالذکر	mokhralzkr
مود	moud
مودا	moda
مودب	modab
مودبانہ	moudbana
مودود	modood
مودودی	mododi
مودھ	modh
مودی	moodi
موذن	muezzin
موذی	mozi
مور	more
مورا	mora
مورال	moral-
مورت	mourat
مورتی	moorti
مورتیاں	mortyan
مورتیوں	mortiyon
مورتیں	moorten
مورث	moris
مورثی	morsi
مورخ	morak
مورخوں	morkhon
مورخہ	morkha
مورخین	morkhin
مورز	morz
مورس	moras
مورل	moral
مورنگ	moring
مورو	mooroo
موروثی	moroosi
مورون	moroon
مورونی	moroni
مورٹن	mortn
مورچوں	morchon
مورچہ	morcha
مورچے	morchay
مورڈن	mordn
مورکھ	moorakh
مورگن	morgan
موری	mori
موریا	moriya
موریسن	janoobi
موریشس	mauritius
موریطانیہ	moritanih
موریل	moril
مورین	morin
مورینو	morino
موریہ	morih
موز	muz
موزارٹ	mozart
موزمبیق	mozmbiq
موزون	mozon
موزونیت	mozooniyat
موزوں	mozoon
موزی	moozi
موزے	mozay
موس	mose
موساد	mosad
موسقی	mosqi
موسم	mausam
موسموں	mousamoo
موسمی	mousmi
موسمیات	mosmiyat
موسمیاتی	mosmyati
موسوم	mosoom
موسوی	mooswi
موسيقی	klasiki
موسک	mosque
موسی	moose
موسیقار	mosiqaar
موسیقاروں	mosiqaron
موسیقی	moseeqi
موش	mosh
موشن	motion
موشگافیوں	moshgafyon
موصل	mosl
موصلات	moslat
موصوف	mosoof
موصول	masool
موضع	moza
موضوع	mauzo
موضوعات	mozuaat
موضوعاتی	mozoaati
موضوعی	mozooi
موظف	muazzif
موعود	maood
موغادیشو	moghadisho
موفق	mowafiq
موقر	muaqqar
موقع	mauqa
موقعوں	moqaon
موقعہ	moqa
موقعیت	moqiyat
موقعے	moqay
موقف	muaqqaf
موقوف	moqoof
مول	mol
مولا	maula
مولانا	molana
مولانامحمد	molanamhmd
مولد	mold
مولف	mulaf
مولن	molan
مولود	molod
مولوي	molvi
مولوی	molvi
مولویوں	molvion
مولہ	mola
مولی	mooli
مولینا	molina
مولیکیول	molecule
موم	mom
مومل	momil
مومن	momin
مومنوں	mominon
مومنٹ	moment
مومنین	momnin
مومی	momi
مون	moon
مونا	moona
موناکو	monako
مونث	monas
موند	moond
مونس	munas
مونسٹر	monstr
مونو	muno
مونٹ	mount
مونٹریال	montryal
مونٹی	monti
مونٹیسوری	montessori
مونٹے	monte
مونچھ	moonchh
مونچھیں	monchen
مونڈ	mond
مونڈھ	mondh
مونڈے	monde
مونک	monk
مونکس	monks
مونگ	moong
مونگی	monggi
مونگیر	mongir
مونگے	mongay
مونی	muni
مونیٹری	monitri
مونیکا	monika
موو	move
موور	mvor
موومنٹ	movement
مووی	movie
موٴمن	momn
موٹا	mota
موٹائی	motai
موٹر	motor
موٹرز	motors
موٹرسائیکلوں	motrsayiklon
موٹرولا	motorola
موٹروں	motoron
موٹروے	motorway
موٹریں	motrin
موٹو	moto
موٹی	mouti
موٹیو	motive
موٹے	motay
موچی	mochi
موڈ	mood
موڈریٹر	modritr
موڑ	mourr
موڑا	morra
موڑتے	morty
موڑنا	modna
موڑنے	mornay
موڑوں	morhon
موکا	mokaa
موکل	mokl
موں	mon
موہ	moh
موہانی	mohani
موہت	moht
موہن	mohan
موہنا	mohna
موہنجودڑو	mohnjodrho
موہنی	mohni
موہٹہ	moht_h
موہیو	mohiyo
موی	mawi
مویا	moya
موید	mueed
مویشی	maweshi
مویشیاں	moyshyan
مویشیوں	maweshion
موے	moy
مياں	miyan
ميداني	midani
مير	meer
ميزائل	missile
ميشال	mishal
ميل	mil
مين	mean
مينار	minaar
مينوں	mennu
ميوچل	myochl
ميٹر	meter
ميٹرک	metric
ميگما	megma
ميں	mein
مٹ	mit
مٹا	mita
مٹائے	mitaye
مٹاتی	mitati
مٹادیا	mtadya
مٹادے	mtade
مٹانا	mitana
مٹانے	mitanay
مٹایا	mitaya
مٹتی	mtti
مٹتے	mittay
مٹر	mutter
مٹنے	mitne
مٹور	mtor
مٹول	matol
مٹکا	matka
مٹکے	mtke
مٹھ	muth
مٹھا	muttha
مٹھائی	mithai
مٹھائیاں	mthayyan
مٹھاس	mithaas
مٹھن	mthn
مٹھو	mithu
مٹھڑی	mthrhi
مٹھی	muthi
مٹھیانی	mthyani
مٹھے	mithay
مٹہ	matta
مٹی	matti
مٹیا	mitya
مٹیار	mtyar
مٹیاری	matiari
مٹیالا	matyala
مٹے	mite
مچ	mach
مچا	macha
مچائی	machai
مچاتے	machate
مچادی	mchadi
مچادیا	mchadya
مچانے	machane
مچایا	machaya
مچتا	mchta
مچل	machal
مچنے	mchne
مچولی	macholi
مچھ	mach
مچھر	machar
مچھروں	macharoon
مچھلی	machhli
مچھلیاں	machhliyan
مچھلیوں	machhliyon
مچھوں	mchhon
مچھیروں	mchhiron
مچی	mchi
مڈ	mid
مڈبھیڑ	mdbhirh
مڈغاسکر	madagascar
مڈل	middle
مڈلینڈ	mdlind
مڈوے	mdoe
مڈی	muddi
مڑ	murr
مڑا	mura
مڑتا	mrhta
مڑتے	murrtay
مڑنا	murna
مڑنے	murnay
مڑھی	mrhhi
مڑی	muri
مڑے	muray
مژدہ	musda
مژدۂ	musda
مک	mk
مکئي	makayi
مکئی	makayi
مکا	mukka
مکاؤ	macaw
مکاتب	mkatb
مکاتی	mkati
مکاتیب	mkatib
مکار	makkar
مکارانہ	makkarana
مکارم	mkarm
مکاری	makkari
مکاریوں	mkaryon
مکاشفہ	makashfah
مکافات	mukafaat
مکالموں	mkalmon
مکالمہ	mukalama
مکالمے	maklmay
مکالے	mkale
مکان	makaan
مکانات	makanaat
مکانوں	makanon
مکانی	makani
مکاں	makan
مکت	makt
مکتب	maktab
مکتبہ	maktaba
مکتبۂ	maktaba
مکتسر	mktsr
مکتوب	maktoob
مکتوم	mktom
مکتی	mukti
مکر	makr
مکران	mekran
مکرانی	makrani
مکرجی	mkrji
مکرر	mukarrar
مکرم	mukaram
مکرمہ	mkrmh
مکرمی	mukarami
مکروہ	makrooh
مکس	mix
مکسچر	mixcher
مکسڈ	mksd
مکش	makash
مکعب	mak-ab
مکلف	ke
مکلی	makli
مکلین	mklin
مکم	mukkammal
مکمل	mukammal
مکو	mako
مکوڑے	makoray
مکڑا	mkrha
مکڑی	makri
مکھ	mkh
مکھرجی	mkhrji
مکھن	makhan
مکھی	makhi
مکھیاں	makhiyan
مکھیوں	makhion
مکہ	mecca
مکۂ	mecca
مکی	muki
مکیش	mukesh
مکین	makeen
مکینوں	makeeno
مکینک	mkink
مکینکل	mkinkl
مکینیکل	mkinikl
مکے	mukkay
مگ	mug
مگدر	magdar
مگر	magar
مگرمچھ	magarmach
مگسی	mgsi
مگن	magan
مگوئیاں	mgoyyan
مں	mn
مہ	meh
مہا	maha
مہابت	mahabet
مہابھارت	mhabhart
مہات	ki
مہاتما	mahatma
مہاجر	mohajir
مہاجرت	mhajrt
مہاجرمکی	mhajrmki
مہاجروں	mhajron
مہاجرين	muhajreen
مہاجرین	muhajreen
مہار	muhaar
مہاراج	maharaj
مہاراجا	maharaja
مہاراجہ	maharajah
مہاراجے	mharaje
مہاراشٹر	mharashtr
مہارانی	mharani
مہارت	mahaarat
مہاسوں	mahason
مہان	mhan
مہاویر	mein
مہتا	mhta
مہتاب	mehtaab
مہتر	mehtar
مہترزئی	mhtrzyi
مہتم	mohtamim
مہتمم	muhtamim
مہجور	mahjoor
مہد	mehd
مہدی	mehdi
مہذب	mohazab
مہر	mohar
مہرا	mohra
مہران	mehran
مہربان	meharban
مہربانی	meharbani
مہرباں	mehrbaan
مہرو	mehroo
مہرولی	mhroli
مہروں	muhroon
مہرہ	mohra
مہریاں	mehriyan
مہریں	mhrin
مہرے	muhray
مہزب	muhazib
مہلب	mehlab
مہلت	mohlat
مہلک	mohlik
مہم	muhim
مہمات	mhmat
مہماتی	mhmati
مہمان	maheman
مہمانوں	mehmanon
مہمل	mehmal
مہمند	mehmand
مہموں	mhmon
مہمیز	mehmeez
مہمیں	mhmin
مہنا	mehna
مہنتوں	mhnton
مہند	mhnd
مہندر	mhndr
مہندس	muhandas
مہندی	mehndi
مہنگا	mehanga
مہنگائی	mehengai
مہنگی	mehngi
مہنگے	mehngay
مہنے	mhne
مہينوں	mahino
مہک	mehak
مہکتی	mahakti
مہکتے	mehaktay
مہکنا	mehekna
مہیا	muhayya
مہیلا	mahela
مہین	maheen
مہینا	mhen_heena
مہینوں	mahino
مہینہ	maheena
مہینے	mahinay
مہیں	mhin
مۃ	meh
می	?me
میئر	mayor
میا	maya
میاب	myab
میابی	myabi
میامی	miami
میان	mayan
میانداد	myandad
میانمار	myanmar
میانوالی	myanwali
میانہ	miyana
میانی	meany
میاں	miyan
میت	maiyat
میتھی	maithi
میتھین	methain
میثاق	isaq
میجر	major
میجسٹریٹ	mijstrit
میجسٹی	mijsti
میخ	meekh
میخائل	mikhayl
میخانہ	mekhana
مید	mid
میدا	mida
میدان	maidan
میدانوں	mahdanon
میدانی	medani
میدی	midi
میر	meer
میرا	mera
میراتھن	mirathn
میراث	meeras
میراثی	marasi
میراج	miraj
میراخیال	mirakhyal
میران	miran
میرانشاہ	miranshah
میرانی	mirani
میراڈونا	miradona
میراں	meeran
میرزا	mirza
میرل	mirl
میرن	mirn
میرو	marrow
میرواہ	mirwah
میرٹ	merritt
میرٹھ	mirth
میرٹھی	mirthi
میرپور	mirpor
میرپورخاص	mirpurkhas
میری	meri
میریز	miriz
میریلینڈ	maryland
میرین	marion
میرینا	mirina
میرینز	mirinz
میریٹ	mirit
میریڈا	mirida
میرے	mere
میز	maiz
میزائل	missile
میزائلوں	missilon
میزائیل	mizayil
میزان	maizaan
میزبان	maizban
میزبانوں	maizbanon
میزبانی	maizbani
میزورم	mizorm
میزی	maizi
میزیں	mizin
میس	mess
میسا	misa
میساچوسٹس	mesachosist
میسج	msg
میسر	muyassar
میسرہ	misra
میسن	mason
میسنجر	messenger
میسو	miso
میسور	mysore
میسوری	misori
میسوپوٹیمیا	misopotimya
میسی	meese
میسیج	misij
میسیو	messive
میشن	mation
میعاد	meyaad
میعاری	miaari
میقات	meqaat
میقاتی	meeqati
میل	mil
میلا	mela
میلاد	milaad
میلادالنبی	miladalnbi
میلان	melaan
میلانات	milanat
میلبورن	melbourn
میلس	meals
میلسی	milsi
میلنگ	milng
میلو	meelo
میلوں	mailon
میلکم	milkm
میلہ	mela
میلی	meli
میلے	melay
میم	mem
میمتھ	mimth
میملز	mammals
میمن	memon
میمنت	mimnet
میمنی	memoni
میمورنڈم	mimorndm
میموری	mimori
میموریل	mimoril
میمون	memoon
میمونہ	maimuna
مین	mean
مینا	meena
مینار	minaar
میناروں	minaroon
مینجر	manager
مینجمنٹ	managment
مینجمینٹ	management
مینز	meanz
مینس	means
مینسفیلڈ	minsfild
مینو	meino
مینوفیکچررز	minofikchrrz
مینوفیکچرنگ	manufacturing
مینول	minol
مینوں	mennu
مینٹل	mental
مینڈس	mendas
مینڈک	maindak
مینڈھا	meendha
مینڈھوں	mindhon
مینڈھے	mindhe
مینڈیلا	mindila
مینڈیٹ	mandate
مینک	mink
مینگل	mengal
مینگورہ	mengora
مینی	meiny
مینیجر	manager
مینیجمنٹ	minijmnt
مینیجمینٹ	minijmint
مینیجنگ	managing
مینیسوٹا	angrezi
مینے	minay
میو	meo
میور	myor
میورل	myorl
میوزک	music
میوزیم	museum
میوزیکل	myozikl
میولر	myolr
میونخ	myonkh
میوند	myond
میونسپل	municiple
میونسپلٹی	myonsplti
میوہ	mewa
میٹ	meet
میٹا	meeta
میٹر	meter
میٹرز	matters
میٹرو	metro
میٹروپول	mitropol
میٹروپولیٹن	metropolitan
میٹرک	metric
میٹرکس	matrix
میٹری	mitri
میٹس	meets
میٹل	metal
میٹم	mitm
میٹنگ	meeting
میٹنگز	mitngz
میٹھا	meetha
میٹھادر	mithadr
میٹھی	meethi
میٹھے	meethay
میپ	mip
میپل	mipl
میچ	match
میچز	matches
میچنگ	matching
میچوں	matchon
میڈ	made
میڈا	mida
میڈاس	midas
میڈرڈ	midrd
میڈریڈ	midrid
میڈل	medal
میڈلز	midlz
میڈلسٹ	midlst
میڈم	maidam
میڈکل	midkl
میڈی	midi
میڈیا	media
میڈیسن	medicine
میڈیلین	midilin
میڈیم	medium
میڈیٹ	midit
میڈیکل	medical
میڑ	mirh
میڑک	mirhk
میک	make
میکائیل	mikaeel
میکال	mikaal
میکالے	mikale
میکانگ	mikang
میکانی	meekani
میکدہ	maikadah
میکر	mikr
میکس	makes
میکسکو	miksko
میکسیمس	miksims
میکسیکو	mexico
میکلوڈ	miklod
میکملن	mikmln
میکنزی	miknzi
میکنٹوش	mikntosh
میکنگ	making
میکنیکل	miknikl
میکڈونلڈ	macdonald
میکی	miki
میکینزم	mechanism
میکینکس	mikinks
میکے	maikay
میگ	mig
میگا	mega
میگاپکسل	mega-pixel
میگزین	magazine
میگزینز	magazines
میگما	megma
میگن	megan
میگنا	migna
میگوئیوں	migoyyon
میگھالیہ	mighalih
میں	mein
میںآ	minaa
میںا	mina
میںایک	minayak
میںبدل	minbdl
میںبے	minbe
میہ	mih
میہڑ	mihrh
میہی	mehi
میۂ	mih
مے	me
ن	noon
نئ	ny
نئی	nai
نئے	naye
نا	na
ناآشنا	na
ناؤ	nao
ناؤرو	naoro
نائب	naib
نائبین	naibeen
نائجر	nayjr
نائجیریا	naijeria
نائزہ	nayzh
نائف	naif
نائلہ	naila
نائمہ	naima
نائن	nine
نائٹ	night
نائٹروجن	nitrogen
نائٹریٹ	nitrate
نائڈو	naydo
نائک	naik
نائی	naai
نائیجر	nayijr
نائیجیریا	nigeria
نائیلون	nayilon
نائین	nine
نائیٹروجن	nitrogen
نائیڈو	nayido
نائیک	naik
نااتفاقی	na-itefaqi
ناانصافی	na-insafi
ناانصافیوں	naansafyon
نااہل	na
نااہلی	na-ahli
ناب	naab
نابالغ	na
نابرابری	nabrabri
نابغہ	nabegha
نابل	nabil
نابلوس	nablos
نابود	nabood
نابینا	nabina
نابیناؤں	aur
ناتا	natha
ناتمام	natamam
ناتوانی	natwani
ناتواں	naatvaan
ناتھ	nath
ناتھن	nathn
ناتھو	natho
ناتے	naatey
ناجا	naja
ناجائز	najaaiz
ناجی	naji
ناجیہ	najia
ناحق	na-haq
ناخ	naakh
ناخدا	nakhuda
ناخداؤں	nakhdaon
ناخن	naakhun
ناخوش	nakhush
ناخوشگوار	nakhushgawaar
ناخون	nakhoon
نادار	nadaar
ناداروں	nadaron
ناداری	nadari
نادان	nadaan
نادانستگی	nadanstgi
نادانی	nadani
ناداں	nadan
نادر	nadir
نادرست	mayaari
نادرن	nadrn
نادرونایاب	nadronayab
نادرہ	nadira
نادرۂ	nadira
نادری	nadri
نادم	nadim
نادہندگان	nadihindigan
نادیدہ	nadeedah
نادیہ	nadia
نار	naar
نارا	nara
نارائن	narayan
نارائنی	naraini
نارائی	narae
ناراستی	narasti
ناراض	naraaz
ناراضگی	narazgi
ناراضی	narazi
ناران	naran
ناراین	narayn
نارتھ	north
نارتھراپ	narthrap
ناردرن	nardrn
نارمل	normal
نارمن	norman
نارنجی	naranji
نارنگ	narang
نارنگی	narangi
نارو	naro
ناروا	naarwa
نارووال	narowal
نارویجین	naroyjin
ناروے	norway
نارڈک	nardk
ناری	naari
ناریل	nariyal
ناز	naz
نازاں	nazaan
نازش	nazish
نازل	nazil
نازنین	nazneen
نازنیں	naaznen
نازک	naazuk
نازی	nazi
نازیبا	clips
نازیوں	nazyon
نازیہ	nazia
ناس	naas
ناسا	nasa
ناساز	nasaaz
ناسازگار	nasazgar
ناسخ	nasikh
ناسمجھ	nasamajh
ناسور	naasoor
ناسک	nasak
ناسی	nasi
ناش	naash
ناشاد	nashad
ناشتا	nashta
ناشتے	nashtay
ناشر	nashir
ناشروں	nashron
ناشرین	nashrin
ناشپاتی	nashpati
ناشکرا	rab
ناشکری	nashukri
ناصح	ban
ناصحانہ	nasehana
ناصر	nasir
ناصرف	na
ناصرہ	nasra
ناصری	nasri
ناصریہ	nasrih
ناصف	nasif
ناطق	natiq
ناطقہ	natiqa
ناطہ	nata
ناطے	nate
ناظر	nazir
ناظرہ	nazra
ناظرین	nazreen
ناظم	naazim
ناظمہ	nazima
ناظمین	nazmin
ناعمہ	naama
ناف	naaf
نافذ	nafiz
نافذالعمل	nafzalaml
نافر	nafir
نافرمانی	nafarmani
نافرمانیاں	nafarmaniyan
نافظ	nafiz
نافع	nafea
ناقابل	na
ناقد	naqid
ناقدری	naqadri
ناقدوں	naqdon
ناقدین	naqideen
ناقص	naaqis
ناقوس	naqoos
ناقۃ	naqa
نال	naal
نالاں	nalan
نالج	knowledge
نالوں	naalon
نالہ	naala
نالی	naali
نالیوں	nalion
نالے	naalay
نام	naam
نامانوس	namanos
نامبارک	namubarak
نامرادی	naa-muraadi
نامرد	namard
نامزد	naamzad
نامزدگی	namzadgi
نامزدگیاں	namzdgyan
نامزدگیوں	namzdgyon
نامساعد	namsaad
نامعقول	namaqool
نامعلوم	namaloom
نامقبول	namqbol
ناممکن	namumkin
نامنظوری	na
نامو	namo
ناموافق	na
ناموبے	namobe
نامور	naamwar
ناموری	namwari
ناموزوں	na
ناموس	namoos
ناموں	naamon
نامکمل	namukammal
نامہ	nama
نامۂ	nama
نامی	nami
نامیاتی	namiati
نامیوں	namio
نامیہ	namia
نامے	naame
نان	nan
نانا	nana
نانک	nanak
نانگا	nangga
نانی	nani
ناو	naav
ناواقف	nawaqif
ناواقفیت	nawaqfit
ناول	novel
ناولز	navlz
ناولوں	navlon
ناولٹ	navlt
ناوک	navak
ناٹ	nat
ناٹو	nato
ناٹک	natak
ناپ	naap
ناپا	naapa
ناپائیدار	napaidaar
ناپاک	napak
ناپتے	naaptay
ناپختہ	naa-pukhta
ناپسند	napasand
ناپسندیدہ	napasandeedah
ناپنے	napnay
ناپی	naapi
ناپید	napaid
ناپے	naapay
ناچ	naach
ناچاقی	nachaki
ناچنا	naachna
ناچنے	nachnay
ناچوں	nachun
ناچیز	nacheez
ناچے	nache
ناڈو	nado
ناک	naak
ناکارہ	nakara
ناکافی	hawalay
ناکام	nakaam
ناکامی	nakami
ناکامیاب	nakamyab
ناکامیوں	nakamiyoo
ناکوں	nakon
ناکہ	naka
ناکے	nake
ناگ	naag
ناگا	naggha
ناگاساکی	nagasaki
ناگالینڈ	nagalind
ناگریز	nagaraiz
ناگزیر	na
ناگزیریت	nagzirit
ناگفتہ	nagufta
ناگوار	nagawaar
ناگویا	nagoya
ناگپور	nagpor
ناگہانی	nagehani
ناگی	nage
ناں	naan
ناہمواریوں	nahmwaryon
ناہی	nahi
ناہید	naheed
نایا	naaya
نایاب	nayaab
نایابی	nayabi
نبات	nabat
نباتات	nabataat
نباتاتی	nabatati
نباتیات	nabatiaat
نباہ	nibaah
نبر	nbr
نبراسکا	nbraska
نبرد	nbrd
نبردآزما	nbrdaazma
نبض	nabz
نبل	nbl
نبوت	nabuwat
نبوی	nabwi
نبٹایا	nbtaya
نبھا	nibha
نبھائی	nibhai
نبھائیں	nibhaaye
نبھائے	nibhaye
نبھاتی	nibhati
نبھاتے	nibhate
نبھارہے	nbharhe
نبھانا	nibhana
نبھانے	nibhanay
نبھایا	nibhaya
نبی	nabi
نبیل	nabeel
نبیلا	nbila
نبیوں	nabiyo
نبیہ	nabia
نت	nnat
نتائج	nataij
نتجے	natijay
نتخاب	ntkhab
نتھار	nithar
نتھنوں	nathnon
نتھنے	nathnay
نتھو	natho
نتھی	nathi
نتیجتا	ntijta
نتیجہ	nateeja
نتیجے	nateejay
نثار	nisar
نثاروں	nsaron
نثر	nasr
نثری	nasri
نج	nj
نجات	nijaat
نجار	njar
نجاری	najari
نجاست	najasat
نجاشی	najashi
نجام	najjan
نجانے	najane
نجد	najd
نجدت	najdet
نجدی	njdi
نجران	najran
نجس	najas
نجف	najaf
نجفی	njfi
نجم	najam
نجمہ	najma
نجمی	najmi
نجمیہ	najmia
نجوم	najoom
نجومی	nujoomi
نجومیوں	njomyon
نجکار	njkar
نجکاری	njkari
نجی	niji
نجیب	najeeb
نحس	nhs
نحو	naho
نحوی	nahwi
نحیف	naheef
نخت	nakhat
نخرے	nahkre
نخشب	nakhshab
نخل	nakhl
نخلستان	nakhlistan
نخلستانوں	nkhlstanon
نخوت	nakhwat
ند	nad
ندا	nida
ندار	ndar
ندارد	ndard
نداز	ndaaz
ندامت	nedamat
ندر	nadar
ندرت	nudrat
ندوی	ndoy
ندی	nadi
ندیا	nadiya
ندیاں	nadyaan
ندیم	nadim
ندیوں	nadiyon
نذدیک	nzdik
نذر	nazar
نذرانہ	nazrana
نذرانے	nazrane
نذریں	nazren
نذیر	nazeer
نذیراحمد	nzirahmd
نر	nar
نرا	nira
نرائن	nrayn
نراج	naraj
نراجیت	nrajit
نرالا	nirala
نرالی	nirali
نرالے	nirale
نرجس	nargis
نرخ	ya
نرخوں	narkhon
نرس	nurse
نرسری	nerceri
نرسریاں	nrsryan
نرسمہا	nrsmha
نرسنگ	nrsng
نرسنگھ	nrsngh
نرسوں	narson
نرسہما	nrshma
نرسیں	nrsin
نرغہ	nargha
نرم	naram
نرمان	nirmaan
نرملا	nirmila
نرمی	narmi
نروان	nirwan
نروانا	nrwana
نرودا	nroda
نرک	nark
نرگس	nargis
نری	nari
نریندر	nrindr
نرینہ	narina
نز	nz
نزاد	nazaad
نزار	nizar
نزاع	nazaa
نزاعی	nzaay
نزال	nazal
نزاکت	nazakat
نزاکتوں	nzakton
نزاکتیں	nzaktin
نزد	nzd
نزدیک	nazdeek
نزدیکی	nazdeeqi
نزر	nazar
نزع	nazaa
نزلہ	nazla
نزول	nuzool
نزولی	nazooli
نزہت	nuzhat
نزیر	nazeer
نس	nas
نسائی	nsayi
نسائیت	nasaiyat
نساج	nisaj
نسان	nsan
نسانی	nsani
نسب	nasb
نسبت	nisbat
نسبتا	nsbta
نسبتوں	nsbton
نسبتی	nisbati
نسترن	nastran
نستعلیق	nastalik
نسخ	nskh
نسخوں	nskhon
نسخہ	nuskha
نسخے	nuskhay
نسرین	nasrin
نسق	nasq
نسل	nasal
نسلا	nasla
نسلوں	naslon
نسلی	nasli
نسلیں	naslen
نسوار	naswaar
نسوان	nswan
نسوانی	niswani
نسوانیت	niswaniat
نسواں	naswa
نسوں	nason
نسیج	naseej
نسیم	naseem
نشئی	nshyi
نشاستے	nshaste
نشاط	nishat
نشاطیہ	nishatia
نشان	nishaan
نشانات	nishanaat
نشاندھی	nshandhi
نشاندہی	nishandahi
نشانوں	nishaanon
نشانياں	nishanain
نشانہ	nishana
نشانی	nishani
نشانیاں	nishanain
نشانیوں	nshanyon
نشانے	nishanay
نشاں	nshan
نشت	nsht
نشتر	nishtar
نشتوں	nshton
نشتیں	nshtin
نشر	nashar
نشرح	nshrh
نشرو	nshro
نشرواشاعت	nshrwashaat
نشری	nshri
نشریات	nashriyat
نشریاتی	nashriyati
نشریہ	nashriyah
نشست	nashist
نشستند	nshstnd
نشستوں	nashiston
نشستیں	nashistain
نششت	nshsht
نششتوں	nshshton
نشو	nasho
نشور	shoor
نشونما	nash-o-numa
نشوونما	nashonuma
نشہ	nasha
نشیب	nasheeb
نشیبی	nashebi
نشیمن	nashiman
نشین	nasheen
نشینوں	nasheenon
نشینی	nasheeni
نشیں	nashen
نشے	nashay
نصاب	nisaab
نصابی	nasabi
نصاری	nasari
نصب	nasb
نصر	nasar
نصراللہ	nsrallh
نصرانی	nasrani
نصرانیوں	nasranion
نصرت	nusrat
نصف	nisf
نصیب	naseeb
نصیبوں	naseeboon
نصیبی	naseebi
نصیحت	nasiyaat
نصیحتوں	nsihton
نصیحتیں	nsihtin
نصیر	naseer
نصیرآباد	nsiraabad
نصیرالدین	naseeruddin
نصیری	nasiry
نضر	nazar
نضیر	nuzair
نطام	ntam
نطر	ntr
نطفہ	nutfa
نطفے	nutfay
نطق	nutq
نطقہ	ntqh
نطیر	ntir
نظار	minzar
نظاروں	nazaron
نظارہ	nzarah
نظارۃ	nzarah
نظارے	nazare
نظام	nizaam
نظامانی	nzamani
نظامت	nizamat
نظاموں	nizamon
نظامی	nizami
نظر	nazar
نظرآئی	nzraayi
نظرآئے	nzraaye
نظرآتا	nzraata
نظرآتی	nzraati
نظرآتے	nzraate
نظرئیے	nzryie
نظرا	nazraa
نظرانداز	nazar
نظربند	nazar-band
نظربندی	nzrbndi
نظرثانی	nazarsani
نظروں	nazron
نظريہ	nazriya
نظری	nazri
نظریئے	nzriye
نظریا	nzrya
نظریات	nazriaat
نظریاتی	nazriati
نظریوں	nzryon
نظریں	nazrain
نظریہ	nazriya
نظریۂ	nazriya
نظریے	nazriye
نظم	nazam
نظموں	naazon
نظمی	nazmi
نظمیں	nazmein
نظمیہ	nzmih
نظیر	nazeer
نعت	nat
نعتوں	naton
نعتیں	natin
نعتیہ	natih
نعر	naer
نعروں	naaron
نعرہ	naara
نعرے	naaray
نعش	na-ash
نعل	na-al
نعلی	nali
نعم	nam
نعمان	noman
نعمانی	nomani
نعمانیہ	namanih
نعمت	nemat
نعمتوں	nematon
نعمتیں	naematain
نعیم	naeem
نعیمہ	naeema
نعیمی	naimi
نعیمیہ	naeemia
نغمات	nagmaat
نغماتی	nagmati
نغموں	naghmon
نغمگی	naghmagi
نغمہ	naghma
نغمۂ	naghma
نغمے	naghmay
نف	nef
نفاذ	nifaz
نفاز	nfaz
نفاس	nfas
نفاست	nafasat
نفاق	nifaq
نفخ	nafkh
نفرت	nafrat
نفرتیں	nafraten
نفری	nafri
نفس	nafs
نفسا	nfsa
نفسانی	nafsaani
نفسی	nafsi
نفسیات	nafsiat
نفسیاتی	nafsiati
نفع	naffa
نفقہ	nafqa
نفل	nafil
نفلی	nfli
نفوذ	nufooz
نفوس	nafoos
نفی	nifi
نفیس	nafees
نفیسہ	nafisa
نقائص	naqais
نقاب	naqaab
نقاد	naqaad
نقادوں	naqadon
نقارہ	naqarah
نقارے	naqaray
نقاش	naqqash
نقاشی	naqashi
نقاط	naqat
نقال	naqaal
نقالوں	nqalon
نقالی	naqali
نقب	naqb
نقد	naqad
نقدی	naqdi
نقرئی	nuqrai
نقرس	naqris
نقرہ	naqra
نقسان	nqsan
نقش	naqsh
نقشبندی	nqshbndi
نقشوں	naqshoon
نقشہ	naqsha
نقشے	naqshay
نقص	nuqs
نقصان	nuqsaan
نقصانات	nuqsanaat
نقطوں	nuqton
نقطہ	nuqta
نقطۂ	nuqta
نقطے	nuqtay
نقل	naqal
نقلی	naqli
نقلیں	naqlen
نقوش	nuqoosh
نقول	naqool
نقوی	naqvi
نقی	nqi
نقیب	naqeeb
نقیبوں	naqiboo
نك	nk
نل	null
نلوں	nalon
نلکوں	nlkon
نلکہ	nlk_h
نلکی	nalki
نلکے	nlke
نلی	nali
نم	num
نما	numa
نمائش	numaish
نمائشوں	nmayshon
نمائشی	numaishi
نمائشیں	nmayshin
نمائندوں	numaindon
نمائندگان	numaindgaan
نمائندگی	numaindagi
نمائندہ	numainda
نمائندے	numainday
نمائی	namai
نمائیندہ	nmayind_h
نماز	namaz
نمازوں	namazon
نمازہ	nmazh
نمازی	namazi
نمازیوں	nmazyon
نمازیں	namazain
نمایاں	numaya
نمایندہ	nmaynd_h
نمب	numb
نمبر	number
نمبردار	nambardar
نمبرز	numbers
نمبروں	nmbron
نمر	namar
نمرود	namrud
نمرہ	nimra
نمناک	nmnak
نمو	numoo
نمود	namood
نمودار	namodaar
نمونا	namoona
نمونوں	nmonon
نمونہ	namona
نمونیا	pneumonia
نمونیے	nmonie
نمونے	namoonay
نمٹ	nimat
نمٹا	nimta
نمٹائے	nmtaye
نمٹانے	nimtany
نمٹنے	nimatnay
نمٹے	nmte
نمک	namak
نمکدان	namakdaan
نمکول	namaqool
نمکی	nmki
نمکیات	namkiyat
نمکین	namkeen
نمی	nami
نمیبیا	namibia
نمیر	nmir
نن	none
ننانوے	ninanway
نناوے	nnave
نند	nand
نندی	nndi
ننکانہ	nankana
ننگ	nng
ننگا	nanga
ننگرہار	nangarhar
ننگی	nangi
ننگے	nangay
ننھا	nanha
ننھی	nanhi
ننھیال	nanhiyal
ننھیالی	nnhyali
ننھے	nanhay
ننی	nunni
ننے	nne
نهیں	hare
نو	no
نوآباد	noaabad
نوآبادی	noaabadi
نوآبادیات	noaabadyat
نوآبادیاتی	noaabadyati
نوآبادیاں	noaabadyan
نوآبادیوں	noaabadyon
نوآموز	noaamoz
نوئل	noyl
نوئے	noye
نوا	nawa
نوائی	nawai
نوائے	nwaye
نواب	nawab
نوابزادہ	nawabzada
نوابشاہ	nwabshah
نوابوں	nawabon
نوابی	nawabi
نوابین	nwabin
نواح	nawah
نواحی	nawahi
نوادرات	nawadiraat
نوار	nawar
نوارد	nward
نواز	nawaz
نوازا	nawaza
نوازاگیا	nwazagya
نوازتا	nawazta
نوازتی	nawaztee
نوازش	nawazish
نوازشات	nwazshat
نوازنا	se
نوازوں	nwazon
نوازہ	nawazah
نوازی	nawazi
نوازیں	nawaazain
نوازے	nawaze
نواس	nwas
نواسہ	nawasa
نواسۂ	nawasa
نواسی	nawasi
نواسے	nwase
نواع	nawaa
نوافل	nawafil
نوالہ	lafz
نوالے	lekin
نواں	nawan
نوای	nwaai
نوبت	nobat
نوبل	noble
نوبیا	nubia
نوبیل	nobil
نوبیہ	nobia
نوتشکیل	notshkil
نوجوان	nojawan
نوجوانان	nojwanan
نوجوانو	nojawano
نوجوانوں	nojawanon
نوجوانی	nojawani
نوجواں	nojwan
نوجون	nojon
نوح	nooh
نوحہ	noha
نوحے	nohay
نوخیز	nokhaiz
نودرات	nodrat
نور	noor
نورالامین	aala
نورالحق	noralhq
نورالدین	noraldin
نوراللہ	norallh
نورالنسا	noralnsa
نورانی	noorani
نورانیت	nooraniyat
نورتن	noorten
نورتنوں	nortnon
نورد	noord
نوردی	nordi
نورس	nauras
نورستان	nuristan
نورستانی	nooristani
نورنگ	navrang
نوروز	nauroze
نورپور	noorpur
نورک	norak
نوری	noori
نورین	noreen
نوزائيدہ	nozaida
نوزائیدہ	nozaida
نوسو	noso
نوش	nosh
نوشاد	noshad
نوشت	nawisht
نوشتگی	noshtaghi
نوشتہ	noshta
نوشتۂ	noshta
نوشتے	noshte
نوشکی	noshki
نوشہرو	naushahro
نوشہروفیروز	nausheroferoze
نوشہرہ	naushera
نوشی	noshi
نوشیروان	noshirwan
نوشیرواں	noshirwan
نوع	noo
نوعيت	noiyat
نوعی	nooi
نوعیت	noiyat
نوعیتوں	noayton
نوفل	nofal
نول	nol
نولکھا	nolkha
نوم	noom
نومبر	november
نومبرکو	nombrko
نومسلم	nomslm
نومسلموں	nomslmon
نون	noon
نونا	noona
نونہال	nonehal
نووا	nowa
نووارد	nowarid
نوویں	nvoyn
نويں	naveen
نوٹ	note
نوٹس	notice
نوٹوں	noton
نوٹیفکیشن	notification
نوٹیفیکشن	notification
نوٹیفیکیشن	notification
نوچنے	nochnay
نوچے	noche
نوک	noke
نوکر	nokar
نوکرانی	nokraani
نوکری	nokari
نوکریاں	nokryan
نوکریوں	nokryon
نوکس	knocks
نوکیا	nokia
نوکیلا	nokeela
نوکیلی	nokili
نوکیلے	nokeelay
نوکیں	nookain
نوں	nu
نوہزار	nohzar
نوی	nawi
نوید	naveed
نویس	nawees
نویسوں	noyson
نویسی	naweesi
نویلی	naveli
نوین	naween
نویں	naveen
نوے	nawway
نياز	niaz
نيلم	neelam
نيلوفر	nilofer
نيلے	neelay
نيول	navel
نيوی	group
نيچے	neechay
نٹ	nutt
نٹور	ntor
نپ	np
نپا	aisa
نپولین	napoleon
نپٹا	napata
نپٹنے	se
نچانے	nachaane
نچاں	nachan
نچلا	nichala
نچلی	nichli
نچلے	nichale
نچوڑ	nichor
نچھاور	nichhawar
نچہ	nacha
نچی	nchi
نڈ	nd
نڈر	nidar
نڈھال	nidhaal
نژاد	nazaad
نک	nuk
نکئی	nkyi
نکا	nika
نکات	nakaat
نکاتی	nakati
نکاح	nikah
نکاراگوا	nkaragwa
نکاس	nikas
نکاسی	nikasi
نکال	nikaal
نکالا	nikala
نکالتا	nikalta
نکالتی	nkalti
نکالتے	nikaltay
نکالنا	nikalna
نکالنی	nikalni
نکالنے	nikaalte
نکالو	nikalu
نکالی	nikaali
نکالیں	nikalen
نکالے	nikalay
نکتوں	nukton
نکتہ	nuqta
نکتۂ	nuqta
نکتے	nuktay
نکرہ	nukra
نکس	nix
نکسل	nuksal
نکسلائٹ	nkslayt
نکسلی	nksli
نکسن	niksan
نکسیر	nakseer
نکل	nikal
نکلا	nikla
نکلتا	nikalta
نکلتاہے	nkltahe
نکلتی	nikalti
نکلتے	nikaltay
نکلسن	nklsn
نکلنا	niklana
نکلنے	niklny
نکلو	niklo
نکلوا	nikalwa
نکلوانا	nikalwana
نکلوانے	nikalwane
نکلی	niklee
نکلیں	nikleen
نکلے	niklay
نکلےتیری	niklay
نکو	nko
نکوبار	nkobar
نکوسیا	nkosya
نکول	nkol
نکولا	nkola
نکولس	nicolas
نکولے	nkole
نکھار	nikhaar
نکھارا	nkhara
نکھارنے	nkharne
نکھر	nikhar
نکھری	nkhri
نکی	nki
نکیتن	nkitn
نکیل	nakeel
نکے	nke
نگ	nug
نگا	ngaa
نگار	nigaar
نگارخانے	nigaarkhanay
نگارش	nigaresh
نگارشات	nigarshaat
نگاروں	nigaron
نگاری	nigari
نگاہ	nigah
نگاہوں	nigahon
نگاہی	nighai
نگاہیں	nigehain
نگر	nagar
نگران	nigran
نگرانی	nigrani
نگراں	nigaran
نگری	nagri
نگریزی	angrezi
نگل	nigal
نگلنے	nighalnay
نگلی	ngli
نگم	nigam
نگو	nigo
نگوں	nagon
نگوین	ngoyn
نگھ	ngh
نگھم	nghm
نگہ	ng_h
نگہبان	nigehbaan
نگہبانی	nigehbani
نگہت	nighat
نگہداشت	nighdasht
نگہی	nighi
نگین	nagin
نگینہ	nagina
نگینے	nageenay
نگیں	ngin
نگے	nge
نھوں	nhon
نھيں	nahe
نھیں	nahe
نہ	nah
نہا	neha
نہائت	nihayat
نہائے	nahaye
نہاتے	nahate
نہاد	nihaad
نہار	nehar
نہاری	nehari
نہال	nihaal
نہانی	nihani
نہانے	nahanay
نہايت	nihayat
نہاں	nihaan
نہایت	nihayat
نہتی	nhti
نہتے	nehattay
نہج	nahaj
نہر	neher
نہرا	nhra
نہرو	nehru
نہروں	nhron
نہری	nhri
نہریں	nhrin
نہس	nehass
نہلا	nehla
نہم	nhm
نہوں	nhon
نہيں	nahi
نہں	nahi
نہی	naahi
نہیان	nhyan
نہیں	nahi
نہیںہے	nhinhe
نی	ni
نیئر	near
نیا	naya
نیابت	niabat
نیاز	niaz
نیازی	nayazi
نیام	nayam
نیاگرا	nyagra
نیاں	naiyan
نیب	neb
نیبت	naybt
نیبراسکا	nibraska
نیبو	neebu
نیت	niyat
نیتا	neeta
نیتن	nitn
نیتو	nito
نیتوں	niton
نیتی	niyati
نیدر	niether
نیدرلینڈ	netherland
نیدرلینڈز	netherlands
نیر	nyare
نیرنگ	nirng
نیرو	neroo
نیروبی	nairobi
نیرہ	nayyera
نیز	neez
نیزوں	naizon
نیزہ	nezah
نیزے	naizay
نیس	knees
نیست	naist
نیسن	nisn
نیسٹ	nest
نیش	naish
نیشا	nisha
نیشاپور	nishapoor
نیشل	nishl
نیشن	nation
نیشنز	nations
نیشنل	national
نیشنلائزیشن	nishnlayzishn
نیل	neel
نیلا	neela
نیلام	nelaam
نیلامی	nilami
نیلسن	nelson
نیلم	neelam
نیلوفر	nilofer
نیلگوں	nilgon
نیلی	niilii
نیلے	neelay
نیم	name
نین	nain
نینا	naina
نیند	neend
نینسی	ninsi
نینو	nino
نینوا	ninwa
نینٹل	nintl
نینی	nini
نیو	new
نیوارک	newark
نیواری	niwari
نیواڈا	niwada
نیوراتیلووا	nyoratilowa
نیورسٹی	nyorsti
نیوریاک	new
نیوز	news
نیوزی	newzea
نیول	nyol
نیولے	neyolay
نیومین	nyomin
نیون	nyon
نیوٹ	nute
نیوٹران	nyotran
نیوٹرون	nyotron
نیوٹن	neton
نیوڈا	nyoda
نیوکلئیر	nyoklyir
نیوکلیئر	nuclear
نیوکلیائی	nucleai
نیوی	navy
نیویا	nyoya
نیویارک	new
نیویارکر	nyoyarkr
نیویاک	nyoyak
نیویگیشن	nyoygishn
نیٹ	net
نیٹو	nato
نیپ	nip
نیپئر	nipyr
نیپال	nepal
نیپالی	nepali
نیپچون	neptune
نیچ	neech
نیچا	neecha
نیچر	nature
نیچرل	natural
نیچی	neechi
نیچے	neechay
نیک	naik
نیکر	nicker
نیکس	nixe
نیکسٹ	taap
نیکوکار	nekokaar
نیکی	neki
نیکیاں	naikian
نیکیوں	nakiyon
نیگرو	negro
نیں	nin
نیے	nie
نے	ne
نےتقریبا	ismael
نےراولپنڈی	ne
نےروزنامہ	ne
نےزید	ne
نےسعید	ne
نےصالح	ne
نےعرض	ne
نےفرمایا	ne
نےمرکز	ne
نےکوئی	ne
هاشم	haashim
و	o
وآبرو	vaabro
وآلہ	wa-alehe
وئر	vyr
وئی	woi
وئیر	wear
وئے	vye
وا	wa
واؤ	wao
وائر	vayr
وائرس	virus
وائرسز	vireses
وائرسوں	vayrson
وائرل	vayrl
وائرلیس	vayrlis
وائرنگ	vayrng
وائز	mein
وائزمین	vayzmin
وائس	wise
وائسرائے	viceroy
وائل	waile
وائلن	violin
وائلڈ	wild
وائن	wine
وائنر	whiner
وائٹ	white
وائٹل	vital
وائڈ	wide
وائی	y
وائیس	vayis
وائیٹ	white
وائے	why
وابستگی	wabastagi
وابستہ	wabsta
وابسطہ	vaabasta
واثق	wasiq
واج	wajj
واجب	wajib
واجبات	vajbat
واجبی	wajibi
واجد	vajd
واجداد	wajdad
واجپئی	vajpyi
واجپائی	bahari
واجہ	vaj_h
واحد	wahid
واحدانیت	wahdaniyat
واحدہ	wahdahu
واحدی	vahdi
واخان	vakhan
وادئ	vady
وادب	vadb
وادی	waadi
وادیاں	wadiyaan
وادیب	vadib
وادیوں	vadyon
وار	waar
وارانسی	varansi
وارانہ	waranah
وارث	waris
وارثوں	varson
وارثی	varsi
وارد	warid
واردات	waardaat
وارداتوں	wardaton
وارداتیں	vardatin
وارز	varz
وارسا	varsa
وارفتگی	varftgi
وارفیئر	warfare
وارمنگ	varmng
وارن	warn
وارنر	warner
وارننگ	warning
وارنٹ	warrant
وارنہ	vaarna
واروک	varok
وارڈ	ward
وارڈوں	vardon
وارہ	warih
واری	vari
واریت	wariyat
واسط	vast
واسطہ	vaastaa
واسطی	vasti
واسطے	wastay
واسلام	wassalaam
واسو	vaso
واسکوڈے	vaskode
واسی	wase
واسے	wasay
واشنگٹن	vashngtn
واشگاف	vashgaf
واصل	wasil
واضح	wazeh
واضخ	vazkh
واضع	wazay
واطوار	vatwar
واعظ	waiz
وافر	waafar
واقع	waqay
واقعا	waqea
واقعات	waqeat
واقعاتی	vaqaati
واقعتا	vaqata
واقعہ	waqea
واقعۂ	waqea
واقعی	waqai
واقعیت	wakiyat
واقعے	waqeye
واقف	waaqif
واقفیت	waqfiyat
وال	wall
والا	wala
والاایک	valaayk
والاہے	valahe
والجماعت	wa-aljamaat
والد	waalid
والدہ	walida
والدۂ	walida
والدین	walidain
والس	wales
والسلام	yeh
واللہ	wallah
والنہایہ	wa-al-nahaya
والو	walo
والوں	walon
والي	wali
والٹ	walit
والٹر	valter
والٹن	valtn
والڈ	wild
والڑیا	valrhya
والک	valk
والہ	valh
والہانہ	walehana
والی	wali
والیاں	waleyan
والیوں	valyon
والے	walay
وام	vam
وان	won
وانا	wana
وانصاف	vansaf
وانک	waank
وانگ	vang
وانی	vanee
وانے	vane
واویلا	waweela
واٹ	what
واٹر	water
واپس	wapas
واپسی	wapsi
واپڈا	vapda
واچ	watch
واڈیا	vadya
واڑا	warra
واڑہ	varh_h
واڑی	wari
واک	walk
واکر	vakr
واکس	walks
واگو	vago
واں	wahn
واہ	wah
واہلہ	wahla
واہموں	waahmon
واہمہ	wahima
واہمے	wahemy
واہن	vahn
واہٹ	waht
واہگہ	vahg_h
واہی	waahi
وبا	waba
وباؤں	vbaon
وبائی	wabai
وبال	wabaal
وبرداشت	vbrdasht
وبیرون	vbiron
وبیش	vbish
وبیم	vbim
وبے	wabay
وت	wat
وتدبر	vtdbr
وتر	vitar
وترقی	vtrqi
وتکفین	vtkfin
وتھ	vth
وتی	vti
وتے	watay
وثقافت	vsqaft
وثقافتی	vsqafti
وثوق	wusooq
وج	wij
وجئے	vjye
وجان	wajan
وجاہت	wajahat
وجد	wajad
وجدان	wajdan
وجدانی	wajdani
وجدانیت	wajdaniat
وجدی	vjdi
وجزر	vjzr
وجو	wuju
وجوار	wa-jawar
وجوب	wujoob
وجود	wujood
وجودیت	wajodiat
وجوھات	vjohat
وجوہ	wajoh
وجوہات	wajohaat
وجہ	wajah
وجہد	vj_hd
وجہہ	wijh
وجۂ	wajah
وجی	vji
وجیا	vjya
وجیہ	wajiha
وجیہہ	wajiha
وجے	vijay
وحدانیت	wahdaniyat
وحدت	wahdat
وحدتوں	vhdton
وحدہ	wahdah
وحدۃ	wahdah
وحدیث	vhdis
وحشت	wehshat
وحشی	wehshi
وحشیانہ	wehshiana
وحمل	vhml
وحی	wahi
وحید	vhid
وحیدالدین	vhidaldin
وخواتین	vkhwatin
ود	with
وداع	vidaa
وداعی	widai
ودھائی	vdhayi
ودھی	vadhi
ودۂ	vd_h
ودیا	widya
ودیعت	vdiat
ودیعہ	wadia
ور	war
ورا	vra
ورائٹی	waraiti
ورائے	vraye
وراثت	waarsat
وراثتا	warasatan
وراثتی	vrasti
ورانہ	warana
ورب	verb
ورتھ	worth
ورثا	vrsa
ورثوں	vrson
ورثہ	virsa
ورثے	virsay
ورج	virg
ورجل	virgil
ورجن	virgin
ورجینا	vrjina
ورجینیا	virginia
ورد	vird
وردان	wardan
وردھنے	poora
وردہ	werda
وردی	wardi
وردیاں	vrdyan
وردیغہ	aasam
ورزش	werzish
ورزی	warzi
ورزیاں	varziyan
ورزیوں	vrzyon
ورسائل	vrsayl
ورسائے	vrsaye
ورسٹی	vrsti
ورشن	vrshn
ورشپ	worship
ورطہ	warta
ورغلا	vrghla
ورفت	waraft
ورق	waraq
ورقہ	warqa
ورقی	warqi
ورلڈ	world
ورم	waram
ورما	verma
ورمونٹ	vrmont
ورنر	vrnr
ورنہ	warna
ورود	warood
ورودھ	virodh
وروں	vron
ورچوئل	vrchoyl
ورڈ	word
ورژن	version
ورک	work
ورکر	worker
ورکرز	workers
ورکس	works
ورکشاپ	workshop
ورکشاپس	vrkshaps
ورکشاپیں	tarbiati
ورکنگ	working
ورکوں	vrkon
وری	wari
ورید	vareed
ورے	viry
وز	vz
وزات	vzat
وزار	vzar
وزارت	wizarat
وزارتوں	wazaraton
وزارتی	wazarti
وزارتیں	wazarten
وزاری	vzari
وزرا	wuzra
وزراء	wazraa
وزرائے	wazraye
وزرات	vzrat
وزن	wazan
وزنی	wazni
وزٹ	visit
وزٹنگ	visiting
وزڈن	vzdn
وزی	vzi
وزیر	wazeer
وزیرآباد	vziraabad
وزیراعطم	wazeer-e-aazam
وزیراعظم	wazeer
وزیراعظموں	vziraazmon
وزیراعلی	kisi
وزیرداخلہ	vzirdakhlh
وزیرستان	waziristan
وزیرستانی	vzirstani
وزیرعلی	vzirali
وزیروں	vziron
وزیری	vziri
وزیٹر	vzitr
وزیٹنگ	visiting
وس	wis
وسائل	wasail
وسائی	vsayi
وساطت	wasatat
وسال	vsal
وسامان	vsaman
وستو	vastu
وسزا	vsza
وسط	wast
وسطی	wasti
وسعت	wusat
وسعتوں	vus-aton
وسل	whistle
وسلامتی	vslamti
وسلم	wasallam
وسنت	vasant
وسوسوں	waswason
وسوسہ	waswasa
وسوسے	was
وسيع	wasee
وسٹ	wist
وسٹا	vista
وسکونسن	vskonsn
وسیب	ke
وسیح	waseh
وسیع	wasee
وسیلہ	waseela
وسیلۂ	waseela
وسیلے	waselay
وسیم	vsim
وش	wish
وشال	vishal
وشام	vsham
وشاکھا	vshakha
وشتم	washtam
وشفاف	vshfaf
وشمار	vshmar
وشنو	vshno
وشنید	vshnid
وشو	vsho
وشوا	vshwa
وشوق	vshoq
وصال	visale
وصف	wasf
وصفائی	vsfayi
وصفی	wasfi
وصل	wasal
وصوبائی	vsobayi
وصورت	vsort
وصول	wusool
وصولی	vasuli
وصی	wasii
وصیت	wasiyat
وصیلہ	vaseela
وضاحت	wazahat
وضاحتی	vzahti
وضاحتیں	wazahaten
وضبط	vzbt
وضح	waza
وضع	waza
وضعی	wazi
وضو	wudu
وضوابط	vzwabt
وطالبات	vtalbat
وطن	watan
وطنوں	vtnon
وطنی	watni
وطنیت	watniyat
وطیرہ	wataira
وظائف	vzayf
وظیفہ	wazifa
وظیفے	wazifay
وعدوں	wadon
وعدہ	wada
وعدے	waday
وعشرت	vashrt
وعظ	waaz
وعظمت	vazmt
وعلیکم	ke
وعیال	vayal
وعید	vayd
وغارت	vghart
وغریب	vghrib
وغصہ	vghsh
وغضب	vghzb
وغيرہ	waghera
وغیر	wagher
وغیرہ	waghera
وفا	wafa
وفائی	wafai
وفات	wafaat
وفادار	wafadar
وفاداروں	vfadaron
وفاداری	wafadaari
وفاداریاں	wafadaariyan
وفاق	wifaq
وفاقی	wifaqi
وفد	wafad
وفر	vfr
وفعل	vfal
وفقہ	vfqh
وفنون	vfnon
وفود	wafood
وفور	wafoor
وفکر	vfkr
وفکری	vfkri
وق	waq
وقائع	vqaya
وقار	waqar
وقاص	waqas
وقت	waqt
وقتا	waqtan
وقتوں	waqton
وقتی	waqti
وقتیکہ	vqtik_h
وقر	waqer
وقع	vqa
وقعت	waqat
وقعہ	vqah
وقف	waqf
وقفوں	waqfon
وقفہ	waqfa
وقفے	waqfay
وقوع	wuqoo
وقوعہ	waqooa
وقوف	waqoof
وقوفی	waqoofi
وقیع	aik
ول	will
ولا	wla
ولاد	vlad
ولادت	wiladat
ولادمير	vladmir
ولادیمیر	vladimir
ولاز	vlaz
ولاس	vlas
ولاچیا	vlachya
ولایت	wilayat
ولد	wald
ولز	vlz
ولس	wills
ولسن	vlsn
ولعل	vlal
ولن	vln
ولندیزی	walandezi
ولندیزیوں	vlndizyon
ولولہ	walwalah
ولولۂ	walwalah
ولولے	walwalay
ولکنز	vlknz
ولی	walii
ولیج	vlij
ولید	waleed
ولیعہد	vliahd
ولیم	william
ولیمز	villiams
ولیوں	walyoon
ولیڈ	vlid
ولیکا	vlika
ولیہ	walia
ولے	vle
وم	wim
ومالی	vmali
ومبلڈن	wambildon
ومحبت	vmhbt
ومذہبی	vmzhbi
ومقاصد	vmqasd
وملت	vmlt
ومنزلت	vmnzlt
ومکان	vmkan
ون	one
ونا	vna
ونائیک	vnayik
ونادر	vnadr
ونجھلی	vnjhli
وند	vand
ونسق	wansaq
ونسلٹ	vnslt
ونسٹن	vnstn
ونش	vnsh
ونشریات	vnshryat
ونشی	vnshi
ونما	vnma
ونو	vno
ونواح	vnwah
ونود	winod
ونٹر	winter
ونچسٹر	wanchister
ونچی	vnchi
ونڈ	wind
ونڈسر	vndsr
ونڈو	window
ونڈوز	vndoz
ونڈی	windy
ونکی	winky
ونگ	wing
ونگز	wings
ونی	wani
وه	woh
وو	vo
وولف	volf
وولفووٹز	volfvotz
وولمر	volmr
وولوز	voloz
وولٹ	wolet
وولٹیج	voltage
وولپرٹ	volprt
وومن	vomn
وومین	vomin
وومینز	womens
وون	von
وونگ	vong
ووٹ	vote
ووٹر	votr
ووٹرز	votrz
ووٹروں	votoron
ووٹنگ	votng
ووٹوں	voton
ووڈ	wood
ووڈز	vodz
ووڈلینڈ	woodland
ووکر	vokr
ووکٹیں	voktin
ووکیشنل	vocitionl
ووگ	vogue
ووہرہ	vohrh
وویک	voyk
ويتنامی	vitnami
ويد	vid
ويک	wake
ويں	win
وٹ	wht
وٹا	vta
وٹامن	vitamin
وٹس	wts
وٹن	vuitton
وٹو	wattu
وپ	vp
وپازیلا	mehdi
وپر	vpr
وچ	vich
وچوبند	vchobnd
وڈ	would
وڈال	vdal
وڈیرے	vdire
وڈیو	video
وڈیوز	vdyoz
وڈے	wadday
وڑ	vrh
وڑائچ	waraich
وژن	vision
وک	wick
وکار	vkar
وکالت	waqalat
وکامرانی	vkamrani
وکتابت	vktabt
وکراما	vkrama
وکرم	vkrm
وکشمیر	vkshmir
وکلا	wukla
وکلاء	wukla
وکنار	vknar
وکٹ	wicket
وکٹری	victory
وکٹوریا	vktorya
وکٹوریہ	wiktoria
وکٹوں	wicketon
وکٹیں	wickten
وکی	wiki
وکیل	wakeel
وکیلاں	vkilan
وکیلوں	vkilon
وکیپیڈيا	wikipedia
وکیپیڈیا	wikipedia
وگ	vig
وگر	wagar
وگرنہ	wagerna
وگن	vgn
وں	vn
وھاں	vhan
وھی	vhi
وھیل	whale
وہ	woh
وہائٹ	white
وہائٹس	vhayts
وہاب	wahab
وہابی	wahabi
وہاج	vhaj
وہاڑی	vharhi
وہاں	wahan
وہبی	wahbi
وہم	vahm
وہمی	vehmy
وہند	vhnd
وہي	wohi
وہگ	whig
وہی	wohi
وہیل	wheel
وہیلر	vhilr
وہیں	wahein
وی	v
ویئر	where
ویا	via
ویاس	vyas
ویانا	vyana
ویب	web
ویبسٹر	vibstr
ویت	vit
ویتا	weeta
ویتنام	vitnam
ویتنامی	vitnami
ویثرن	visron
ویجا	weja
وید	vid
ویدا	weeda
ویدوں	vidon
ویدک	widek
ویدہ	vid_h
ویدی	vidi
ویر	veer
ویرا	wira
ویرات	virat
ویرار	virar
ویران	weraan
ویرانوں	viranoon
ویرانی	weerani
ویرانے	veraney
ویراپن	virappan
ویرو	veeru
ویری	very
ویز	ways
ویزا	visa
ویزہ	visa
ویزے	ke
ویسا	waisa
ویسٹ	west
ویسٹرن	western
ویسٹمنسٹر	vistmnstr
ویسی	waisi
ویسے	waisay
ویش	weesh
ویشالی	vishali
ویل	veil
ویلا	wella
ویلاس	vilas
ویلتھ	vilth
ویلر	kaha
ویلز	wheels
ویلس	vils
ویلش	vilsh
ویلفئیر	vilfyir
ویلفیئر	mein
ویلفیر	vilfir
ویلم	vilm
ویلن	viln
ویلنٹائن	valentine
ویلنگ	vilng
ویلنگٹن	vilngtn
ویلو	vilo
ویلور	vilor
ویلڈ	valid
ویلکم	welcome
ویلی	vali
ویلیج	vilij
ویلیس	vilis
ویلیم	vilim
ویلیمز	vilimz
ویلیو	value
ویلے	vile
ویمبلڈن	vimbldn
ویمن	women
ویمنز	womens
وین	van
وینا	vina
وینزویلا	venzella
وینس	venus
وینسینٹ	vinsint
وینٹ	went
وینٹی	venti
وینکوور	vancouver
وینیزویلا	vinizoyla
ویو	view
ویواہ	vivah
ویور	waver
ویوز	waves
ویوین	vyoyn
ویٹ	weight
ویٹا	vita
ویٹرنری	vitrnri
ویٹو	vito
ویٹی	viti
ویٹیکن	vitikn
ویڈ	vid
ویڈیو	video
ویڈیوز	videos
ویژن	vision
ویژہ	wisa
ویک	wake
ویکسین	vaccine
ویکلی	weakly
ویکیا	vikya
ویکینڈ	vikind
ویگا	viga
ویگاس	wegas
ویگن	vagon
ویگنر	vignr
ویں	win
ویہ	vih
وے	way
يا	ya
يار	yaar
يافث	yafas
ياک	bakri
يز	yaz
يعني	yani
يعنی	navy
يقينی	yakeeni
يلا	yla
يلسن	ylsn
يم	yum
يمن	yemen
ين	yan
يه	yeh
يو	you
يورپ	europe
يورپی	europi
يوسفی	yosfi
يوم	yom
يونائيٹڈ	yonayitd
يونانی	yonani
يونيورسٹی	university
يونٹ	unit
يونٹوں	yonton
يوگوسلاویہ	yogoslavih
يوں	yun
يک	yak
يکتا	yaktaa
يگا	yga
يہ	yeh
يہاں	yahan
يہود	yahood
يہودی	yahodi
يہیں	yahin
١	1
١٩٧٧	1977
١٩٨٤	1984
١٩٨٦	1986
١٩٩٠	1990
٣٠٠	300
٣٢	32
ٹ	t
ٹا	ta
ٹاؤن	town
ٹاؤنز	taonz
ٹائر	tyre
ٹائرز	tayrz
ٹائرون	tayron
ٹائل	tile
ٹائلوں	taylon
ٹائم	time
ٹائمز	times
ٹائن	tayn
ٹائون	tayon
ٹائٹس	tayts
ٹائٹل	title
ٹائٹن	taytn
ٹائپ	type
ٹائپس	types
ٹائپنگ	typing
ٹائپوگرافی	typography
ٹائی	tie
ٹائیفائڈ	typhoid
ٹائیم	tayim
ٹائیٹل	tittle
ٹائیٹن	titan
ٹائیکو	taikoo
ٹائیگر	tiger
ٹائیگرز	tayigrz
ٹائیں	tayin
ٹار	tar
ٹارزن	tarzan
ٹارچ	torch
ٹارگٹ	target
ٹاس	toss
ٹاسک	task
ٹال	taall
ٹالبوٹ	talbot
ٹالسٹائی	talstayi
ٹالنے	taalnay
ٹالپر	talpr
ٹالے	talaay
ٹام	tam
ٹامک	tamak
ٹامی	tami
ٹانک	taank
ٹانکے	tankay
ٹانگ	taang
ٹانگوں	tangon
ٹانگیں	tangen
ٹاور	tower
ٹاورز	towers
ٹاوروں	tavron
ٹاون	tavn
ٹاٹ	taat
ٹاٹا	tata
ٹاپ	taap
ٹاپو	taapu
ٹاک	talk
ٹاکی	taaki
ٹبی	tbi
ٹخنہ	takhna
ٹخنے	takhnay
ٹر	tarrrrr
ٹراؤزر	traozr
ٹراؤٹ	trauot
ٹرائبل	traybl
ٹرائل	trial
ٹرائی	try
ٹرائے	traye
ٹرافک	trafik
ٹرافی	trophy
ٹرالرز	tralrz
ٹرالروں	tralron
ٹرالی	trali
ٹرالیاں	tralyan
ٹرام	tram
ٹرانزسٹر	tranzstr
ٹرانزٹ	transit
ٹرانزیکشن	tranzikshn
ٹرانس	trans
ٹرانسفر	transfer
ٹرانسلیشن	translishn
ٹرانسمیٹر	transmitter
ٹرانسپورٹ	tansport
ٹرانسپیرنسی	transpirnsi
ٹرانسکرپٹ	transkrpt
ٹراپيکل	trapikl
ٹربیونل	tribunal
ٹرسٹ	trust
ٹرسٹی	trsti
ٹرلین	trillion
ٹرمز	terms
ٹرمینل	terminal
ٹرن	turn
ٹرنر	turner
ٹرنٹ	trnt
ٹرنک	trnk
ٹروجن	trojn
ٹرومین	tromin
ٹروپیکل	tropical
ٹرپل	triple
ٹرک	truck
ٹرکش	trksh
ٹرکوں	trkon
ٹرکی	trki
ٹری	tree
ٹریبونل	tribunal
ٹریجڈی	trijdi
ٹریس	trees
ٹریسا	terissa
ٹریسی	trisi
ٹریفرڈ	treford
ٹریفک	traffic
ٹریلر	trailor
ٹریلین	trilion
ٹریمبل	tremble
ٹرین	train
ٹرینر	trinr
ٹریننگ	trinng
ٹرینوں	trinon
ٹرینٹ	trint
ٹرینٹی	trinti
ٹرینگ	tring
ٹرینی	trini
ٹرینیڈاڈ	trinidad
ٹرینیں	trinin
ٹریوس	truce
ٹریول	travel
ٹریٹ	treat
ٹریٹمنٹ	treatment
ٹریٹی	triti
ٹریڈ	trade
ٹریڈنگ	trading
ٹریژر	trisr
ٹریژری	trisri
ٹریک	track
ٹریکس	triks
ٹریکٹر	tracktor
ٹریکٹرز	triktrz
ٹرے	tre
ٹس	ts
ٹشو	tissue
ٹفن	tfn
ٹل	tal
ٹلنے	talnay
ٹلی	talli
ٹم	tim
ٹماٹر	timatar
ٹمبر	tmbr
ٹمن	tamman
ٹموتھی	tmothi
ٹمپریچر	tmprichr
ٹمپل	tmpl
ٹن	tan
ٹندو	tndo
ٹنل	tnl
ٹنوں	tanoon
ٹنڈرا	tandra
ٹنڈو	tndo
ٹنڈوالہ	tndwalh
ٹنڈولکر	tndolkr
ٹنکی	tanki
ٹنکیوں	tnkyon
ٹنگمرگ	tngmrg
ٹو	two
ٹوئن	toin
ٹوئنٹی	twenty
ٹوئٹر	twitter
ٹوئیاں	toiyan
ٹوانہ	twanh
ٹوباگو	tobago
ٹوبہ	toba
ٹوتھ	toth
ٹور	tour
ٹورازم	torazm
ٹورانٹو	toronto
ٹورزم	torzm
ٹورس	towars
ٹورنامنٹ	tournament
ٹورنامنٹس	tornamnts
ٹورنامنٹوں	tornamnton
ٹورنيڈو	tornido
ٹورنٹو	toronto
ٹورنیڈو	tornido
ٹورونٹو	toronto
ٹوری	tori
ٹوریج	torij
ٹوریوں	toryon
ٹول	tool
ٹولز	tolz
ٹولہ	tolh
ٹولی	touli
ٹولے	tolay
ٹوم	tom
ٹومارو	tomorrow
ٹوماہاک	tomahak
ٹومب	tomb
ٹومبی	tombi
ٹومی	tomi
ٹون	tone
ٹونائٹ	tonite
ٹونامنٹ	tonamnt
ٹونٹی	twenty
ٹونک	tonic
ٹونکل	tonkl
ٹونگا	tonga
ٹونی	toni
ٹونے	tone
ٹوٹ	toot
ٹوٹا	toota
ٹوٹتا	toot-ta
ٹوٹتی	tuutatii
ٹوٹتے	toot-te
ٹوٹل	total
ٹوٹنا	tootna
ٹوٹنگ	totng
ٹوٹنے	totnay
ٹوٹو	toto
ٹوٹی	tooti
ٹوٹیں	tooten
ٹوٹے	tootay
ٹوپی	topi
ٹوپیاں	topian
ٹوپیوں	topyon
ٹوچی	tochi
ٹوڈ	tod
ٹوڈے	today
ٹوک	toak
ٹوکا	toka
ٹوکتا	tokta
ٹوکری	tokri
ٹوکریاں	tokrian
ٹوکریوں	tokryon
ٹوکن	token
ٹوکیو	tokyo
ٹوکے	toke
ٹوگو	togo
ٹوین	toyn
ٹوینٹی	twenty
ٹویوٹا	toyota
ٹویٹر	twitter
ٹيسٹ	test
ٹيلي	tally
ٹينک	tank
ٹيکنالوجی	technology
ٹٹو	tattu
ٹٹولتے	tatoltay
ٹپکتا	tpkta
ٹپکتی	tpkti
ٹپکتے	tapaktay
ٹپکنے	tapaknay
ٹپکی	tapki
ٹپکے	tpke
ٹپہ	tappa
ٹچ	touch
ٹڈی	tiddi
ٹک	tik
ٹکا	tika
ٹکر	takkar
ٹکرا	takra
ٹکراؤ	takrao
ٹکرائی	tkrayi
ٹکرائے	tkraye
ٹکراتی	takrata
ٹکراتے	takrate
ٹکرانا	takrana
ٹکرانے	takaraane
ٹکرايا	takarya
ٹکرایا	takarya
ٹکروں	tukro
ٹکرے	tukray
ٹکسال	taksaal
ٹکسالی	tksali
ٹکنالوجی	tknaloji
ٹکٹ	ticket
ٹکٹوں	ticketon
ٹکٹیں	tktin
ٹکڑا	tukda
ٹکڑوں	tukron
ٹکڑی	tukri
ٹکڑے	tukre
ٹکہ	tk_h
ٹکیاں	tikian
ٹکیہ	tikia
ٹھ	th
ٹھا	tha
ٹھان	thaan
ٹھانی	thaani
ٹھانے	thanay
ٹھاٹ	thaat
ٹھاٹھ	thaath
ٹھاٹھیں	thathen
ٹھاک	thaak
ٹھاکر	thakur
ٹھاکرہ	thakrh
ٹھاکرے	thakre
ٹھرا	thera
ٹھراؤ	thayrao
ٹھراتے	thrate
ٹھرانے	tharanay
ٹھرے	thery
ٹھل	thl
ٹھن	thn
ٹھنا	thana
ٹھنڈ	thand
ٹھنڈا	thanda
ٹھنڈک	thandak
ٹھنڈی	thandhi
ٹھنڈیانی	thndyani
ٹھنڈے	thanday
ٹھنی	tehni
ٹھوس	thos
ٹھوڑا	thorha
ٹھوڑی	thorhee
ٹھوکر	thokar
ٹھٹھکا	ththka
ٹھٹھہ	thatta
ٹھٹھے	thathay
ٹھٹہ	thatta
ٹھپ	thap
ٹھپا	thappa
ٹھپہ	thp_h
ٹھک	thuk
ٹھکانوں	thikanon
ٹھکانہ	khufia
ٹھکانے	thikaane
ٹھکرا	thukra
ٹھکرائے	tukarhe
ٹھکرادی	thkradi
ٹھکرانے	thukrane
ٹھکرایا	thukraya
ٹھگ	thag
ٹھگوں	thagon
ٹھہر	thehr
ٹھہرا	thehra
ٹھہراؤ	thehrao
ٹھہرائیں	th_hrayin
ٹھہرائے	thehraye
ٹھہراتا	th_hrata
ٹھہراتے	th_hrate
ٹھہرانا	thehrana
ٹھہرایا	thehraya
ٹھہرتا	tharta
ٹھہرتی	thahartii
ٹھہرتے	th_hrte
ٹھہرنا	theharna
ٹھہرنے	theharnay
ٹھہری	thahri
ٹھہریں	thareen
ٹھہرے	thehray
ٹھی	thhi
ٹھیرے	thire
ٹھیس	thais
ٹھیلوں	thelon
ٹھیٹر	theater
ٹھیک	theek
ٹھیکا	theika
ٹھیکہ	thaika
ٹھیکیدار	thaikaydaar
ٹھیکیداروں	aur
ٹھیکے	thekay
ٹہر	t_hr
ٹہرا	tehra
ٹہراؤ	tehrao
ٹہراتے	t_hrate
ٹہرایا	t_hraya
ٹہرنے	t_hrne
ٹہری	theyre
ٹہرے	t_hre
ٹہل	tehel
ٹہلا	tehla
ٹہلتا	tehelta
ٹہنی	tehni
ٹہنیا	tehniyan
ٹہنیوں	tehnion
ٹی	tea
ٹیب	tib
ٹیبل	table
ٹیرر	terror
ٹیری	tiri
ٹیس	tees
ٹیسٹ	test
ٹیسٹنگ	testing
ٹیسٹی	tasty
ٹیشن	tishn
ٹیشو	tisho
ٹیفکیٹ	tifkit
ٹیلر	tilr
ٹیلرز	tilrz
ٹیلنٹ	talent
ٹیلوں	teelon
ٹیلویژن	tiloysn
ٹیلکم	tilkm
ٹیلہ	teela
ٹیلی	tally
ٹیلیفون	telephone
ٹیلیوژن	television
ٹیلیویژن	television
ٹیلیگراف	tele-garaph
ٹیلے	teele
ٹیم	team
ٹیمز	timz
ٹیمون	timon
ٹیموں	teamon
ٹیمپا	timpa
ٹیمپر	temper
ٹیمپل	temple
ٹیمی	timi
ٹیمیں	temen
ٹین	teen
ٹینا	tina
ٹینس	tennis
ٹینسی	tinsi
ٹینشن	tension
ٹینڈا	teenda
ٹینڈر	tender
ٹینک	tank
ٹینکروں	tinkron
ٹینکوں	tinkon
ٹینی	teeny
ٹینیسی	tinisi
ٹیوب	tube
ٹیوزڈے	tyozde
ٹیوشن	tution
ٹیولپ	tyolp
ٹیونز	tutor
ٹیوٹ	tute
ٹیوٹر	tutor
ٹیوڈر	tyodr
ٹیوی	tyoy
ٹیٹ	tit
ٹیٹو	tytu
ٹیپ	tape
ٹیپس	tips
ٹیپو	tipu
ٹیچر	teacher
ٹیڈ	taid
ٹیڈی	tidi
ٹیڑھا	terha
ٹیڑھی	tedhi
ٹیڑھے	tirhhe
ٹیک	take
ٹیکا	teeka
ٹیکر	tikr
ٹیکس	tax
ٹیکساس	texas
ٹیکسلا	tiksla
ٹیکسوں	taxon
ٹیکسٹ	text
ٹیکسٹائل	textile
ٹیکسی	taxi
ٹیکسیاں	texian
ٹیکسیشن	tiksishn
ٹیکسیوں	tiksyon
ٹیکنا	teekna
ٹیکنالوجی	technology
ٹیکنالوجیز	tiknalojiz
ٹیکنو	tikno
ٹیکنولوجی	tiknoloji
ٹیکنوکریٹس	tiknokrits
ٹیکنک	tiknk
ٹیکنیشن	tiknishn
ٹیکنیکل	technical
ٹیکنے	tikne
ٹیکوں	tikon
ٹیکہ	teeka
ٹیکے	teekay
ٹیگ	tig
ٹیگرٹ	tigrt
ٹیگور	tigor
ٹیں	tin
ٹے	te
پ	pay
پئی	pyi
پئیں	pyin
پئے	piye
پا	pa
پاؤ	pao
پاؤل	paol
پاؤلو	paolo
پاؤنڈ	pound
پاؤنڈز	pounds
پاؤڈر	powder
پاؤں	paon
پائدار	paidaar
پائدان	paidaan
پائریٹس	payrits
پائل	payal
پائلٹ	pilot
پائلٹس	paylts
پائلٹوں	paylton
پائلی	paili
پائن	pine
پائندہ	paindah
پائو	payo
پائونڈ	payond
پائپ	pipe
پائی	payi
پائیدار	paidaar
پائیداری	paedaari
پائیدان	payidan
پائیل	paill
پائیلٹ	payilt
پائیو	paiyu
پائیک	payik
پائیں	payen
پائے	paye
پابلو	pablo
پابند	paband
پابندی	pabandi
پابندیاں	pabandiyan
پابندیوں	pabandion
پابہ	pab_h
پابی	pabi
پات	paat
پاتا	paata
پاتال	pataal
پاتھ	path
پاتی	paati
پاتیں	patin
پاتے	paate
پاجامہ	pajama
پاجامے	pajamay
پاجی	pajee
پاخانہ	pakhana
پاداش	padaash
پادری	paadri
پادریوں	padrion
پادشاہ	padasha
پار	paar
پارا	para
پاراچنار	parachinar
پارتھیا	parthiya
پارس	paras
پارسا	paarsa
پارسائی	paarsai
پارسی	paarsi
پارسیوں	parsyon
پارلمینٹ	parlmint
پارلیمان	parliman
پارلیمانوں	parlimanon
پارلیمانی	parlimani
پارلیمنٹ	parliment
پارلیمنٹری	parlimntri
پارلیمنٹیرینز	parlimntirinz
پارلیمینٹ	parlimint
پارو	paro
پاروتی	parwati
پاروں	paaron
پارٹ	part
پارٹرشپ	partrshp
پارٹس	parts
پارٹنر	partners
پارٹنرز	partnrz
پارٹی	party
پارٹیاں	partiyan
پارٹیز	partys
پارٹیوں	partiyon
پارچوں	parchon
پارچہ	parcha
پارچین	parchin
پارک	park
پارکر	parkr
پارکرکے	parkrke
پارکس	parks
پارکنسن	parknsn
پارکنگ	parking
پارکوں	parkon
پارہ	parah
پارہی	assar
پارہے	parhe
پاری	pari
پارینہ	parinah
پارے	paaray
پاز	pause
پازیب	paazeb
پازیٹو	pazito
پاس	paas
پاسبان	pasban
پاسبانی	pasbani
پاسداران	pasdaran
پاسداری	paasdari
پاسس	passes
پاسو	pasoo
پاسورڈ	password
پاسٹ	past
پاسپورٹ	passport
پاسپورٹوں	pasporton
پاسکتان	pasktan
پاسکل	pascle
پاسکو	pasko
پاش	paash
پاشا	pasha
پاشی	pashi
پاكستان	pakstan
پال	paal
پالا	paala
پالار	palar
پالتا	palta
پالتو	paaltoo
پالتوں	palton
پالتی	paalti
پالتے	paltay
پالر	palr
پالس	pals
پالسیوں	palsyon
پالش	polish
پالم	palm
پالمر	palmr
پالنا	paalna
پالنے	paalne
پالو	palo
پالوں	palun
پاليسی	policy
پالک	palaak
پالکی	paalki
پالی	palle
پالیا	pa
پالیسوں	palison
پالیسی	policy
پالیسیاں	policia
پالیسیوں	palisyon
پالیمان	paliman
پالیمنٹ	palimnt
پالین	pavline
پالے	paley
پام	palm
پامال	pamaal
پامالی	pamali
پامر	pamar
پامردی	pamrdi
پامیر	pamir
پان	paan
پانا	paana
پاناما	panama
پانامہ	panamh
پاندی	pandi
پانسو	panso
پانسہ	pansa
پانسے	panse
پانو	pano
پاني	pani
پانچ	paanch
پانچسو	panchso
پانچواں	panchawan
پانچوں	paanchon
پانچویں	panchwin
پانڈا	panda
پانڈو	pando
پانڈیچیری	pandichiri
پانڈے	pande
پانگ	pang
پانی	pani
پانیوں	paanion
پانے	panay
پاو	pao
پاوار	pawar
پاور	power
پاورز	pavrz
پاورپلانٹس	pavrplants
پاول	powell
پاولا	pavla
پاونڈ	pound
پاوڈر	pavdr
پاوں	paon
پايا	paaya
پاٹ	paat
پاٹا	pata
پاٹل	paatil
پاٹنا	paatna
پاپ	paap
پاپا	papa
پاپائی	papai
پاپائیت	papayit
پاپائے	papaye
پاپوا	papwa
پاپوش	paposh
پاپولر	popular
پاپولیشن	population
پاپی	paapi
پاپیادہ	papyad_h
پاچکی	pachki
پاڑہ	para
پاڑے	parhe
پاک	pak
پاکباز	pakbaaz
پاکدامن	pakdaman
پاکدامنی	pakdamni
پاکر	paker
پاکسان	paksan
پاکستا	paksta
پاکستان	pakistan
پاکستانی	pakistani
پاکستانیت	pakstanit
پاکستانیوں	pakistanio
پاکستاں	pakstan
پاکسے	pakse
پاکٹ	pocket
پاکپتن	pakptn
پاکی	paki
پاکیزگی	pakizgee
پاکیزہ	pakeeza
پاگئے	pagye
پاگل	pagal
پاگلوں	pagalon
پاگلپن	paglpn
پاگیا	pagya
پای	paai
پایا	paaya
پایاب	payaab
پایاجاتا	payajata
پایاگیا	payagya
پایاں	payaan
پایہ	paya
پایۂ	paya
پایے	paye
پبلسٹی	publicity
پبلشر	pblshr
پبلشرز	pblshrz
پبلشنگ	pblshng
پبلک	public
پبلکن	pblkn
پبلی	pbli
پبلیشر	pblishr
پبلیکیشن	pblikishn
پبلیکیشنز	pblikishnz
پت	patt
پتا	pata
پتجھڑ	pathjad
پتر	pattar
پترا	patra
پتراجایا	ptrajaya
پتروں	pataron
پتری	patri
پتلا	patla
پتلون	patlon
پتلونوں	ptlonon
پتلی	patli
پتلیاں	ptlyan
پتلیوں	putliyoun
پتلے	putlaay
پتن	ptn
پتنگ	patang
پتنگوں	patangoon
پتنگیں	patangen
پتنی	patni
پتور	ptor
پتوکی	pattoke
پتوں	pattoun
پتھ	pth
پتھر	pathar
پتھرا	pathra
پتھراؤ	pathrao
پتھروں	patharon
پتھری	pathri
پتھریاں	pathriyan
پتھریلا	pathreela
پتھریلے	pathirelay
پتھل	pthl
پتھورو	pthoro
پتہ	pata
پتی	patti
پتیاں	pattian
پتیوں	patiyon
پتے	pattay
پج	pj
پجاری	pujari
پختون	pakhton
پختونخوا	pakhtunkhwa
پختونخواہ	pakhtunkhwa
پختونستان	pkhtonstan
پختونوں	pakhtoonon
پختگی	pukhtagi
پختہ	pukhta
پدر	pidar
پدرام	lateef
پدرانہ	pidrana
پدری	padri
پدم	padam
پدما	padma
پدمنی	padmani
پذيری	pazeeri
پذیر	pazeer
پذیرائی	pazeerai
پذیری	pazeeri
پذیریت	pazeeriat
پر	par
پرآسائش	purasaish
پرآپ	praap
پرا	para
پرائز	prize
پرائس	price
پرائم	praym
پرائمری	primaray
پرائڈ	prayd
پرائی	parai
پرائیم	prayim
پرائیوٹ	private
پرائیویٹ	private
پرائیڈ	prayid
پرائے	paraye
پراب	prab
پرابلم	prablm
پراثر	pur-asar
پراجیکٹ	project
پراستعمال	prastamal
پراسرار	pur
پراسراریت	purasrariat
پرامن	pramn
پرامید	pur-umeed
پران	paran
پرانا	purana
پرانسانی	pransani
پراني	purani
پرانہوں	pranhon
پرانہیں	pranhin
پرانی	purani
پرانے	puranay
پراونشل	pravnshl
پراٹ	prat
پراٹھا	paratha
پراپرٹی	properly
پراپنا	prapna
پراپیگنڈا	prapignda
پراڈکٹس	pradkts
پراکٹر	praktr
پراگ	parag
پراگندہ	paragandah
پربت	parbat
پربتوں	parbatoon
پربحث	prbhs
پربھات	prbhat
پربھاکر	prbhakr
پربھو	parbho
پربھی	prbhi
پرت	parat
پرتاب	partab
پرتاپ	prtap
پرتحقیقی	prthqiqi
پرتشدد	pur-tashaddud
پرتعیش	prtaysh
پرتقسیم	prtqsim
پرتو	partu
پرتوجہ	prtoj_h
پرتوں	parton
پرتپاک	purtpaak
پرتگال	portugal
پرتگالی	purtagali
پرتگالیوں	prtgalyon
پرتگیزیوں	prtgizyon
پرتھ	perth
پرتھوی	prithvi
پرتی	prti
پرتیں	prtin
پرجا	prja
پرحملوں	prhmlon
پرحیرت	prhirt
پرختم	prkhtm
پرخلوص	prkhlos
پردا	parda
پردادا	pardada
پردار	pardaar
پرداز	pardaaz
پردازوں	prdazon
پردازی	pardazi
پردراڑیں	prdrarhin
پردو	prdo
پردوں	pardon
پرديش	pradesh
پردگی	pardaghi
پردہ	parda
پردۂ	parda
پردی	prdi
پردیس	pardes
پردیسی	pardesi
پردیسیوں	pardesio
پردیش	pradesh
پردے	parday
پررکھیں	prrkhin
پرزور	purzor
پرزوں	przon
پرزہ	purzah
پرزیادہ	przyad_h
پرزے	purzey
پرس	purse
پرسات	prsat
پرساد	prasad
پرسار	prsar
پرسان	pursan
پرسب	prsb
پرست	parast
پرستار	purastaar
پرستاروں	paristaron
پرستان	paristan
پرستانہ	parastana
پرستش	parastish
پرستوں	paraston
پرستي	parasti
پرستھ	prsth
پرستی	parasti
پرسش	prssh
پرسن	be
پرسنالٹی	prsnalti
پرسنل	personal
پرسنٹ	percent
پرسوار	prswar
پرسوز	prsoz
پرسکون	pursukoon
پرشاد	prshad
پرشدید	prshdid
پرشکوہ	pur
پرشیا	prshya
پرصدر	tor
پرطانوی	prtanoy
پرعمل	praml
پرغیر	falki
پرفائز	prfayz
پرفارمنس	performance
پرفارمنگ	prfarmng
پرفارمینس	prfarmins
پرفیسر	prfisr
پرقائم	prqaym
پرقبضہ	kabul
پرل	pearl
پرلانے	prlane
پرلبنان	prlbnan
پرلس	pearls
پرلطف	purlutf
پرم	param
پرمجبور	prmjbor
پرمحیط	prmhit
پرمشتمل	prmshtml
پرملک	prmlk
پرموجود	prmojod
پرمیرے	prmire
پرنا	prna
پرنب	prnb
پرند	parind
پرندوں	parindon
پرندہ	parindah
پرندے	parinday
پرنس	prince
پرنسز	princess
پرنسس	prnss
پرنسل	ke
پرنسٹن	prnstn
پرنسپل	principal
پرنم	purnam
پرنو	prno
پرنٹ	print
پرنٹس	prints
پرنٹنگ	printing
پرنہيں	prnhin
پرو	piro
پروا	parwa
پروائی	parwai
پرواز	parwaaz
پروازوں	prwazon
پروازیں	parwazein
پروان	parwan
پروانہ	parwana
پروانے	parwanay
پرواہ	parwah
پرواہی	parwahi
پروجکٹ	projkt
پروجیکٹ	project
پروجیکٹس	projikts
پرور	parwar
پروردگار	parvar-digaar
پروردہ	prord_h
پرورش	parwarish
پروری	parwari
پروسیس	prosis
پروسیسنگ	processing
پروش	purush
پروشیا	prussia
پروف	proof
پروفائل	profayl
پروفیسر	professor
پروفیسرز	profisrz
پروفیسروں	professaron
پروفیسری	professori
پروفیشنل	professional
پروقار	proqar
پرولتاری	proltari
پروموشن	promoshn
پرون	pron
پرونا	pirona
پروٹسٹنٹ	protstnt
پروٹوکول	protocol
پروٹیسٹنٹ	protestent
پروٹین	protein
پروٹینز	proteins
پروٹیکشن	protikshn
پروپرائٹر	propraytr
پروپگینڈا	propginda
پروپیگنڈا	propoganda
پروپیگنڈہ	propignd_h
پروپیگنڈے	propignde
پروپیگینڈا	propiginda
پروڈ	prod
پروڈکشن	products
پروڈکشنز	prodkshnz
پروڈیوس	produce
پروڈیوسر	producer
پروڈیوسرز	producers
پروڈیوسروں	prodyosron
پروکرام	prokram
پروگرام	programme
پروگرامات	programat
پروگرامر	programmer
پروگرامز	programs
پروگرامنگ	programming
پروگراموں	programon
پروگریسو	progressive
پروں	paron
پروہت	pirohit
پروہتوں	prohton
پرویا	peroya
پرویز	parvez
پروین	parveen
پرپابندی	prpabndi
پرچار	parchaar
پرچارک	prchark
پرچم	parcham
پرچموں	prchmon
پرچون	prchon
پرچوں	prchon
پرچھائیاں	parchaiyan
پرچھائیں	perchain
پرچہ	parcha
پرچی	parchi
پرچیز	prchiz
پرچیوں	prchyon
پرچے	perchy
پرکئی	prkyi
پرکار	purkaar
پرکاری	prkari
پرکاش	prkash
پرکام	prkam
پرکسی	prksi
پرکشش	purkashish
پرکنٹرول	prkntrol
پرکھ	parkh
پرکھا	parakhaa
پرکھتا	parakhta
پرکھتے	parkhte
پرکھنے	parkhnay
پرکھیں	prkhin
پرکہی	prk_hi
پرکیا	parkia
پرکیف	purkef
پرکیوں	prkyon
پرگامزن	prgamzn
پرگر	prgr
پرگرام	prgram
پرگرفتار	prgrftar
پرھیز	parhez
پرہ	parah
پرہی	prhi
پرہیز	parhaiz
پرہیزگار	parhaizgaar
پری	pari
پریا	priya
پریانکا	chopra
پریاں	pariyan
پریت	preet
پریتم	pareetam
پریتو	preeto
پریذیڈنسی	prizidnsi
پریذیڈنٹ	prizidnt
پریز	prays
پریزائڈنگ	prizaydng
پریزاد	parizaad
پریزنٹیشن	presentation
پریزیڈنسی	prizidnsi
پریزیڈنٹ	prizidnt
پریزیڈینٹ	prizidint
پریس	press
پریسلر	prislr
پریسٹن	pristn
پریسکوٹ	priskot
پریسیشن	precision
پریش	paresh
پریشا	presha
پریشان	pareshan
پریشانی	pareshani
پریشانیوں	pareshaniyon
پریشاں	prishan
پریشد	prishd
پریشر	pressure
پریفیکٹ	prefect
پریقین	isqadr
پریل	pril
پریم	pream
پریمئر	premier
پریمئیر	primyir
پریما	prima
پریمی	premi
پریمیئر	permier
پرینٹس	prints
پریوار	pariwaar
پریور	prever
پریوں	paryoon
پریٹو	prito
پریٹوریا	pritorya
پریٹی	pretty
پریڈ	prayed
پریڈیکیٹ	predicate
پریکٹس	practice
پریکٹیشنر	practitioner
پریہ	prih
پرے	paray
پزیر	pazeer
پزیرائی	pzirayi
پزیری	pazeeri
پس	pas
پست	pust
پستان	pastan
پستانوں	pastanoo
پستول	pistol
پستہ	pista
پستی	pasti
پستیوں	pastiyon
پستے	pistay
پسر	pasar
پسرور	pasrur
پسلیاں	pslyan
پسلیوں	pasliyon
پسماندگان	psmandgan
پسماندگی	pasmandagi
پسماندہ	pasmandah
پسند	pasand
پسندانہ	pasandana
پسندوں	pasandon
پسنديدہ	pasandeeda
پسندی	pasandi
پسندیدگی	pasandeedgi
پسندیدہ	pasandeeda
پسنی	pasni
پسوری	jamea
پسٹن	pstn
پسپا	paspaa
پسی	pissi
پسینہ	paseena
پسینے	paseenay
پسے	paase
پشاور	peshawar
پشاوری	pshavri
پشت	pusht
پشتو	pashto
پشتون	pshton
پشتونخوا	pashtunkhwa
پشتونخوامیپ	pshtonkhwamip
پشتونخواہ	pshtonkhwah
پشتونستان	pshtonstan
پشتونوں	pshtonon
پشتوں	pshton
پشتہ	pushta
پشتی	pushti
پشتے	pushte
پشیما	pashema
پشیمان	pasheman
پشین	pasheen
پطرس	patras
پل	pal
پلئی	plyi
پلا	pila
پلاؤ	palao
پلائی	pilayi
پلائیں	pilain
پلاتا	plata
پلاتی	pani
پلاتے	pilate
پلازا	plaza
پلازوں	plazon
پلازہ	plaza
پلازے	plaze
پلاس	playas
پلاسٹک	plastic
پلاسی	palasi
پلان	plan
پلانا	pilana
پلانز	planz
پلاننگ	planning
پلانٹ	planet
پلانٹس	plants
پلانگ	plang
پلانے	pilanay
پلاو	palao
پلاٹ	plat
پلاٹس	plats
پلاٹون	platon
پلاٹینم	platinum
پلاٹینیم	platinium
پلاک	plack
پلایا	pilaya
پلتا	palta
پلس	plus
پلم	palam
پلمبر	plumber
پلنگ	palang
پلنے	palne
پلوانا	pilwana
پلوٹونیم	plotonim
پلوں	palon
پليٹ	plate
پليٹوں	paleton
پليٹيں	platen
پلٹ	palat
پلٹا	palta
پلٹن	palton
پلٹنا	palatna
پلٹنے	palatnay
پلٹے	palty
پلپ	plup
پلڑا	palra
پلڑہ	plrh_h
پلڑے	plrhe
پلک	palak
پلکوں	palkon
پلکیں	palken
پلگ	plug
پلہ	palla
پلی	peli
پلیئر	player
پلیجو	plijo
پلیز	plzzzz
پلیس	place
پلیسر	placer
پلین	playin
پلیٹ	plate
پلیٹوں	paleton
پلیٹیں	platen
پلے	pallay
پم	baraye
پمرا	pmra
پمز	pmz
پمفلٹ	pmflt
پمفلٹس	pmflts
پمفلیٹ	pmflit
پمپ	pump
پن	pan
پنا	panna
پنائی	pnai
پنالٹی	pnalti
پناما	panama
پناہ	panah
پناہی	panahi
پنت	pnt
پنتالیس	pantalis
پنج	panj
پنجا	panja
پنجاب	punjab
پنجابن	pnjabn
پنجابی	punjabi
پنجابیوں	pnjabyon
پنجال	pnjal
پنجر	panjar
پنجرہ	pinjra
پنجرے	pinjare
پنجشیر	pnjshir
پنجم	panjum
پنجند	pnjnd
پنجو	panjoo
پنجور	pnjor
پنجوں	panjoo
پنجگانہ	panjgana
پنجگراں	pnjgran
پنجگور	pnjgor
پنجہ	panja
پنجے	punjay
پند	pand
پندار	pindar
پنداری	pindaari
پندرھواں	pandarhawan
پندرھویں	pandharvin
پندرہ	pandrah
پندرہویں	pandarvin
پنسلوانیا	pnslwanya
پنسلین	pencillin
پنشن	pension
پنو	pno
پنوشے	pnoshe
پنوعاقل	pnoaaql
پنوں	panno
پنٹا	pnta
پنٹر	pntr
پنٹو	pintu
پنپ	panp
پنچ	punch
پنچایت	ya
پنچایتوں	pnchayton
پنچایتی	pnchayti
پنچولی	pncholi
پنڈ	pnd
پنڈت	pandit
پنڈتوں	pndton
پنڈورا	pandora
پنڈولم	pendulum
پنڈی	pindi
پنکھ	pankh
پنکھا	pankha
پنکھوں	pankhon
پنکھڑی	pankhari
پنکھے	pankhe
پنگ	png
پنگھٹ	panghat
پنہانی	pinhani
پنہاں	panhan
پنہور	pnhor
پنی	panni
پنیر	paneer
پنیری	ki
پنے	pannay
پو	po
پوئی	poyi
پوئے	poy
پوائزننگ	pwayznng
پوائنٹ	point
پوائنٹس	points
پوار	pivar
پوانٹ	pwant
پوت	poot
پوتا	pota
پوتر	pawitr
پوتن	potn
پوتوں	poton
پوتہ	pot_h
پوتی	poti
پوتیاں	potyan
پوتے	potay
پوجا	pooja
پوجتا	poojta
پوجتے	pujte
پوجنا	poojna
پوجنے	poojnay
پوجیں	poojain
پود	pod
پودا	poda
پودوں	poudoun
پودے	pouday
پور	poor
پورا	poora
پوربندر	porbndr
پوربی	porbi
پورس	pours
پورم	porm
پورن	porn
پورنیما	pornima
پوروں	poron
پورٹ	port
پورٹر	porter
پورٹس	ports
پورٹل	portl
پورٹلز	portals
پورٹو	porto
پورہ	poora
پوری	poori
پوریا	porya
پورے	poooray
پوزيشن	position
پوزیش	pozish
پوزیشن	position
پوزیشننگ	pozishnng
پوزیشنیں	pozishnin
پوزیٹیو	pozityo
پوس	poos
پوست	post
پوسٹ	post
پوسٹر	poster
پوسٹرز	postrz
پوسٹس	posts
پوسٹل	postal
پوسٹوں	poston
پوسٹیں	share
پوش	posh
پوشاک	poshak
پوشاکوں	poshakon
پوشوں	poshon
پوشی	poshi
پوشیدگی	posheedgi
پوشیدہ	posheeda
پول	pol
پولا	pola
پولاک	polak
پولر	polr
پولس	poles
پولش	polsh
پولنگ	polling
پولو	polo
پولٹ	polt
پولٹری	poultry
پولٹیکل	poltikl
پولک	polk
پولی	poli
پولیس	police
پولینڈ	poland
پولینڈمیں	polindmin
پولیو	polio
پولیٹن	politn
پولیٹکل	political
پولیٹیکل	politikl
پوما	pumma
پون	pawan
پونا	pona
پونجی	poonji
پونزی	ponze
پونم	ponm
پونٹنگ	pontng
پونچھ	ponch
پونچھا	pooncha
پونچھتے	ponchhte
پونچی	punchi
پونڈ	pond
پونکا	ponka
پونگ	pong
پونہ	ponh
پونی	poni
پونے	pauney
پوٹ	poat
پوٹاش	potash
پوٹاشیم	potassium
پوٹر	potter
پوٹلہ	ne
پوٹلی	potli
پوٹن	potn
پوٹھوہار	pothohar
پوٹینشل	potential
پوٹے	pote
پوپ	poop
پوپائے	popaye
پوچ	pooch
پوچھ	pooch
پوچھئے	puchiye
پوچھا	poocha
پوچھابتایا	mutaliq
پوچھاگیا	pochhagya
پوچھتا	puchta
پوچھتی	poochti
پوچھتے	puchhte
پوچھنا	poochna
پوچھنے	poochnay
پوچھو	pucho
پوچھوں	pouchon
پوچھی	poochi
پوچھیں	poucheen
پوچھے	pouchye
پوک	poke
پوکر	pokr
پوی	poy
پویم	poem
پویٹس	poets
پيدا	peda
پيدائش	paidaiesh
پيداوار	pedawar
پيراڈائز	piradayz
پيرو	pairo
پيسہ	paisa
پيش	paish
پيشگی	paishgi
پيشے	payshay
پيغام	pegham
پيغمبر	paighambar
پيما	pema
پيمائی	pemai
پيٹ	pait
پيچيدہ	paicheeda
پٹ	pitt
پٹا	pita
پٹائی	pataayi
پٹاخوں	ptakhon
پٹاخے	ptakhe
پٹارو	ptaro
پٹخ	pathak
پٹرول	petrol
پٹرولیم	ptrolim
پٹری	patri
پٹریوں	partriyon
پٹس	puts
پٹسبرگ	ptsbrg
پٹن	puttin
پٹنم	ptnm
پٹنہ	ptnh
پٹواری	patwari
پٹودی	ptodi
پٹڑی	ptrhi
پٹڑیاں	ptrhyan
پٹک	patak
پٹکا	patka
پٹھان	pathan
پٹھانوں	pathano
پٹھانکوٹ	pthankot
پٹھانے	pthane
پٹھو	ptho
پٹھوں	pathon
پٹھے	pathay
پٹہ	patta
پٹی	patti
پٹیالہ	patiala
پٹیاں	pattiyan
پٹیشن	petission
پٹیل	patel
پٹیوں	ptyon
پٹے	pitay
پپلاں	piplaan
پپو	papu
پپوٹے	papootay
پپڑی	pipri
پچ	pitch
پچائی	pachai
پچاس	pachaas
پچاسویں	pchasoyn
پچاسی	pichyasi
پچانوے	pichanway
پچتھر	pchthr
پچر	pachar
پچوں	pchon
پچپن	pchpn
پچکاری	pichkari
پچکے	pechkey
پچھا	pacha
پچھتانے	pachtane
پچھتاوا	pachtaawa
پچھتاوے	pachtaway
پچھتر	pichatar
پچھلوں	pichlon
پچھلی	pichli
پچھلے	pichlle
پچھم	picham
پچھنا	pachhna
پچھڑے	pchhrhe
پچہتر	pich-hattar
پچی	pachi
پچیدہ	pchid_h
پچیس	pachees
پچیسواں	pacheswaan
پچیسویں	pacheeswi
پڑ	par
پڑا	para
پڑاؤ	parao
پڑائو	paraoo
پڑتا	parta
پڑتال	partaal
پڑتالی	partali
پڑتی	padtee
پڑتیں	prhtin
پڑتے	parte
پڑجائیں	prhjayin
پڑجائے	prhjaye
پڑجاتی	prhjati
پڑسکتا	parsakta
پڑنا	parna
پڑنے	parney
پڑوس	paros
پڑوسن	padosan
پڑوسی	parosi
پڑوسیوں	parosion
پڑپوتے	prhpote
پڑچکی	prhchki
پڑگئے	prhgye
پڑگیا	prhgya
پڑھ	parh
پڑھا	parha
پڑھاؤں	prhhaon
پڑھائی	parhai
پڑھائیں	prhhayin
پڑھاتا	paratha
پڑھاتی	prati
پڑھاتے	parhatay
پڑھانا	padhana
پڑھانے	parhanay
پڑھایا	parhaya
پڑھتا	parhta
پڑھتی	padti
پڑھتے	parhte
پڑھنا	parhna
پڑھنی	padni
پڑھنے	parhnay
پڑھو	parho
پڑھوا	prhhwa
پڑھی	parhi
پڑھیئے	prhhiye
پڑھیں	parheen
پڑھیے	padhiye
پڑھے	parhay
پڑی	pari
پڑیا	pudiya
پڑیں	parrin
پڑیے	padiye
پڑے	parre
پژمردگی	pasmurdaghi
پک	pick
پکا	pakka
پکائی	pkayi
پکائے	pakaye
پکاتیں	pakatin
پکاتے	pakatay
پکار	pukaar
پکارا	puraka
پکارتا	pukaarta
پکارتے	pkarte
پکارنا	pukarna
پکارنے	pukarnay
پکارو	poukaro
پکاری	pukaary
پکارے	pukare
پکاسا	picasa
پکاسو	piccaso
پکانا	pakana
پکانے	pakanay
پکایا	pakaya
پکتیا	pktya
پکتیکا	pktika
پکرنگ	pkrng
پکنک	picnic
پکنے	paknay
پکو	piku
پکوان	pakwaan
پکچر	picture
پکچرز	pictures
پکڑ	pakar
پکڑا	pakra
پکڑتا	pokarta
پکڑتی	pakadati
پکڑتے	pakarte
پکڑنا	pakarna
پکڑنے	pakarney
پکڑو	pakro
پکڑی	pakri
پکڑیں	pakren
پکڑے	pakdae
پکھاوج	phakawaj
پکھراج	pukhraj
پکی	paki
پکے	pakkay
پگ	pag
پگارا	pgara
پگلا	yeh
پگڑی	pagri
پگھل	pighal
پگھلا	pighla
پگھلاؤ	pighlao
پگھلانے	pighalnay
پگھلتا	pighalta
پگھلتی	pighalatee
پگھلتے	pighaltay
پگھلنا	pighalna
پگھلنے	pighalnay
پگھلی	pighli
پگھلے	pighlay
پھ	ph
پھالکے	phalkay
پھالیہ	phalih
پھانسنے	phansnay
پھانسی	phansi
پھانسیاں	phansyan
پھاٹک	phaatak
پھاڑ	phaar
پھاڑتا	ko
پھاڑنا	phaarna
پھاڑنے	pharnay
پھاڑکر	phaadkar
پھاڑے	pharay
پھر	phir
پھرا	phira
پھرانسان	phransan
پھرایا	phiraya
پھرتا	phirta
پھرتی	phurti
پھرتیلا	phurteela
پھرتیلے	phrtile
پھرتے	phirtay
پھرسے	phrse
پھرنے	phirnay
پھرو	phiro
پھروں	phiron
پھروہ	phroh
پھری	phree
پھریرے	phrire
پھریں	phiren
پھرے	phiray
پھسل	phisal
پھسلا	phsla
پھسلتی	phisalti
پھسلتے	phisaltay
پھسلنے	phisalnay
پھسڈی	phasdi
پھل	phal
پھلا	phula
پھلانگ	phalang
پھلاو	phlav
پھلتا	phlta
پھلنا	phalna
پھلنے	phalnay
پھلواری	phulwari
پھلوں	phalon
پھلکا	phulka
پھلکی	phlki
پھلکے	phlke
پھلی	phali
پھلے	phalay
پھن	phn
پھندا	phanda
پھندہ	phnd_h
پھندے	phandey
پھنس	phas
پھنسا	phansa
پھنسانے	phansanay
پھنسے	phansay
پھو	phoo
پھوس	phoos
پھول	phool
پھولا	phoola
پھولتا	pholta
پھولتی	pholti
پھولدار	pholdar
پھولداری	pholdari
پھولن	phoolan
پھولنے	phoolnay
پھولوں	phoolon
پھولی	phooli
پھولیں	pholin
پھولے	phoolay
پھونس	phons
پھونک	phoonk
پھونکا	phonka
پھونکنا	phonkna
پھونکی	phonki
پھوٹ	phoot
پھوٹتے	photte
پھوٹنے	photnay
پھوٹی	phooty
پھوٹیں	photin
پھوٹے	phootay
پھوپھا	phopha
پھوپھی	phophi
پھوپی	phopi
پھوڑ	phore
پھيلا	phela
پھيلائی	phailai
پھيلاتی	phailaati
پھيلاتے	pheilatay
پھيلی	phaily
پھينک	pheink
پھٹ	phatt
پھٹا	phataa
پھٹتی	phatti
پھٹنے	phatnay
پھٹکار	phatkaar
پھٹکنے	phataknay
پھٹی	phati
پھٹے	phatay
پھپھوند	phaphond
پھپھڑوں	phphrhon
پھڑپھڑا	phrhphrha
پھکڑ	phakar
پھکی	phiki
پھگواڑی	phgwarhi
پھیر	phair
پھیرا	phera
پھیرنا	pherna
پھیرو	phero
پھیری	pheri
پھیریں	phairen
پھیرے	phairay
پھیل	phail
پھیلا	phela
پھیلاؤ	phelao
پھیلائی	phailai
پھیلائیں	philayin
پھیلائے	mein
پھیلاتا	phelata
پھیلاتے	pheilatay
پھیلارہے	philarhe
پھیلانا	phelana
پھیلانے	phelanay
پھیلاو	philav
پھیلایا	phelaya
پھیلتا	phialta
پھیلتی	phelti
پھیلتے	phailtay
پھیلنا	phailna
پھیلنے	phelnay
پھیلنےلگتا	ki
پھیلی	phaily
پھیلے	phailay
پھینک	pheink
پھینکا	phenka
پھینکتا	phenketa
پھینکتے	phenkhte
پھینکنا	phenkna
پھینکنے	phainknay
پھینکی	pehnki
پھینکے	phainky
پھیپھڑوں	pehphron
پھیپھڑے	phephray
پھیڑ	pheer
پھیکا	pheeka
پھیکی	pheeki
پہ	pay
پہاڑ	pahar
پہاڑوں	pahoron
پہاڑي	pahari
پہاڑی	pahari
پہاڑیاں	p_harhyan
پہاڑیوں	pahariyoon
پہر	pehar
پہرہ	pehra
پہرے	pehray
پہل	pehal
پہلا	pehla
پہلو	pehlu
پہلوؤوں	p_hlooon
پہلوؤں	pehluo
پہلوئوں	pehluon
پہلوان	pehelvaan
پہلوانوں	pehalwanon
پہلوانی	p_hlwani
پہلووٴں	pehluo
پہلووں	p_hlvon
پہلوں	pehloo
پہلوی	p_hloy
پہلگام	p_hlgam
پہلہ	p_hlh
پہلی	pehli
پہلے	pehlay
پہلےعسکریت	pehlay
پہن	pehan
پہنا	pehna
پہنائی	pahnai
پہنائیں	p_hnayin
پہنائے	pahnaye
پہناتے	p_hnate
پہنانے	pehnanay
پہناوا	p_hnawa
پہناوے	p_hnave
پہنایا	pehnaya
پہنتا	p_hnta
پہنتی	pehanti
پہنتے	pehantay
پہننا	pehnana
پہننے	pahannay
پہنچ	poanch
پہنچا	pouncha
پہنچاؤ	ponchao
پہنچائی	pohanchai
پہنچائیں	p_hnchayin
پہنچائے	pohnchaye
پہنچاتا	pohanchata
پہنچاتی	pohanchati
پہنچاتے	pohanchate
پہنچادی	p_hnchadi
پہنچادیتی	p_hnchaditi
پہنچانا	pahunchana
پہنچانے	pohanchanay
پہنچايا	pohanchaya
پہنچاہے	p_hnchahe
پہنچایا	pohanchaya
پہنچایاہے	p_hnchayahe
پہنچتا	pohanchana
پہنچتی	pahunchti
پہنچتے	pahunchte
پہنچنا	pohanchna
پہنچنی	p_hnchni
پہنچنے	pounchanay
پہنچو	pohncho
پہنچوں	wahan
پہنچچکے	p_hnchchke
پہنچی	pohanchi
پہنچیں	pohnchain
پہنچے	puhanche
پہنی	pahani
پہنیں	pehnein
پہنے	pehnay
پہونچ	p_honch
پہونچا	p_honcha
پہونچے	p_honche
پہچان	pehchan
پہچانا	pehchana
پہچانتا	pehchanta
پہچانتی	p_hchanti
پہچانتے	pehchante
پہچاننا	pehchanana
پہچاننے	pehchanney
پہچانی	pehchani
پہچانے	pehchane
پہچایا	p_hchaya
پہچنا	p_hchna
پہچنے	p_hchne
پہیلی	paheli
پہیلیاں	paheliyan
پہیوں	phaiyon
پہیہ	pahiyah
پہیے	pahiye
پی	pi
پیئرس	piyrs
پیئن	pean
پیئنگ	peeing
پیئے	piye
پیا	piya
پیائی	pyayi
پیادہ	peyadah
پیادے	payaday
پیار	pyar
پیارا	pyara
پیارو	pyaaro
پیاروں	pyaron
پیاری	pyari
پیارے	pyare
پیاز	pyaaz
پیاس	pyaas
پیاسا	piyasa
پیاسی	pyaasi
پیاسے	pyase
پیال	pyaal
پیالوں	peyaalon
پیالہ	pyalaa
پیالی	piyali
پیالیوں	pyalyon
پیالے	pyaale
پیام	payam
پیامبر	payamabar
پیامی	pyami
پیانو	piano
پیبی	pibi
پیت	peet
پیتا	peeta
پیتزا	pitza
پیتل	peetal
پیتھ	pith
پیتھالوجی	pathalogy
پیتھک	pithk
پیتھی	pithi
پیتے	peetay
پیج	page
پیجز	pages
پید	peed
پیدا	peda
پیدائش	paidaiesh
پیدائشی	pedaishi
پیدائیشی	pidayishi
پیداش	pedash
پیدانہیں	pidanhin
پیداوار	pedawar
پیداواری	pedawari
پیداور	pidavr
پیداکر	pidakr
پیداہوئی	pidahoyi
پیداہوئے	pidahoye
پیداہوا	pidahwa
پیداہوتے	pidahote
پیداہونے	pidahone
پیدایش	pidaaish
پیدرو	pidro
پیدل	paidal
پیدوار	pidwar
پیدہ	peeda
پیر	paiir
پیرا	pera
پیرائیوں	pirayyon
پیرائے	piraye
پیراشوٹ	parachute
پیراماؤنٹ	paramount
پیراملٹری	piramltri
پیرانہ	peerana
پیراک	peraak
پیراکی	peraki
پیراگراف	paragraph
پیراگوئے	piragoye
پیراں	piran
پیراہن	pairahan
پیرزادہ	pirzad_h
پیرس	paris
پیرسن	pirsn
پیرسید	pirsid
پیرش	pirsh
پیرم	pirm
پیرن	peren
پیرو	pairo
پیروالہ	pirwalh
پیرول	reham
پیرومرشد	piromrshd
پیرووں	pairon
پیروڈی	pirodi
پیروکار	peirokaar
پیروکاروں	pirokaron
پیروں	peeron
پیروی	pairwi
پیری	peeri
پیریز	piriz
پیریڈ	period
پیریڈز	periods
پیرے	pire
پیز	pays
پیزو	pizo
پیس	pees
پیسا	peesa
پیسال	pisal
پیسفک	pisfk
پیسنا	peesna
پیسنے	peesnay
پیسو	piso
پیسوں	paison
پیسٹ	paste
پیسہ	paisa
پیسیفک	pisifk
پیسے	pesey
پیسےبھی	bhi
پیش	paish
پیشاب	pishaab
پیشانی	peshani
پیشاور	pishavr
پیشتر	peshtar
پیشرفت	pishrft
پیشرو	pishro
پیشقدمی	pishqdmi
پیشن	passion
پیشنس	passions
پیشنٹ	patient
پیشنگوئی	pishngoyi
پیشوا	peshwa
پیشواؤں	pishwaon
پیشوائی	peshwai
پیشوائے	peshwaye
پیشوں	pishon
پیشکار	pishkar
پیشکش	peshkash
پیشکشوں	pishkshon
پیشکشیں	pishkshin
پیشگوئی	paishgoey
پیشگوئیوں	pishgoyyon
پیشگی	paishgi
پیشہ	pesha
پیشی	paishi
پیشین	pishin
پیشینس	patience
پیشینگوئی	peshangoi
پیشیوں	peshion
پیشے	payshay
پیغام	pegham
پیغامات	paighamaat
پیغامبر	peghaambar
پیغاموں	peghamon
پیغمبر	paighambar
پیغمبروں	payghambaroon
پیغمبری	paigambri
پیل	pail
پیلا	peela
پیلس	pils
پیلو	peelu
پیلی	peeli
پیلیس	pilis
پیلے	peelay
پیما	pema
پیماؤں	pimaon
پیمائش	pemaiesh
پیمائشی	pemaishi
پیمائی	pemai
پیمان	paiman
پیمانوں	paimano
پیمانہ	pemana
پیمانے	pemanay
پیمرا	pemra
پین	pain
پینا	piinaa
پینانگ	pinang
پینتالیس	paintalis
پینتیس	paintees
پیندا	painda
پیندے	penday
پینس	pains
پینسل	pencil
پینسٹھ	painsath
پینش	pinsh
پینشن	pansion
پینل	panel
پینلٹی	pinlti
پینٹ	paint
پینٹا	aur
پینٹاگان	pintagan
پینٹاگن	pintagn
پینٹاگون	pentagon
پینٹر	pintr
پینٹس	pants
پینٹنگ	painting
پینٹنگز	paintings
پینٹگ	pintg
پینٹی	panty
پینچ	painch
پینڈلٹن	pindltn
پینگوئن	pingoyn
پینی	penny
پینیس	penis
پینیٹریشن	penetration
پینے	peenay
پیو	piyo
پیوس	peeves
پیوست	payvasat
پیوستگی	pewastagi
پیوستہ	paiwastah
پیوش	pyosh
پیوند	pewand
پیوندی	pewandi
پیوٹن	puton
پیوں	pion
پیٹ	pait
پیٹا	petta
پیٹتا	pitta
پیٹتے	pitte
پیٹر	paiter
پیٹرا	pitra
پیٹرز	pitrz
پیٹرزبرگ	pitrzbrg
پیٹرسن	peterson
پیٹرن	patteren
پیٹرنز	pitrnz
پیٹرو	petro
پیٹرول	petrol
پیٹرولیم	pitrolim
پیٹرک	petrick
پیٹریاٹ	pitryat
پیٹریشیا	paterasia
پیٹل	petal
پیٹنٹ	pitnt
پیٹنے	peetnay
پیٹوں	piton
پیٹھ	peeth
پیٹی	paiti
پیٹیاں	pityan
پیٹیشن	pitishn
پیٹیوں	pityon
پیٹے	pite
پیپ	peep
پیپا	peepa
پیپر	paper
پیپرز	papers
پیپری	pipri
پیپسی	pepsi
پیپل	peepal
پیپلز	peoples
پیپلزپارٹی	sath
پیپنگ	peeping
پیچ	paich
پیچاں	pechan
پیچش	paichis
پیچھا	peecha
پیچھے	peechay
پیچیدگی	paicheedgi
پیچیدگیاں	ghair
پیچیدگیوں	pechidgion
پیچیدہ	paicheeda
پیچے	pechay
پیڈ	pad
پیڈرسن	pidrsn
پیڈرو	pidro
پیڈل	pedal
پیڈلنگ	pedaling
پیڈیاٹرکس	paediatrics
پیڑ	pairr
پیڑا	peira
پیڑوں	pairron
پیڑھی	peerhi
پیڑھیوں	pirhhyon
پیڑی	pirhi
پیک	pack
پیکا	paikaa
پیکار	pekaar
پیکج	package
پیکر	paiker
پیکس	pax
پیکنگ	pikng
پیکٹ	packet
پیکچرز	pikchrz
پیکیج	package
پیگاسس	pigass
پیگی	pegi
پیہم	pihm
پیے	piyay
پے	pay
چ	chay
چئیر	chyir
چئیرمین	chairman
چئیرپرسن	chyirprsn
چا	cha
چائلڈ	child
چائنا	chayna
چائنیز	chinese
چائی	chayii
چائینیز	chayiniz
چائیں	chayin
چائیے	chaiye
چائے	chaye
چابک	chaabak
چابکدستی	chabakdasti
چابیاں	chabiyan
چابیوں	chabyon
چادر	chadar
چادروں	chadoroon
چادری	chaadri
چادریں	chadrin
چار	chaar
چارا	chara
چارج	charge
چارجر	charger
چارجنگ	charging
چاردیواری	chaardewaari
چارسال	charsal
چارسدہ	charsadah
چارلز	charlz
چارلس	charles
چارلٹن	charltn
چارلی	charlie
چارلیس	charlis
چارو	charon
چاروں	charon
چارٹ	chart
چارٹر	charter
چارٹرڈ	chartered
چارٹڈ	un
چارپائی	charpayee
چارگی	chaargi
چارہ	charah
چارہزار	selaab
چاری	charee
چارے	chaaray
چاسر	chasr
چاشت	chaasht
چاشنی	chaashni
چاغی	chaghi
چاق	chaaq
چاقو	chaako
چال	chaal
چالان	chalaan
چالاک	chalaak
چالاکی	chalaki
چالبازیوں	chalbazyon
چالس	chals
چالو	chaalo
چالوں	chalon
چاليس	chalees
چالیس	chalees
چالیسواں	chaleeswa
چالیسویں	chaliswi
چالیں	chaalein
چان	chan
چاند	chaand
چاندنی	chandni
چاندوں	chando
چاندگرہن	chandgrhn
چاندی	chandi
چانس	chance
چانسلر	chancellor
چانسلروں	chanslron
چانڈکا	chandka
چانڈیو	chandio
چانکیہ	chankih
چانگ	chang
چانے	chane
چاو	chawo
چاول	chawal
چاولوں	chaawlon
چاولہ	chawla
چاٹ	chaat
چاٹا	chataa
چاٹنا	chaatna
چاٹی	chati
چاپ	chaap
چاپان	chapan
چاپلوسی	chaploosi
چاچا	chacha
چاچی	chachi
چاڈ	chad
چاک	chaak
چاکر	chaakar
چاکلیٹ	chocolate
چاکو	chaaku
چاھتا	chahta
چاھیے	chahie
چاہ	chaah
چاہئیں	chahiye
چاہئیے	chahiye
چاہئے	chahiye
چاہا	chaha
چاہت	chahat
چاہتا	chahta
چاہتاتھا	chahtatha
چاہتاہوں	chahtahon
چاہتی	chahti
چاہتیں	chahtain
چاہتے	chahtay
چاہنے	chahanay
چاہو	chaho
چاہوں	chahoon
چاہی	chahi
چاہیئں	chahiyn
چاہیئے	chahiye
چاہیتے	chahite
چاہیں	chahain
چاہییں	chahaiyn
چاہیے	chahiye
چاہیےکہ	pehlay
چاہے	chahay
چاییں	chaaiyn
چبا	chaba
چبانا	chabana
چبانے	chabanay
چبوا	chbwa
چبوترا	chabootra
چبوتروں	chbotron
چبوترہ	chabotra
چبوترے	chbotre
چبھا	chubha
چبھتی	chubhti
چبھنے	chubne
چبھو	chabho
چبھونا	chubhona
چت	chit
چتا	chitta
چتر	chiter
چترا	chtra
چترال	chitral
چترالی	chtrali
چر	chur
چرا	chura
چرائی	churaie
چرائیں	churayeen
چرائے	churaye
چراتے	churatay
چرار	chrar
چراغ	chairag
چراغاں	cheraghan
چراغوں	charaghoon
چرالیا	chralya
چرانا	churana
چراٹ	chrat
چراگاہ	charagah
چراگاہوں	chragahon
چراگاہیں	chragahin
چراں	chran
چرایا	churraya
چرب	charb
چربہ	chrb_h
چربی	charbi
چرتے	chrte
چرخ	ya
چرخاب	charkhab
چرخہ	charkha
چرخی	charkhi
چرمی	charmi
چرن	chrn
چرنداس	charandas
چرنے	charnay
چرواہوں	charwahon
چرواہے	charwahay
چرچ	charch
چرچا	charcha
چرچل	churchill
چرچوں	chrchon
چرچے	charchay
چرک	chark
چرکا	charka
چرکے	charkay
چری	chari
چرے	charay
چست	chust
چستان	chstan
چستی	chusti
چسپ	chasp
چسپاں	chaspan
چسپی	chaspi
چشت	chisht
چشتی	chishti
چشتیاں	chishtian
چشتیہ	chishtia
چشم	chasham
چشموں	chashmon
چشمہ	chashma
چشمۂ	chashma
چشمی	chashmi
چشمے	chashmay
چغتائی	chughtaee
چغلی	chughli
چقندر	chakandar
چل	chal
چلئے	chlye
چلا	chala
چلائی	chalaye
چلائیں	chalayein
چلائے	chalaye
چلاتا	chalata
چلاتی	chalati
چلاتے	chillate
چلادی	chladi
چلاس	chlas
چلاسکتی	chlaskti
چلانا	chalana
چلانے	chalanay
چلاگیا	chlagya
چلاہے	chlahe
چلایا	chalaya
چلتا	chalta
چلتن	chltn
چلتی	chalti
چلتے	chaltay
چلم	chlm
چلمن	chilman
چلمچی	chalamchi
چلن	chalan
چلنا	chalna
چلنی	chalni
چلنے	chalne
چلو	chalo
چلوں	chaloon
چلچلاتی	chilchelati
چلڈرن	children
چلہ	chilla
چلی	chali
چلیں	chalein
چلیے	chaliye
چلے	chalay
چم	cham
چمتر	chmtr
چمتکار	chamathkar
چمن	chaman
چمنیوں	chmnyon
چمٹی	chimti
چمپئن	tareen
چمپئنز	chmpynz
چمپئی	champai
چمپئین	chmpyin
چمپا	champa
چمپیئن	chmpiyn
چمپین	chmpin
چمچ	chamach
چمچہ	chamcha
چمچے	chamchay
چمڑا	chamra
چمڑہ	chamrha
چمڑے	chamray
چمک	chamak
چمکا	chamka
چمکانے	chamkanay
چمکایا	chamkaya
چمکتا	chamakta
چمکتے	chamakate
چمکدار	chamakdar
چمکنا	chamakna
چمکنی	chmkni
چمکنے	chamaknay
چمکی	chamki
چمکیلا	chamkeela
چمکیلی	chamkeeli
چمکیلے	chamkile
چمکیں	chmkin
چمگادڑ	chimgaadar
چمگادڑوں	chamghadron
چن	chunn
چنئی	chnyi
چنا	chuna
چناؤ	chnao
چنائی	chennai
چنائے	chnaye
چناب	chanab
چنار	chanar
چنانچہ	chunancha
چناچہ	chunacha
چناں	chana
چنبل	chanbal
چنتے	chunte
چند	chand
چندا	chanda
چنداں	chandan
چندر	chandar
چندرا	chandra
چندرامی	chndrami
چندرن	chndrn
چندرو	chndro
چندریگر	chndrigr
چندہ	chandah
چندی	chandi
چننا	chunna
چننے	chunnay
چنو	chuno
چنوا	chunva
چنوک	chnok
چنوں	chnon
چنچل	chanchal
چنڈ	chnd
چنگ	chung
چنگا	changa
چنگاریاں	chingariya
چنگل	chungal
چنگی	changi
چنگیر	changheir
چنگیز	changaz
چنگیزی	chngizi
چنی	chuni
چنیسر	chnisr
چنیوٹ	chnyot
چنیوٹی	javed
چنیں	chunain
چنے	chuney
چو	cho
چوآسیدن	choaasidn
چوا	chwa
چوالیس	chawalees
چوالیسویں	chwalisoyn
چوبارہ	chobarh
چوبارے	chawbare
چوبی	chobi
چوبیس	chobees
چوبیسویں	chobisoyn
چوتڑ	chootar
چوتڑوں	chuttaron
چوتھ	choth
چوتھا	choutha
چوتھائی	chothai
چوتھی	chothi
چوتھے	chouthay
چوتی	chooti
چودویں	chowdvien
چودھری	choudhri
چودھریوں	chodhryon
چودھواں	chodhawan
چودھویں	chodween
چودہ	chodan
چودہواں	chodhawan
چودہویں	chodhween
چور	chor
چوراسی	chourasi
چورانوے	choranway
چوراہا	choraha
چوراہے	chaurahe
چورنگی	chowrangi
چوروں	choron
چورہ	choora
چوری	chori
چوریاں	choryan
چوزہ	chooza
چوس	choos
چوست	choost
چوستے	choostay
چوسنے	choosnay
چوسے	choosay
چول	chol
چولا	chola
چولستان	cholstan
چولھا	chulha
چولھے	choolhay
چولہ	choola
چولہا	cholha
چولہے	cholhe
چوم	choom
چومتا	choomta
چومتے	choomtay
چومسکی	chomski
چومنا	choomna
چومیں	chumen
چومے	chume
چون	chon
چونا	choona
چونتیس	chontis
چونتیسویں	chonteeswi
چوند	chond
چونسٹھ	chonsath
چونچ	chonch
چونڈہ	chond_h
چونک	choank
چونکا	chonka
چونکانے	chonkanay
چونکہ	chunkay
چونگ	chong
چونی	choni
چونیاں	chonyan
چونے	choonay
چووا	chuvaa
چوٹ	chout
چوٹوں	choton
چوٹی	chouti
چوٹیاں	chotiyan
چوٹیوں	chotyon
چوٹیں	chouten
چوپائے	chopaye
چوپال	chopaal
چوپالوں	chopalon
چوپالیں	chopalin
چوپایوں	chopaiyon
چوپایہ	chopaya
چوپٹ	chopat
چوپڑا	chopra
چوپڑہ	chopra
چوڑا	chaura
چوڑائی	choraai
چوڑی	chorrie
چوڑیاں	churiyaan
چوڑیوں	choorion
چوڑے	choray
چوک	chowk
چوکا	chouka
چوکتے	chokte
چوکور	chokor
چوکوں	chowkun
چوکڑی	chokdi
چوکھٹ	chokhat
چوکی	chocky
چوکیاں	chokia
چوکیدار	chokidaar
چوکیداری	chokidari
چوکیوں	chokion
چوگان	chogaan
چوگنی	chogni
چوں	choo
چوھدری	chohdri
چوہا	chooha
چوہان	chuhan
چوہانوں	chohanon
چوہتر	chohtr
چوہدری	chohadry
چوہوں	choohon
چوہی	chohi
چوہیا	chohiya
چوہے	choohay
چيئرمين	chairman
چيز	cheez
چيزوں	cheezon
چيف	cheif
چيلنج	challenge
چين	pak
چيچينيا	chichinya
چيک	check
چٹ	chit
چٹا	chitta
چٹائی	chitaai
چٹان	chattaan
چٹانوں	chatanoo
چٹانیں	chatanein
چٹاگانگ	chtagang
چٹخارہ	chtkharh
چٹخارے	chatkharay
چٹکی	chuttki
چٹھہ	chatta
چپ	chup
چپراسی	chaprasi
چپس	chips
چپقلش	chpqlsh
چپقلشوں	chpqlshon
چپلی	chpli
چپٹا	chipta
چپٹی	chapti
چپٹے	chiptay
چپڑاسی	chaprasi
چپڑی	chupri
چپک	chipak
چپکا	chipka
چپکانے	chipkanay
چپکے	chupkay
چپے	chipay
چچا	chacha
چچاؤں	chchaon
چچازاد	chchazad
چچنیا	chichniya
چچی	chachi
چچیرے	chchire
چڑ	chirr
چڑانے	chiranay
چڑچڑا	chirchira
چڑچڑے	chirchiray
چڑھ	charh
چڑھا	charha
چڑھاؤ	charhao
چڑھائی	charhai
چڑھائے	charhaye
چڑھاتی	charhati
چڑھاتے	charhatay
چڑھادیا	chrhhadya
چڑھانا	charhana
چڑھانے	charhanay
چڑھاو	charhao
چڑھاوا	charhawa
چڑھایا	charhaya
چڑھتا	charhata
چڑھتی	chadhti
چڑھتے	charhtay
چڑھنا	charhna
چڑھنے	charhne
چڑھی	charhi
چڑھیں	is
چڑھے	charrhey
چڑہائی	charhai
چڑی	chiri
چڑیا	chirya
چڑیل	churail
چک	chak
چکا	chuka
چکاتھا	chkatha
چکاتے	chkate
چکانی	chkani
چکاہے	chkahe
چکتا	chkta
چکر	chakkar
چکروں	chakron
چکری	chkari
چکما	chakma
چکمہ	chakma
چکن	chicken
چکنا	chikna
چکنائی	chiknai
چکناہٹ	chiknahat
چکندر	chakundar
چکنی	chikni
چکنے	chikane
چکوال	chkwal
چکور	chakore
چکوری	chicory
چکھ	chakh
چکھا	chakkha
چکھائیں	chkhayin
چکھے	chakhay
چکی	chuki
چکیاں	chkyan
چکیوں	chkyon
چکیں	chakain
چکے	chuke
چگنے	chugnay
چھ	chay
چھا	chhaa
چھاؤنی	chaoni
چھاؤنیاں	chhaonyan
چھاؤنیوں	chhaonyon
چھاؤں	chaon
چھائوں	chhanv
چھائی	chhai
چھائیوں	chaiyon
چھائے	chaaye
چھابڑی	chhabrhi
چھات	chhat
چھاتہ	chhat_h
چھاتی	chhaati
چھاتیاں	chhatiyan
چھاتے	chhate
چھار	chhar
چھال	chhaal
چھالا	chaala
چھالوں	chhaalon
چھالیس	chhalis
چھان	chhaan
چھانتا	chantta
چھاننا	chhanna
چھاننے	chan
چھانٹ	chhant
چھانٹی	chanti
چھانگا	chhanga
چھانے	chaane
چھاونی	chhavni
چھاونیاں	chhavnyan
چھاونیوں	chhavnyon
چھاپ	chhap
چھاپا	chhapa
چھاپتا	chhapta
چھاپتے	chhaptay
چھاپنے	chapnay
چھاپہ	chhapa
چھاپی	chhapi
چھاپے	chaapay
چھاچھرو	chhachhro
چھاڑ	chhar
چھاگل	chhagal
چھاگلہ	chhaglh
چھایا	chaaya
چھب	chhb
چھبیس	chabis
چھبیسویں	chhbisoyn
چھبیلا	chebeela
چھت	chhat
چھتاری	chhtari
چھتر	chittar
چھتری	chhatri
چھتوں	chaton
چھتہ	chatah
چھتیس	chhatees
چھتے	chattay
چھجے	chajjay
چھدری	chhadri
چھر	chhir
چھرا	chhura
چھرہ	chehra
چھری	churee
چھریاں	churiyan
چھریوں	chhryon
چھرے	charray
چھلا	chhalla
چھلانگ	chhalang
چھلانگیں	chhlangin
چھلنے	chhlne
چھلک	chhalak
چھلکا	chilka
چھلکتی	chhlkti
چھلکی	chhalki
چھلکے	chilkay
چھلے	chalay
چھمب	chhmb
چھن	chhin
چھنا	chhana
چھنی	chaanni
چھو	chhoo
چھوئی	chui
چھوئے	chovay
چھوا	chuva
چھوائی	chhawai
چھوت	chhoot
چھوتا	choota
چھوتی	chothi
چھوتے	chutay
چھور	chhor
چھونا	chouna
چھونے	chone
چھوٹ	chhuut
چھوٹا	chhota
چھوٹانی	chhotani
چھوٹنے	chootnay
چھوٹو	chhoto
چھوٹوں	choton
چھوٹی	choti
چھوٹے	chhootey
چھوڑ	chore
چھوڑا	chorra
چھوڑتا	chhorta
چھوڑتی	chodthee
چھوڑتے	chortay
چھوڑدیا	chhorhdya
چھوڑدیتے	chhorhdite
چھوڑنا	chhorna
چھوڑنے	chorney
چھوڑو	chhorro
چھوڑوں	aap
چھوڑکر	chhorhkr
چھوڑی	choari
چھوڑیں	choden
چھوڑیے	chhorhie
چھوڑے	chhorey
چھوکری	chhokri
چھيڑے	chhede
چھٹ	chaatt
چھٹا	chhata
چھٹنے	chhutne
چھٹکارا	chhutkara
چھٹکارہ	chukara
چھٹکارے	chutkaray
چھٹی	chhutti
چھٹیاں	chuttiyan
چھٹیوں	chutiyo
چھٹے	chhatay
چھپ	choup
چھپا	chhupa
چھپائی	chhupayi
چھپائیں	chupayen
چھپائے	chupaye
چھپاتا	chupata
چھپاتے	chupatay
چھپالو	chhupalo
چھپانا	chhupana
چھپانے	chupaney
چھپایا	chupaya
چھپتا	chupta
چھپتی	chupati
چھپتے	chaptay
چھپرا	chupra
چھپن	chappan
چھپنا	chupna
چھپنے	chupnay
چھپوائے	chhpwaye
چھپکلی	chipkali
چھپی	chhupi
چھپیں	chhpin
چھپے	chupay
چھچھورا	chichora
چھڈ	chhd
چھڑ	chhar
چھڑا	churra
چھڑائی	chhrhayi
چھڑائے	chhudaye
چھڑانا	chhurana
چھڑانے	chhuranay
چھڑایا	choraya
چھڑنے	chhrhne
چھڑوانے	chhrhwane
چھڑپوں	chhrhpon
چھڑپیں	chhrhpin
چھڑک	chidak
چھڑکا	chhrhka
چھڑکاؤ	chirkao
چھڑکنے	chiraknay
چھڑکی	chhrhki
چھڑی	chhari
چھڑیاں	chharryan
چھک	chhak
چھکا	chakka
چھکوں	chakkon
چھکڑے	chakray
چھکے	chhakay
چھگن	chhgn
چھہ	chh_h
چھہتر	chhehatar
چھی	chhe
چھیاسٹھ	cheisat
چھیاسی	chhyasi
چھیالیس	chhyalis
چھیانوے	chheyanway
چھیدنے	chaidnay
چھیل	chheel
چھیلا	chela
چھیلنے	chheelnay
چھین	chean
چھینا	chinna
چھیننا	cheenna
چھیننے	hukmarani
چھینٹیں	chhentein
چھینٹے	cheenthay
چھینک	chheenk
چھینکنا	chhenknaa
چھینکیں	cheenkain
چھینی	cheani
چھیڑ	chairr
چھیڑا	cheda
چھیڑتے	chairtay
چھیڑنا	chhairna
چھیڑنے	chhairnay
چھیڑے	chhede
چھے	chay
چہ	chay
چہار	chihar
چہارم	chaharum
چہر	ch_hr
چہروں	cheharon
چہرہ	chehra
چہرۂ	chehra
چہرے	chehray
چہل	chehal
چہلم	chahlum
چہچہانا	chehchhana
چہک	chahek
چہیتا	chaheeta
چہیتے	chaheetey
چی	chi
چیئر	chair
چیئرمن	chiyrmn
چیئرمین	chairman
چیئرمیں	chiyrmin
چیئرٹی	chiyrti
چیئرپرسن	chair
چیت	cheet
چیتا	cheeta
چیتن	chitn
چیتوں	chiton
چیتے	cheetay
چیخ	cheekh
چیختے	chikhte
چیخوں	cheekhon
چیدہ	cheeda
چیر	cheer
چیرا	cheera
چیرمین	chaiman
چیرنے	cheernay
چیرہ	cheera
چیری	chhere
چیریٹی	chiriti
چیریٹیبل	chiritibl
چیز	cheez
چیزوں	cheezon
چیزکا	chizka
چیزیں	cheeze
چیس	chess
چیستان	chistaan
چیف	cheif
چیفس	cheifs
چیل	chle
چیلنج	challenge
چیلنجر	chilnjr
چیلنجز	challenges
چیلنجوں	challengon
چیلوں	cheelon
چیلینج	chilinj
چیلے	chile
چیمبر	chember
چیمبرز	chimbrz
چیمپئن	champion
چیمپئنز	champions
چیمپئین	champion
چیمپیئن	champion
چیمپیئنز	chimpiynz
چیمپین	chimpin
چیمہ	cheema
چین	chain
چینئی	chinyi
چینائی	chinayi
چینج	banay
چینل	channel
چینلز	channels
چینلوں	channelon
چینی	cheeni
چینیوں	chinyon
چیونٹی	choonti
چیونٹیوں	chyontyon
چیونگ	chewing
چیٹ	cheat
چیٹر	cheater
چیٹنگ	chatiing
چیٹی	cheete
چیپ	cheap
چیپل	chipl
چیپلن	chaplin
چیپمین	chipmin
چیپٹر	chapters
چیچن	chichn
چیچنیا	cheechniya
چیچوکی	chichoki
چیچک	cheechak
چیچہ	cheecha
چیچی	chichi
چیڑ	cheer
چیک	check
چیکو	chicko
چیکوسلواکیہ	chikoslwakih
ڈ	d
ڈا	da
ڈاؤن	down
ڈاؤنلوڈ	daonlod
ڈاؤننگ	daonng
ڈائجسٹ	digest
ڈائر	dayr
ڈائرکٹر	dayrktr
ڈائری	diary
ڈائریوں	dayryon
ڈائریکٹ	direct
ڈائریکٹر	director
ڈائریکٹرز	dayriktrz
ڈائریکٹری	directory
ڈائریکٹو	dayrikto
ڈائریکٹوریٹ	dayriktorit
ڈائس	days
ڈائمنڈ	diamonds
ڈائنا	dayna
ڈائنامائٹ	daynamayt
ڈائنامکس	dynamics
ڈائی	die
ڈائیلاگ	dayilag
ڈاج	daj
ڈار	daar
ڈارلنگٹن	darlington
ڈارمہ	darmh
ڈارون	darone
ڈارک	dark
ڈال	daal
ڈالئے	dalye
ڈالا	dala
ڈالتا	dalta
ڈالتی	daalti
ڈالتے	daaltay
ڈالر	dollar
ڈالرز	dollars
ڈالروں	dalaron
ڈالفنز	dolphins
ڈالمیا	dalmya
ڈالنا	daalna
ڈالنے	daalnay
ڈالو	daalo
ڈالوں	daloon
ڈالی	daali
ڈالیوں	daaliyon
ڈالیں	dalain
ڈالیے	jis
ڈالے	daaley
ڈان	dawn
ڈانا	dana
ڈانس	dance
ڈانسر	dancer
ڈانسنگ	dancing
ڈانٹ	daant
ڈانٹتے	dantte
ڈانٹنا	dantna
ڈانڈے	dande
ڈانگ	daang
ڈاون	davn
ڈاٹ	dot
ڈاٹا	data
ڈاٹسن	datsn
ڈاڑھی	darhhi
ڈاک	daak
ڈاکخانہ	dakkhanh
ڈاکخانے	dakkhane
ڈاکو	daku
ڈاکوؤں	dakuon
ڈاکومنٹ	dakomnt
ڈاکومنٹری	dakomntri
ڈاکووں	dakuon
ڈاکيارڈ	dakyard
ڈاکٹ	dakt
ڈاکٹر	dr
ڈاکٹرائن	daktrayn
ڈاکٹرز	doctors
ڈاکٹروں	doctoron
ڈاکٹری	doctori
ڈاکٹریٹ	doctriat
ڈاکہ	daaka
ڈاکیومنٹری	dakyomntri
ڈاکیومینٹری	dakyomintri
ڈاکیہ	dakia
ڈاکے	dakay
ڈاگ	dog
ڈایزائن	dayzayn
ڈب	db
ڈبا	duba
ڈبل	double
ڈبلز	dblz
ڈبلن	dublin
ڈبلیو	w
ڈبلیوبش	dblyobsh
ڈبنگ	dbng
ڈبو	duubo
ڈبوئے	duboye
ڈبونا	dabona
ڈبوں	dabon
ڈبویا	dooboya
ڈبکی	dubki
ڈبہ	dubba
ڈبی	dabbi
ڈبے	dabbay
ڈر	dar
ڈرا	dara
ڈرائنگ	drawing
ڈرائی	peshawar
ڈرائیو	drive
ڈرائیور	driver
ڈرائیوروں	driveron
ڈرائیونگ	driving
ڈراتے	darate
ڈرافت	daraft
ڈرافٹ	daraft
ڈراما	drama
ڈرامائی	dramayi
ڈرامائیت	dramayit
ڈراموں	deramo
ڈرامہ	drama
ڈرامے	daramay
ڈرانا	darana
ڈرانے	darane
ڈراپ	drop
ڈرایا	daraya
ڈربن	drbn
ڈربی	drbi
ڈرتا	darta
ڈرتی	darti
ڈرتے	drtay
ڈرم	drum
ڈرنا	darna
ڈرنے	darny
ڈرو	daro
ڈرون	drone
ڈرٹی	dirty
ڈرپ	drip
ڈرگ	drug
ڈرہم	darham
ڈریسنگ	dressing
ڈریم	dream
ڈریمز	dreams
ڈرین	drain
ڈریو	dariyo
ڈریوڈ	dryod
ڈریک	drik
ڈریکولا	drikola
ڈریگن	drign
ڈریں	dareen
ڈرے	daray
ڈزنی	dzni
ڈس	duss
ڈستا	dsta
ڈستی	daasti
ڈسلڈورف	dsldorf
ڈسمنڈ	dsmnd
ڈسٹ	dst
ڈسٹرک	dstrk
ڈسٹرکٹ	district
ڈسٹری	dstri
ڈسٹنگوئشڈ	distinguished
ڈسپلن	discipline
ڈسپلے	display
ڈسپنسری	dispensary
ڈسچارج	discharge
ڈسک	disk
ڈسکرپشن	description
ڈسکشن	discussion
ڈسکو	dsko
ڈسکوری	discovery
ڈسکہ	dsk_h
ڈش	dish
ڈفرن	dfrn
ڈفرینس	differences
ڈفی	dafti
ڈلاس	dlas
ڈلن	dln
ڈلوا	dalwa
ڈلوانے	dalwanay
ڈلی	dali
ڈلیوری	delivery
ڈلے	dalay
ڈم	damm
ڈمپل	dimple
ڈمہ	dmh
ڈمی	dmi
ڈن	done
ڈنر	dinner
ڈنلپ	dnlp
ڈنمارک	denmark
ڈنٹھل	danthal
ڈنڈا	danda
ڈنڈوت	dandoat
ڈنڈوں	dndon
ڈنڈی	dandi
ڈنڈے	danday
ڈنک	dank
ڈنکا	danka
ڈنکن	dunkin
ڈنگر	dangar
ڈو	do
ڈوئچے	doyche
ڈوئی	doi
ڈوب	doob
ڈوبا	dooba
ڈوبتا	dobta
ڈوبتی	doobti
ڈوبتے	jurm
ڈوبنے	doobnay
ڈوبو	doobo
ڈوبی	mein
ڈوبے	doobe
ڈور	dor
ڈورا	dora
ڈورسٹ	dyon
ڈوری	dorie
ڈوز	dos
ڈوس	doves
ڈول	doll
ڈولا	dolaa
ڈولفن	dolphin
ڈولفنز	dolphins
ڈولی	doli
ڈوم	dom
ڈوما	doma
ڈومکی	domki
ڈومیلی	domili
ڈومین	domain
ڈومینین	dominin
ڈومینیک	dominik
ڈومینیکن	domanican
ڈون	don
ڈونا	dona
ڈونالڈ	donald
ڈونلڈ	donald
ڈونکی	donkey
ڈونگ	dong
ڈونگہ	dong_h
ڈونیلی	donili
ڈووال	dawal
ڈوور	dvor
ڈويژن	division
ڈوپنگ	doping
ڈوڈا	doda
ڈوڈل	doodle
ڈوڈہ	dod_h
ڈوکری	dokri
ڈوگ	dog
ڈوگر	dogar
ڈوگرا	dogra
ڈوگلس	dogls
ڈوگہ	dog_h
ڈویزن	doyzn
ڈویل	dwell
ڈویلپرز	doylprz
ڈویلپمنٹ	development
ڈوین	doyn
ڈویڑن	doyrhn
ڈویژن	division
ڈویژنل	divisional
ڈویژنوں	doysnon
ڈي	d
ڈيلی	daily
ڈيولپمنٹ	development
ڈٹ	datt
ڈٹی	dti
ڈٹیکٹر	dtiktr
ڈٹے	datay
ڈپارٹمنٹ	department
ڈپارٹمنٹل	dpartmntl
ڈپر	duper
ڈپریشن	depration
ڈپلوما	dploma
ڈپلومہ	diploma
ڈپلیکیٹ	dplikit
ڈپو	dipo
ڈپٹی	deputy
ڈچ	dutch
ڈک	duck
ڈکاریں	dakarain
ڈکس	ducks
ڈکسن	dickson
ڈکسی	dksi
ڈکشنری	dicitionary
ڈکلیریشن	deceleration
ڈکن	dkn
ڈکٹیٹر	dktitr
ڈکیت	dakait
ڈکیتی	daketi
ڈگر	dagar
ڈگری	degree
ڈگریاں	degreeian
ڈگریوں	walay
ڈگلس	dgls
ڈگمگا	dagmaga
ڈھ	dh
ڈھا	dhaa
ڈھائ	dhay
ڈھائی	dhai
ڈھائے	dhaye
ڈھارس	dhaaras
ڈھاكہ	dhak_h
ڈھال	dhaal
ڈھالا	dhala
ڈھالتے	dhalte
ڈھالنا	dhalna
ڈھالنے	dhaalne
ڈھالی	dhali
ڈھالے	dhaalay
ڈھانپ	dhaanp
ڈھانپا	dhanpa
ڈھانپنا	dhanpna
ڈھانپنے	dhanpnay
ڈھانپے	dhanpe
ڈھانچا	dhancha
ڈھانچوں	dhanchon
ڈھانچہ	dhancha
ڈھانچے	dhanchay
ڈھانک	dhaank
ڈھانے	dhanay
ڈھاڈر	dhadr
ڈھاک	dhak
ڈھاکا	dhaka
ڈھاکہ	dhaka
ڈھب	dhab
ڈھر	dhr
ڈھرکی	dhrki
ڈھرے	dhre
ڈھل	dhal
ڈھلا	dhala
ڈھلان	dhalaan
ڈھلانوں	dhlanon
ڈھلانیں	dhlanin
ڈھلتی	dhalti
ڈھلنے	dhalnay
ڈھلوان	dhalwan
ڈھلوانوں	dhlwanon
ڈھلوانی	dhlwani
ڈھلواں	dhalwan
ڈھلی	dhali
ڈھلے	dhaly
ڈھنڈورا	dhandhora
ڈھنگ	dhang
ڈھنگی	dhangi
ڈھنگے	dhanghay
ڈھور	dhore
ڈھورو	dhoro
ڈھول	dhol
ڈھولک	dholak
ڈھونڈ	dhoond
ڈھونڈا	dhoonda
ڈھونڈتا	dhoondata
ڈھونڈتے	dhoondtay
ڈھونڈنا	dhondhna
ڈھونڈنے	dhoandne
ڈھونڈو	dhuundo
ڈھونڈی	dhoondli
ڈھونڈے	dhoonday
ڈھونگ	dhong
ڈھونے	dhoonay
ڈھوڈیال	dhodyal
ڈھوک	dhoke
ڈھير	dhair
ڈھڈیال	dhdyal
ڈھڑکن	dhurkan
ڈھک	dhak
ڈھکا	dhakka
ڈھکن	dhakkan
ڈھکنے	dhaknay
ڈھکی	dhki
ڈھکے	dhake
ڈھیر	dhair
ڈھیروں	dheron
ڈھیری	dhiri
ڈھیل	dheel
ڈھیلا	dheela
ڈھیلی	dheeli
ڈھیلے	dheelay
ڈہرکی	d_hrki
ڈی	d
ڈیئر	dear
ڈیانا	diana
ڈیاگو	dyago
ڈیبٹ	dibt
ڈیبی	deebi
ڈیبیو	dibyo
ڈیتھ	death
ڈیجی	deji
ڈیجیٹل	digital
ڈیر	dir
ڈیرا	dera
ڈیرل	dirl
ڈیرو	dero
ڈیروں	diron
ڈیرھ	dirh
ڈیرہ	deera
ڈیری	diri
ڈیرے	daairay
ڈیز	days
ڈیزائن	design
ڈیزائنر	designer
ڈیزائنرز	dizaynrz
ڈیزائننگ	designing
ڈیزل	diesel
ڈیزی	daisy
ڈیس	dis
ڈیسائی	disayi
ڈیسمنڈ	dismnd
ڈیسپشن	deception
ڈیسک	disk
ڈیش	dish
ڈیف	diff
ڈیفالٹ	difalt
ڈیفنس	defence
ڈیفینیشن	defination
ڈیل	deal
ڈیلاس	dilas
ڈیلاویئر	dilaviyr
ڈیلر	dealer
ڈیلروں	dilron
ڈیلفٹ	dilft
ڈیلٹا	delta
ڈیلٹائی	diltayi
ڈیلی	daily
ڈیم	dem
ڈیمانڈ	demand
ڈیمز	dimz
ڈیمنگ	daming
ڈیمو	demo
ڈیموکریسی	dimokrisi
ڈیموکریٹ	democarate
ڈیموکریٹس	democrates
ڈیموکریٹک	democratic
ڈیموں	dimon
ڈین	dean
ڈینئیل	dinyil
ڈینارڈ	dinard
ڈینس	dins
ڈینسٹی	density
ڈینش	dinish
ڈینور	dinor
ڈینٹ	dint
ڈینٹل	dental
ڈینگا	dingha
ڈینگو	dingo
ڈینگیں	dingin
ڈینی	daini
ڈینیئل	daniel
ڈینیس	denise
ڈینیل	dinil
ڈیو	dew
ڈیوائس	device
ڈیوائسز	devices
ڈیوائن	diwayn
ڈیوائڈنگ	dividing
ڈیورنڈ	dyornd
ڈیورینڈ	dyorind
ڈیوس	dews
ڈیول	devil
ڈیولپمنٹ	development
ڈیون	dyon
ڈیونپورٹ	dyonport
ڈیوٹ	devotee
ڈیوٹی	duty
ڈیوڈ	david
ڈیوڈسن	davidson
ڈیوڑھی	deorhi
ڈیوک	diyook
ڈیوی	dyoy
ڈیویسن	dyoysn
ڈیویلپمنٹ	dyoylpmnt
ڈیٹ	date
ڈیٹا	data
ڈیٹابیس	database
ڈیٹس	dates
ڈیٹن	ditn
ڈیٹنگ	dating
ڈیٹیچ	detach
ڈیپ	dip
ڈیپارجا	diparja
ڈیپارٹمنٹ	department
ڈیپارچر	diparchr
ڈیپریشن	deeprasion
ڈیپلو	diplo
ڈیڈ	dad
ڈیڈلی	deadly
ڈیڈی	daddy
ڈیڑھ	daidh
ڈیک	dik
ڈیکا	dika
ڈیکارٹ	dikart
ڈیکسٹر	dikstr
ڈیکلریشن	diklrishn
ڈیکلیئر	dikliyr
ڈیگال	charles
ڈیگو	digo
ڈے	day
ڑا	rha
ڑنے	rhne
ڑھ	rhh
ڑے	rday
ژالہ	saalah
ژانگ	sang
ژاک	saak
ژاں	saan
ژرف	zerf
ژن	sn
ژند	zind
ژندہ	zhanda
ژو	so
ژوب	sob
ژولیدہ	zoleedah
ژوپ	sop
ژیان	zayan
ک	kaaf
کئ	kayi
کئي	kayi
کئی	kayi
کئیر	kyir
کئے	kiye
کا	ka
کاؤ	cow
کاؤس	kaws
کاؤنسل	kaonsl
کاؤنٹ	kaont
کاؤنٹی	county
کاؤنٹیوں	kaontyon
کائرہ	kairah
کائلی	kayli
کائنات	kaayenaat
کائناتی	kainati
کائی	kai
کائینات	kar
کاا	kaa
کااجلاس	chunancha
کااحترام	kaahtram
کااختیار	kaakhtyar
کااس	kaas
کااصل	kaasl
کااظہار	ka
کااعادہ	kaaaad_h
کااعلان	kaaalan
کاافتتاح	kaafttah
کاامتحان	kaamthan
کاانتظام	kaantzam
کااہم	kaahm
کاایک	kaayk
کابطور	kabtor
کابل	kabul
کابلی	kabli
کابنیادی	kabnyadi
کابڑا	kabrha
کابیس	kabees
کابینہ	kabeena
کابینی	kabini
کاتا	kata
کاتب	katib
کاتنے	oon
کاتھا	katha
کاتھے	kathe
کاثبوت	aur
کاج	kaaj
کاجائزہ	kajayzh
کاجل	kajal
کاجو	kajoo
کاجول	kajol
کاحامل	kahaml
کاحلقہ	kahlqh
کاحکم	kahkm
کاخ	kakh
کاخوف	kakhof
کاخیال	kakhyal
کاد	kaad
کادرجہ	kadrj_h
کادرد	kadrd
کادروازہ	kadrwazh
کادی	kaadi
کاذب	kaazib
کار	car
کارآمد	kaar
کارا	kaara
کارائی	karayi
کاراستہ	karast_h
کاران	karan
کارانہ	karana
کارانی	kaarani
کارباری	karbari
کاربن	carbon
کاربند	karbnd
کاربونیٹ	carbonate
کاربوہائیڈریٹ	corbohydrate
کاربوہائیڈریٹس	carbohydrates
کارتوس	kartoos
کارتک	kartk
کارتیک	kartik
کارخانوں	kaarkhanon
کارخانہ	karkhana
کارخانے	karkhanay
کاردار	kardar
کارروائی	karwai
کارروائیاں	karwaiya
کارروائیوں	karwaiyon
کارز	cars
کارزار	kaarzar
کارساز	karsaaz
کارفرما	karfrma
کارفرمائی	karfrmayi
کارل	carl
کارلسن	karlsn
کارلو	karlo
کارلوس	carlos
کارلٹن	carlton
کارلی	karli
کارمل	karml
کارمیلا	karmila
کارن	corn
کارناموں	karnamon
کارنامہ	karnaama
کارنامے	karname
کارندہ	karinda
کارندے	karnde
کارنر	karnr
کارنس	karnas
کارنو	karno
کارنی	karni
کارنیلس	cornelius
کارنیگی	karnigi
کارو	karo
کاروائ	karway
کاروائی	karwai
کاروائیاں	karwaiyan
کاروائیوں	karwayyon
کارواج	karwaj
کاروان	kaarvaan
کارواں	karwan
کاروبار	kaarobar
کاروباروں	karobaron
کاروباری	karobari
کاروکاری	karokari
کاروں	karon
کارٹ	cart
کارٹا	karta
کارٹر	carter
کارٹون	cartoon
کارٹونسٹ	cartoonist
کارٹونوں	kartonon
کارپوریشن	karporasion
کارپوریٹ	corporate
کارڈ	card
کارڈز	cards
کارڈف	kardf
کارڈینلز	kardinlz
کارک	kaark
کارکردگی	karkardagi
کارکن	karkun
کارکنان	karkunaan
کارکنوں	kaarkunon
کارگاہ	kaargah
کارگر	kargar
کارگردگی	kargardgi
کارگزاری	karguzaari
کارگل	kargil
کارگو	kargo
کارہ	karah
کارہائے	karhaye
کاری	kaari
کاریاں	karrian
کاریز	kariz
کاریوں	kariyon
کاریگر	karigar
کاریگروں	karigron
کاریگری	karigari
کاریں	karen
کازان	kazan
کاس	kaas
کاسائی	kasayi
کاسابلانکا	kasablanka
کاساتھ	kasath
کاسب	kasb
کاسبب	kasbb
کاست	kaast
کاسترو	kastro
کاسر	kasr
کاسفر	kasfr
کاسل	kaasil
کاسودا	kasoda
کاسٹ	cast
کاسٹر	caster
کاسٹنگ	casting
کاسٹک	caustic
کاسہ	kaasa
کاسی	kaasi
کاش	kash
کاشان	kashan
کاشانہ	kashanh
کاشت	kaasht
کاشتکار	kashtkaar
کاشتکاروں	kashtkaron
کاشتکاری	kashtkari
کاشغر	kashghr
کاشف	kashif
کاشمیری	kashmiri
کاشکار	kashkar
کاشکاری	kashkari
کاصحیح	kashih
کاصرف	kasrf
کاضامن	kazamn
کاظم	kazm
کاظمی	kazmi
کاظمین	kazmin
کاظمیہ	kazmih
کاظہور	kazhor
کاعالمی	kaaalmi
کاعلم	ka
کاعمل	kaaml
کاغان	kaghan
کاغذ	kaghaz
کاغذات	kaghzat
کاغذوں	kaaghzon
کاغذی	kaghazi
کاف	kaaf
کافر	kafir
کافرستان	kafiristan
کافرو	kafroo
کافروں	kafiroon
کافقدان	kafqdan
کافور	kafoor
کافکا	kafka
کافی	kaafi
کافیاں	kafyan
کافیصلہ	kafislh
کافیوں	kafyon
کاقیام	kaqyam
کال	cal
کالا	kala
کالاباغ	kalabagh
کالام	kalaam
کالج	college
کالجز	kaljz
کالجوں	collegeon
کالر	caller
کالرا	cholera
کالس	calls
کالعدم	kaladam
کالق	qaliq
کالم	colum
کالمز	kalmz
کالمسٹ	kalmst
کالموں	kalmon
کالو	kalo
کالون	kalon
کالونی	colony
کالونیاں	kalonyan
کالونیوں	kalonyon
کالوں	kalon
کالی	kaali
کالیا	kaliya
کالے	kalay
کام	kaam
کاما	camaa
کامبی	kambi
کامران	kamraan
کامرانی	kaamrani
کامرس	commerce
کامریڈ	comrade
کامطالبہ	kamtalb_h
کامطلب	kamtlb
کامقابلہ	kamqablh
کامقصد	kamqsd
کامل	kaamil
کاملہ	kamila
کاملۃ	ashra
کاملیت	kamliat
کامن	common
کامنز	kamnz
کامونکی	kamoke
کاموں	kamon
کامياب	kamyaab
کاميابی	kamyabi
کامپلیکس	kampliks
کامپٹن	kamptn
کامک	kamk
کامکس	kamks
کامی	kaami
کامیاب	kamyaab
کامیابی	kamyabi
کامیابیاں	kamiyabiyan
کامیابیوں	kamyabion
کامیو	kamyo
کامیڈی	comedy
کامیڈین	comedian
کامےابی	kamay
کان	kaan
کانا	kaana
کانام	kanam
کانت	kaant
کانجی	kanji
کاندھوں	kandhon
کاندی	kaande
کانر	kanr
کانسرٹ	kansrt
کانسٹبلری	kanstblri
کانسٹنٹ	kanstnt
کانسٹیبل	constable
کانسی	kansi
کانفرس	kanfrs
کانفرنس	conference
کانفرنسز	kanfrnsz
کانفرنسوں	kanfrnson
کانفرنسیں	kanfrnsin
کانو	kano
کانونٹ	kanont
کانوں	kaanon
کانٹ	kant
کانٹا	kaanta
کانٹریکٹ	kantrikt
کانٹوں	kaanton
کانٹی	kanti
کانٹیننٹل	kantinntl
کانٹیکٹ	contact
کانٹے	kantay
کانپ	kanp
کانپنے	kanpnay
کانپور	kanpor
کانپے	kaanpay
کانچ	kanch
کانچی	kanchi
کانک	kanc
کانکنی	kankni
کانگ	kang
کانگرس	kangrs
کانگرسی	kangrsi
کانگریس	congress
کانگریسی	kangrisi
کانگو	kango
کانگڑہ	kangrh_h
کانی	cani
کانیں	kanin
کانے	kanay
کاو	kav
کاوائی	kawayi
کاوش	kawish
کاوشوں	kawishon
کاوشیں	kavshin
کاونٹ	count
کاونٹر	kavntr
کاونٹی	mein
کاٹ	kaat
کاٹا	kaata
کاٹتا	kaatta
کاٹتی	kaat-ti
کاٹتے	kaatetay
کاٹن	cotton
کاٹنا	kaatna
کاٹنی	kaatni
کاٹنے	kaatnay
کاٹھ	kaath
کاٹھی	kaathi
کاٹھیاواڑ	kathyawarh
کاٹی	kaati
کاٹے	katay
کاپتہ	kapt_h
کاپٹر	copter
کاپٹروں	coptron
کاپی	copy
کاپیاں	copian
کاپیوں	kapyon
کاڈ	kaad
کاک	kak
کاکا	kaka
کاکاخیل	kakakhil
کاکردگی	kakrdgi
کاکس	kaks
کاکل	kakul
کاکو	kako
کاکول	kakol
کاکڑ	kakrh
کاکی	kaki
کاکیشیا	kakisha
کاگل	kaghul
کاہ	kah
کاہان	kahan
کاہل	kaahil
کاہلوں	kahilon
کاہلی	kahili
کاہنوں	kahnoon
کاہنہ	kahina
کاہی	kaahi
کاہے	kaahe
کایا	kayaa
کب	kab
کباب	kabaab
کبر	kibar
کبرا	kbra
کبری	qubra
کبریائی	kibriai
کبل	qabal
کبوتر	kabootarr
کبوتروں	kabutaro
کبوتری	kabutri
کبڈی	kubadi
کبھار	kabhar
کبھي	kabhi
کبھی	kabhi
کبہی	kb_hi
کبیر	kabeer
کبیرا	kabera
کبیرہ	kbirh
کت	kt
کتا	kutta
کتاب	kitaab
کتاباں	kitaba
کتابت	katabat
کتابوں	kitabon
کتابچوں	ktabchon
کتابچہ	kitabcha
کتابچے	ktabche
کتابی	kitabi
کتابین	ktabin
کتابیں	kitaaben
کتابے	kitaabey
کتان	kataan
کتب	kutub
کتبوں	katbon
کتبہ	kutba
کتبے	kunbay
کترا	katra
کتراتا	katrata
کتراتے	qatrate
کترن	katran
کترنے	katarnay
کتروں	ktron
کترينہ	katrina
کترے	ktre
کتنا	kitna
کتنوں	ktnon
کتنی	kitni
کتنے	kitney
کتوبر	ktobr
کتوں	kutton
کتھئی	kathai
کتھا	kitha
کتھولک	ktholk
کتھک	kthk
کتی	kti
کتیانہ	ktyanh
کتے	kuttay
کثافت	kasafat
کثافتوں	ksafton
کثر	ksr
کثرت	kasrat
کثير	kaseer
کثیر	kaseer
کثیرالاشاعت	ksiralashaat
کثیف	kaseef
کج	kaj
کجا	kaja
کد	kid
کدارے	kdare
کدال	kudal
کدل	kdl
کدو	kaddu
کدھر	kidhar
کدہ	kida
کدۂ	kida
کدی	kudi
کدے	kadde
کذاب	kazzab
کذب	kazb
کر	kar
کرئہ	kryh
کرئیر	kryir
کرئے	krye
کرا	kara
کراؤ	karao
کراؤن	crown
کرائسس	crises
کرائسٹ	krayst
کرائم	crime
کرائی	karai
کرائیں	karayen
کرائے	karaye
کرابی	karabi
کراتا	karata
کراتی	karati
کراتے	karate
کرادا	krada
کرادر	kradr
کرادی	karade
کرادیا	diya
کرادیں	karaden
کرار	krar
کراری	krari
کراس	cross
کراسنگ	crossing
کرافورڈ	kraford
کرافٹ	craft
کرافٹنگ	kraftng
کرالی	krali
کرالیا	kralya
کرام	karaam
کرامات	karamaat
کرامت	karamat
کرامتیں	karamatain
کرامویل	kramoyl
کران	kran
کرانا	karana
کرانہ	karanna
کرانی	karanii
کرانیکل	kranikl
کرانے	karanay
کراٹے	krate
کراچي	karachi
کراچی	karachi
کراکر	krakr
کراکے	karake
کراہت	mein
کرایا	karaya
کرایوں	kirayon
کرایہ	kiraya
کرایے	karaye
کرب	karb
کربلا	karbalaa
کرت	krt
کرتا	karta
کرتار	krtar
کرتب	kartab
کرتوت	kartoot
کرتہ	kurta
کرتی	karti
کرتیں	kartin
کرتے	karte
کرتےتھے	karte
کرج	krj
کرجائے	krjaye
کرد	kard
کردئیے	kar
کردئے	kardiye
کردا	kadra
کردار	kirdaar
کردارادا	krdarada
کرداروں	krdaron
کردارکو	krdarko
کرداری	kirdari
کردستان	kurdistan
کردو	kardo
کردوں	kardoon
کرديا	mein
کرديتا	kardaita
کرديے	kardiye
کردکھائیں	krdkhayin
کردگی	kardagi
کردہ	kardah
کردی	kar
کردیئے	kardiye
کردیا	kardiya
کردیاتھا	krdyatha
کردیاجس	krdyajs
کردیتا	kardaita
کردیتی	kardeti
کردیتے	kardete
کردیجئے	krdijye
کردینا	kar
کردینی	kardeni
کردینے	kardainay
کردیں	kar
کردیے	kardiye
کردے	kardey
کررکھی	krrkhi
کررکھے	krrkhe
کررھا	krrha
کررہا	kar
کررہی	kar
کررہے	kar
کررے	krre
کرزئی	karzai
کرزن	krzn
کرس	curse
کرسئ	krsy
کرسر	kar
کرسمس	christmas
کرسٹ	crust
کرسٹا	krsta
کرسٹل	crystal
کرسٹن	kirsten
کرسٹوف	krstof
کرسٹوفر	karstofer
کرسٹی	krsti
کرسٹین	krstin
کرسٹینا	krstina
کرسپ	krsp
کرسچن	christian
کرسچین	krschin
کرسکا	krska
کرسکتا	karsaktha
کرسکتاتھا	krsktatha
کرسکتاہے	krsktahe
کرسکتی	kar
کرسکتیں	nahi
کرسکتے	kar
کرسکو	krsko
کرسکوں	karsakeoon
کرسکی	kar
کرسکیں	kar
کرسکے	kar
کرسی	kursi
کرسیاں	kursiya
کرسیوں	kursion
کرشماتی	karishmati
کرشمہ	karishma
کرشمے	karishmay
کرشن	krishan
کرشنا	karishna
کرشنن	krshnn
کرعوامی	krawami
کرغزستان	krghzstan
کرغستان	krghstan
کرغیز	krghiz
کرغیزستان	krghizstan
کرفیو	curfew
کرلئے	karliye
کرلا	krla
کرلاتی	kurlatii
کرلو	karlo
کرلوں	karloon
کرليا	karliya
کرليتا	karleta
کرليتی	krliti
کرلی	karli
کرلیا	karliya
کرلیتا	karleta
کرلیتی	krliti
کرلیتے	kar
کرلیجئے	krlijye
کرلینا	karlena
کرلیں	karlen
کرلیے	karliye
کرلے	karle
کرم	karam
کرما	karma
کرمان	karmaan
کرمنل	krmnl
کرموں	krmon
کرن	kiran
کرنا	karna
کرنال	krnal
کرناٹک	krnatk
کرنسی	currency
کرنسیوں	krnsyon
کرنل	colonel
کرنور	kurnoor
کرنوں	kirnoon
کرنٹ	current
کرنڈی	karandi
کرنی	karni
کرنیں	kiranen
کرنے	karne
کرنےکی	karne
کرو	karo
کروا	karwa
کروائی	karwai
کروائیں	karwaen
کروائے	kurwaye
کرواتا	krwata
کرواتی	karwati
کرواتے	kerwatay
کروادی	krwadi
کروادیا	krwadya
کروادیں	krwadin
کرواسکتے	krwaskte
کروالیا	krwalya
کروانا	karwana
کروانی	karwany
کروانے	karwnay
کروايا	karwaya
کروایا	karwaya
کرور	karor
کروز	cruise
کروس	curves
کروشیا	corshia
کروشیائی	kroshyayi
کروفٹ	croft
کرولی	karoli
کروموزوم	kromozom
کرون	cron
کرونا	karona
کروٹ	karvat
کروٹیں	karvatein
کروڑ	crore
کروڑوں	karorron
کروکر	krokr
کروکڈ	croocked
کروگے	karogay
کروں	karoon
کروی	curvy
کريم	kareem
کريں	karen
کرٹ	krt
کرپائیں	krpayin
کرپاتا	krpata
کرپشن	corruption
کرپوری	krpori
کرپٹ	corrupt
کرچ	karch
کرچلے	krchle
کرچکا	krchka
کرچکی	krchki
کرچکے	kar
کرچی	kirche
کرچیاں	kirchiyaan
کرڈالتی	krdalti
کرک	kurk
کرکام	krkam
کرکر	krkr
کرکری	kurkuri
کرکلینڈ	krklind
کرکوک	krkok
کرکٹ	cricket
کرکٹر	cricketer
کرکٹرز	cricketers
کرکہ	krk_h
کرکہا	krk_ha
کرکے	karkay
کرکےعبوری	karkay
کرکےکھڑےھو	janib
کرگئے	kargaye
کرگھر	krghr
کرگیا	krgya
کرہ	kurrah
کرہا	karha
کرہے	krhe
کرۂ	kurrah
کری	kari
کریئر	kriyr
کریا	krya
کریانہ	karyana
کریب	crib
کریبل	curable
کرید	kuraid
کریز	craze
کریسنٹ	krisnt
کریسٹین	kristin
کریسی	krisi
کریش	crash
کریلا	karella
کریلہ	krila
کریلے	karelay
کریم	kareem
کریمانہ	kareemana
کریملن	krimln
کریمنل	krimnl
کریموف	krimof
کریمونا	kareemona
کریموں	krimon
کریمہ	kreema
کریمی	kareemi
کریمیا	karimia
کرین	kareen
کرینگے	karaingay
کرینہ	karina
کرینیں	krinin
کریو	crew
کریٹ	crate
کریٹس	krits
کریٹک	kritk
کریپٹ	creapt
کریڈٹ	cradet
کریک	crack
کریکر	krikr
کریگ	krig
کریگا	karega
کریگی	karegi
کریں	karen
کریہ	krih
کریہہ	kareeha
کرے	kere
کزن	cosuon
کس	kis
کسا	kasa
کسائی	kasaaee
کساد	kasaad
کسادبازاری	aur
کسان	kisaan
کسانوں	kisanon
کسب	ksb
کسبی	kasbi
کستان	kstan
کسر	kasar
کسرتی	kasrti
کسری	kasri
کسم	ksm
کسمپرسی	ksmprsi
کسنجر	ksnjr
کسو	kso
کسوٹی	kasoti
کسوں	kson
کسي	kisi
کسٹم	custom
کسٹمز	customs
کسک	kasak
کسی	kisi
کسینی	ksini
کسیے	ksie
کسے	kisay
کش	kash
کشا	kusha
کشائی	kushai
کشادہ	kushadah
کشاکش	kashakash
کشت	kasht
کشتوں	kshton
کشتياں	kashtiyan
کشتہ	kushta
کشتۂ	kushta
کشتی	kashti
کشتیاں	kashtiyan
کشتیوں	kashtiyon
کشش	kashish
کشف	kashaf
کشفی	kashfi
کشمالہ	kshmalh
کشمری	kshmri
کشمش	kishmish
کشمن	kshmn
کشمور	kashmore
کشمير	kashmir
کشمکش	kashmakash
کشمیر	kashmir
کشمیرا	kshmira
کشمیرکے	kshmirke
کشمیری	kasmiri
کشمیریاں	kshmiryan
کشمیریوں	kashmirion
کشن	kashan
کشور	kishwar
کشوں	kshon
کشکول	kashkaul
کشی	kashi
کشیاں	kshyan
کشید	kasheed
کشیدگی	kasheedgi
کشیدگیوں	kshidgyon
کشیدہ	kasheeda
کشیپ	kship
کعب	ka-ab
کعبہ	kaaba
کعبۃ	kaaba
کعبے	kaabay
کف	kaf
کفار	kufar
کفارہ	kaffara
کفالت	kifalat
کفایت	kifayat
کفایہ	kfayh
کفر	kufar
کفرانہ	kufrana
کفریہ	kufria
کفل	kfl
کفن	kafan
کفیل	kafeel
کل	kal
کلئیر	clear
کلا	kalla
کلاؤڈ	cloud
کلائمکس	klaymks
کلائنٹ	client
کلائی	kalayi
کلائین	klayin
کلائیو	klayyo
کلاب	kalaab
کلات	kalat
کلارا	klara
کلارک	klark
کلاز	klaz
کلاس	class
کلاسز	classes
کلاسس	classes
کلاسوں	classon
کلاسيکی	pakistani
کلاسک	classic
کلاسیک	klasik
کلاسیکل	classical
کلاسیکی	klasiki
کلاسیں	klasin
کلاشنکوف	workshop
کلام	kalaam
کلامی	kalami
کلاچی	klachi
کلاڈ	klad
کلاڈیا	kladya
کلاک	-clock
کلاں	klan
کلاہ	kullah
کلب	club
کلبوں	klbon
کلبی	kalbi
کلثوم	kulsoom
کلدانی	kuldani
کلر	colour
کلرز	colours
کلرک	clerk
کلس	kills
کلسٹر	cluster
کلغی	kalghi
کلف	kalaf
کلفٹن	clifton
کلمئہ	klmyh
کلمات	kalmaat
کلمتی	klmti
کلمہ	kalma
کلمۂ	kalma
کلمۃ	kalma
کلمے	kalme
کلن	kallan
کلنٹن	clinton
کلنگ	killing
کلو	klov
کلوئی	kloyi
کلوبائٹ	kilobyte
کلور	klor
کلوروفارم	chloroform
کلورین	chlorine
کلول	kalol
کلوميٹر	kilometer
کلومیٹر	kilometer
کلومیڑ	klomirh
کلونجی	kalvongi
کلوگرام	kilograme
کلوی	kloy
کليم	claim
کلپ	clip
کلپس	kee
کلپنا	kalpna
کلچر	culture
کلچرل	klchrl
کلک	click
کلکتہ	calcutta
کلکتے	klkte
کلکرنی	klkrni
کلکٹر	collector
کلہ	kulah
کلہاڑا	kulhara
کلہاڑی	kulhari
کلہاڑے	klharhe
کلہوڑا	klhorha
کلہوڑو	klhorho
کلی	kalie
کلیئر	clear
کلیات	kuliyat
کلیاتی	kuliyati
کلیان	kalyaan
کلیاں	kaliyan
کلیت	kaliyat
کلید	kuleed
کلیدی	kaleedi
کلیر	klir
کلیرنس	klirns
کلیری	kuleri
کلیسا	kaleesa
کلیساؤں	kaleesaon
کلیسائی	kalisai
کلیسائے	kalisaye
کلیسیا	klisya
کلیفورنیا	klifornya
کلیم	claim
کلیمنس	klimns
کلیمنٹ	klimnt
کلین	clean
کلینچ	clench
کلینڈر	calendar
کلینک	cilinic
کلینیکل	klinikl
کلیو	klyo
کلیور	clever
کلیولینڈ	klyolind
کلیوں	kaliyon
کلیٹن	klitn
کلیپ	klip
کلیکٹر	kliktr
کلیہ	kulia
کلے	klya
کم	kam
کما	kama
کماؤں	kamaon
کمائی	kamaai
کمائے	kamaye
کماتی	kmati
کماتے	kamate
کماحقہ	kama
کماد	kmad
کمار	kumar
کمارہے	kmarhe
کماری	kmari
کمال	kamaal
کمالات	kamalaat
کمالیہ	kmalih
کمان	kamaan
کمانا	kamaana
کماندار	kmandar
کمانڈ	command
کمانڈر	commander
کمانڈرز	commanders
کمانڈروں	fouji
کمانڈنٹ	kmandnt
کمانڈنگ	kmandng
کمانڈو	commando
کمانڈوز	behri
کمانے	kamanay
کماں	kaman
کمایا	kamaya
کمبائنڈ	combined
کمبخت	kambakht
کمبختی	kambakhti
کمبر	kimber
کمبل	kambal
کمبو	kmbo
کمبوڈیا	cambodia
کمبوڈیائی	kmbodyayi
کمبوہ	kmboh
کمتر	kamtar
کمتری	kamtarri
کمترین	kmtrin
کمر	kamar
کمرا	kamra
کمرشل	kmrshl
کمروں	kamron
کمرہ	kamrah
کمرے	kamray
کمزور	kamzor
کمزوری	kamzoree
کمزوریاں	kmzoryan
کمزوریوں	kamzoriyon
کمسن	kamsin
کمسنی	kumsinee
کمشن	kmshn
کمشنر	commissionaire
کمشنروں	kmshnron
کمشنری	commissioneri
کمشیر	kmshir
کمشیری	kmshiri
کمشین	kmshin
کمل	kamal
کملا	kamla
کملی	kmli
کمنٹ	comment
کمنٹری	commentary
کمنٹریٹر	kmntritr
کمنٹیٹر	commentator
کمنگ	cumming
کمنگز	kmngz
کموڈور	kmodor
کميل	kmil
کمپاؤنڈ	compound
کمپائر	compire
کمپائلر	compiler
کمپالا	kampala
کمپریسر	comparaser
کمپس	kympes
کمپلکس	kmplks
کمپلیکس	complex
کمپنی	company
کمپنیاں	companian
کمپنیز	companies
کمپنیوں	companiyon
کمپوز	compose
کمپوزنگ	kmpozng
کمپوزٹ	kmpozt
کمپوٹر	compooter
کمپین	kmpin
کمپینین	companion
کمپیوٹر	computer
کمپیوٹرائز	kmpyotrayz
کمپیوٹرائزڈ	computerizied
کمپیوٹرز	kmpyotrz
کمپیوٹروں	computeron
کمپیوٹنگ	computing
کمک	kumak
کمہار	kumhar
کمی	kami
کمیائی	kmyayi
کمیاب	kamyaab
کمیابی	kamyabi
کمیت	kamiat
کمیرے	kamairay
کمیز	kameej
کمیشن	commission
کمیشنوں	kmishnon
کمیشنڈ	kmishnd
کمیلا	kmila
کمین	kameen
کمینگی	kameengi
کمینے	kaminey
کمیونزم	kmyonzm
کمیونسٹ	kmyonst
کمیونسٹوں	kmyonston
کمیونٹی	community
کمیونٹیاں	kmyontyan
کمیونٹیز	kmyontiz
کمیونی	kmyoni
کمیونیٹی	community
کمیونیٹیز	communities
کمیونیکشن	commutation
کمیونیکیشن	communication
کمیونیکیشنز	kmyonikishnz
کمیوں	kamiyon
کمیٹی	committee
کمیٹیاں	kmityan
کمیٹیوں	cometion
کن	kin
کنار	kinar
کنارا	kinara
کناروں	kinaroon
کنارہ	kinara
کنارۂ	kinara
کناری	kanari
کنارے	kinare
کنال	kunaal
کنانہ	kananah
کناڈا	knada
کناں	kinaan
کنایوں	knayon
کنایہ	kanaya
کنایۃ	kanaya
کنبوں	hue
کنبہ	kunba
کنبے	knbe
کنتے	kinte
کنجری	kanjari
کنجوس	kanjoos
کنجی	kunji
کنجیاں	knjyan
کند	kund
کندن	kundan
کندوز	kunduz
کندگان	kndgan
کندھا	kandha
کندھوں	kaandhon
کندھے	kandhay
کندہ	kunda
کندی	kundi
کنری	knri
کنز	kanz
کنزرویشن	conservation
کنزرویٹو	knzroyto
کنزیومر	consumer
کنساس	knsas
کنسرٹ	concert
کنسرٹس	knsrts
کنسلٹنسی	knsltnsi
کنسلٹنگ	consulting
کنسورشیم	knsorshim
کنسٹرکشن	construction
کنعان	canaan
کنفرم	confirm
کنفیڈریشن	knfidrishn
کنم	knm
کنندوں	kanandon
کنندگان	knndgan
کنندہ	kanandah
کننڑ	knnrh
کنوئیں	kunwein
کنوار	kanwar
کنوارا	kanwara
کنواری	kanwari
کنواں	kunwan
کنور	kunwar
کنول	kanwal
کنونشن	convention
کنوں	knon
کنوینشن	knoynshn
کنویں	kunvey
کنيز	kaneez
کنٹرول	control
کنٹرولر	kntrolr
کنٹرولڈ	controlled
کنٹری	country
کنٹریز	countries-
کنٹریکٹ	contract
کنٹول	kntol
کنٹونمنٹ	kntonmnt
کنٹھ	kanth
کنٹینر	kntinr
کنڈ	kund
کنڈلی	kndli
کنڈکٹر	conductor
کنڈہ	kanda
کنڈیارو	kandiaro
کنڈیشنر	conditions
کنڈیکٹر	kndiktr
کنڑ	knrh
کنڑول	remote
کنک	knk
کنکر	kanker
کنکروں	knkron
کنکری	kankari
کنکریاں	kankariyan
کنکریٹ	concrete
کنکشن	conection
کنکٹ	pstn
کنکٹیکٹ	knktikt
کنگ	king
کنگال	kangaal
کنگز	kngz
کنگسٹن	kngstn
کنگن	kangon
کنگڈم	kngdm
کنگھی	kanghi
کنگی	kanghi
کنہار	knhar
کنہیا	kanhiya
کنی	kinny
کنیئرڈ	kniyrd
کنیا	knya
کنیت	kuniat
کنیریا	knirya
کنیز	kaneez
کنین	quinine
کنیڈا	knida
کنیکٹیکٹ	kniktikt
کنے	kane
کو	ko
کوآزاد	koaazad
کوآپریشن	koaaprishn
کوآپریٹو	koaaprito
کوآپریٹیو	koaaprityo
کوؤں	kawoon
کوئ	koy
کوئرالا	koyrala
کوئرالہ	koyralh
کوئز	quiz
کوئل	coil
کوئلہ	koyla
کوئلے	koylay
کوئن	koyn
کوئنز	koynz
کوئنزلینڈ	koynzlind
کوئنس	koyns
کوئي	koi
کوئٹہ	queta
کوئی	koi
کوئین	queen
کوئے	koye
کوا	kuaa
کوائف	kawaif
کوائل	coil
کوائن	coin
کوار	kiwaar
کوارٹر	quarter
کوارٹرز	quarters
کوارٹروں	kwartron
کواسلام	kwaslam
کواسلامی	kwaslami
کوالا	kwala
کوالالمپور	kwalalmpor
کوالٹی	quality
کوالیفائر	qualifier
کوالیفائنگ	qualifying
کوالیفائی	qualify
کوالیفائینگ	kwalifaying
کوالیفکیشنز	kwalifkishnz
کوالیکشن	kwalikshn
کوان	kwan
کوانٹم	kwantm
کوانگ	kwang
کوانہوں	kwanhon
کواٹر	kwatr
کواٹرز	kwatrz
کواپریٹو	kwaprito
کواپنا	kwapna
کواپنی	kwapni
کواڑوں	kuvarron
کواکب	kwakb
کواکثر	kwaksr
کوایوان	kwaywan
کوایک	kwayk
کوب	kob
کوبا	koba
کوبارہ	kobarh
کوبجلی	kobjli
کوبرا	kobra
کوبچانے	kobchane
کوبڑی	kobrhi
کوبی	kobi
کوبیان	kubian
کوبے	kobay
کوت	coot
کوتاہ	kotah
کوتاہی	kotahi
کوتاہیوں	kotahiyon
کوتل	kotl
کوتوال	kotwal
کوتوالی	kotwali
کوثر	kusar
کوجرمنی	kojrmni
کوجمیعت	kojmiat
کوحاصل	kohasl
کوحضرت	kohzrt
کوخود	kokhod
کود	kood
کودتا	kodta
کودتے	kodtay
کودنا	koodna
کودور	kodor
کودیکھ	kodikh
کور	cover
کورئیر	koryir
کورا	taraf
کورانہ	korana
کوربا	kurba
کورس	course
کورسز	korsz
کورل	bahera
کورنر	kornr
کورنرز	corners
کورنش	cornish
کورنوال	kornwal
کورنگ	cowering
کورنگی	korngi
کورو	koro
کورونا	corona
کوروکنے	korokne
کوروں	coveron
کورٹ	court
کورپس	korps
کورہ	korh
کوری	kori
کوریا	korea
کوریائی	koryayi
کوریج	courage
کوریجہ	korij_h
کورین	korean
کوریوگرافر	koryografr
کورے	kore
کوزان	kuzan
کوزندہ	koznd_h
کوزہ	koza
کوزیادہ	kozyad_h
کوس	kos
کوسا	kosa
کوسب	kosb
کوستے	kostay
کوسر	kosr
کوسزائے	koszaye
کوسنجیدگی	kosnjidgi
کوسوو	kosovo
کوسووو	kosvov
کوسوں	kosoon
کوسٹ	cost
کوسٹا	kosta
کوسٹل	kostl
کوسی	kosi
کوش	kosh
کوشاں	koshan
کوشش	koshish
کوششوں	koshisho
کوششیں	koshishen
کوشہید	kosh_hid
کوشی	koshi
کوشیشیں	koshishin
کوصرف	kosrf
کوعالمی	koaalmi
کوعمر	koamr
کوعملی	koamli
کوغیر	koghir
کوفائدہ	kofayd_h
کوفت	kofat
کوفروغ	kofrogh
کوفو	kufu
کوفوجی	kofoji
کوفوری	kofori
کوفہ	koofa
کوفی	kofi
کوفیوں	kofyon
کوفے	kofe
کوقتل	koqtl
کول	cool
کولا	cola
کولاچی	kolachi
کولاہور	kolahor
کولمبس	kolmbs
کولمبو	colombo
کولمبیا	columbia
کولن	colon
کولندن	kolndn
کولنز	kolanz
کولو	kolon
کولوراڈو	colorado
کولون	kolon
کولکتہ	calcutta
کولگام	kolgam
کولھوں	kolhon
کولھے	koolhay
کولہوں	kullho
کولہے	koolhay
کولی	cooly
کوم	com
کوما	coma
کومارنے	komarne
کومحسوس	ko
کومختلف	komkhtlf
کومطلوب	komtlob
کومعراجواسرا	kusar
کومل	komal
کوملا	komla
کومنتخب	komntkhb
کومنظم	komnzm
کومو	como
کوموت	komot
کومٹی	comte
کومک	comic
کومکس	comics
کومکمل	komkml
کومہ	komh
کومی	comme
کومیتھ	komith
کون	kon
کونا	kona
کونان	konan
کوناکام	konakam
کونج	konj
کوندا	konda
کونری	konri
کونس	cons
کونسا	konsa
کونسل	council
کونسلر	councillor
کونسلرز	konslrz
کونسلروں	konslron
کونسلز	konslz
کونسلوں	konslon
کونسلیں	konslin
کونسٹینٹ	konstint
کونسی	konsi
کونسیپشن	conception
کونسے	konse
کونن	konn
کونولی	konoli
کونونٹ	convent
کونوں	kono
کونوے	convey
کونٹرا	kontra
کونٹریکٹ	kontrikt
کونٹی	konti
کونٹینٹ	content
کونٹینینٹل	continantal
کونپل	konpal
کونچیٹا	konchita
کونڈم	kondm
کونڈی	koondi
کونکہ	konkay
کونہ	kona
کونین	konain
کونیکٹیکٹ	koniktikt
کونے	konay
کوٹ	coat
کوٹا	kota
کوٹری	kotri
کوٹلہ	kotlh
کوٹلی	kotli
کوٹلیہ	kotlih
کوٹھا	kotha
کوٹھاری	kothari
کوٹھڑی	kothrhi
کوٹھی	kothhe
کوٹھیوں	kothion
کوٹھے	kothey
کوٹہ	kota
کوٹی	kute
کوٹے	kote
کوپ	cop
کوپر	cooper
کوپرز	coopers
کوپریشن	copration
کوپن	coupon
کوپنجاب	kopnjab
کوپورے	kopore
کوپٹر	koptr
کوپیش	kopish
کوچ	coach
کوچز	kochz
کوچنگ	coaching
کوچوں	kochoon
کوچک	kochak
کوچہ	koocha
کوچۂ	koocha
کوچی	koochi
کوچین	kochin
کوچے	koochy
کوڈ	code
کوڈر	kodr
کوڈک	kodak
کوڈی	kadoe
کوڑ	kor
کوڑا	kora
کوڑوں	koron
کوڑھ	korh
کوڑھی	korhi
کوڑھیوں	korhioon
کوڑی	kori
کوڑیوں	korion
کوڑے	korray
کوژک	kosk
کوک	kook
کوکا	coca
کوکب	kokab
کوکر	cooker
کوکراچی	kokrachi
کوکس	koks
کوکم	kokm
کوکو	cocco
کوکوئی	kokoyi
کوکوا	cocoa
کوکون	kokon
کوکھ	kookh
کوکین	kokin
کوں	koo
کوہ	koh
کوہالہ	kohalh
کوہان	kohaan
کوہاٹ	kohat
کوہاں	kohan
کوہسار	kohsar
کوہستان	kohastan
کوہستانی	kohistani
کوہلاک	kohlak
کوہلو	kohlu
کوہلی	kohli
کوہن	kohn
کوہکن	kohkn
کوہی	kohi
کوی	kawi
کویاد	koyad
کویت	kuwait
کویتا	koyta
کویتی	koyti
کویقین	koyqin
کویل	kuel
کوین	koyn
کوینز	koynz
کویہ	koyh
کویہی	koyhi
کوے	kaway
کي	ki
کيا	kya
کيسے	kaisay
کيفیت	kefiyat
کيلئے	liye
کيلئےپاک	nptne
کيلو	kilo
کيليے	keliye
کينيڈا	canada
کينی	cine
کيونکہ	kyunkay
کيوٹو	kyoto
کيپٹن	captain
کيں	paish
کيے	kiye
کٹ	kat
کٹا	kata
کٹاؤ	katao
کٹائی	katai
کٹاس	ktas
کٹتی	katti
کٹر	kattar
کٹرز	ktrz
کٹنگ	cutting
کٹنے	katne
کٹوا	ktwa
کٹوائے	ktwaye
کٹوانا	katwana
کٹوانے	ktwane
کٹوتی	katoti
کٹورا	katora
کٹورہ	katorah
کٹوری	katori
کٹورے	ktore
کٹک	ktiq
کٹھ	kath
کٹھمنڈو	kathmandu
کٹھن	kathin
کٹی	kati
کٹیلے	kateelay
کٹے	katay
کپ	cupp
کپاس	kapaas
کپاڈیہ	kpadih
کپتان	captain
کپتانوں	kptanon
کپتانی	captani
کپل	couple
کپور	kapoor
کپولا	kpola
کپٹن	kptn
کپڑ	kprh
کپڑا	kapra
کپڑوں	kapron
کپڑے	kapray
کپیل	kpil
کچ	kutch
کچا	kacha
کچر	kchr
کچرے	kachray
کچل	kuchal
کچلا	kachla
کچلاک	kchlak
کچلنے	kuchalnay
کچلے	kuchlay
کچن	kitcehn
کچھ	kuch
کچھا	kichha
کچھوا	kachuwa
کچھوے	kachway
کچھہ	kchh_h
کچھی	kachchi
کچھے	kuchhe
کچہری	kachehri
کچی	kachi
کچیل	kuchail
کچے	kachay
کڈ	could
کڈز	kids
کڑ	kar
کڑا	kara
کڑوا	karva
کڑواہٹ	karhwahat
کڑور	krhor
کڑوڑ	crore
کڑوڑوں	croroun
کڑوی	karvi
کڑوے	karvae
کڑک	kadak
کڑی	kari
کڑیاں	kadiyaa
کڑے	karre
کک	qiq
ککس	kicks
ککے	terhan
کھ	kh
کھا	kha
کھاؤ	khao
کھاؤں	khaoun
کھائو	khao
کھائی	khayi
کھائیاں	khaiyan
کھائیوں	khaiyon
کھائیں	khayen
کھائے	khaye
کھاتا	khata
کھاتوں	khaton
کھاتہ	khatah
کھاتۂ	khatah
کھاتی	khati
کھاتیں	khatain
کھاتے	khatay
کھاجائے	khajaye
کھاد	khad
کھادوں	khadon
کھارا	khara
کھارادر	kharadar
کھارہے	kharhe
کھاری	khaari
کھارے	khare
کھال	khaal
کھالوں	khaalon
کھالیا	khalya
کھالیں	khalin
کھالے	khale
کھان	khaan
کھانا	khana
کھانسی	khansi
کھانوں	khaano
کھانی	khaani
کھانے	khanay
کھاو	khao
کھاٹ	khat
کھاڑی	khari
کھایا	khaya
کھبی	khbi
کھتا	kehta
کھتری	khtri
کھتیوں	khtyon
کھتے	khte
کھجاتے	khujate
کھجلی	khujli
کھجور	khajoor
کھجوروں	khajoron
کھجوریں	khjorin
کھدا	khadaa
کھدائی	khdayi
کھدر	khdr
کھدرا	khadra
کھدوائے	khudwaye
کھدی	khudi
کھر	khur
کھرب	kharab
کھربوں	khrbon
کھردرا	khurdara
کھردرے	khurdaray
کھرل	kharl
کھرلی	khurli
کھروں	kharon
کھرچنا	khurachna
کھرچنے	khurachnay
کھری	khari
کھرے	kharay
کھسوٹ	khasoot
کھسک	khisak
کھل	khil
کھلا	khula
کھلاؤ	khana
کھلائیں	khilain
کھلائے	khilaye
کھلاری	khlari
کھلانے	khilanay
کھلاڑی	khilari
کھلاڑیوں	khiladion
کھلایا	khilaya
کھلبلی	khalbali
کھلتا	khilta
کھلتی	khulti
کھلتے	khultay
کھلم	khullam
کھلنا	khilna
کھلنڈرا	khalandra
کھلنے	khilnay
کھلونا	khilona
کھلونوں	terhan
کھلونے	khilonay
کھلی	khuli
کھلیان	khalyaan
کھلینے	khline
کھلے	khulay
کھمبا	khamba
کھمبوں	khmbon
کھمبی	khumbi
کھمبے	khambay
کھنا	khanna
کھنچ	khnch
کھنچنے	khinchnay
کھنچوانے	khinchwanay
کھنچی	khnchi
کھنچے	khnche
کھنڈ	khand
کھنڈر	khandhar
کھنڈرات	khandarath
کھنڈو	khandu
کھنک	khanak
کھنگال	khangal
کھنہ	khnh
کھنے	kehnay
کھو	kho
کھوئی	khoyi
کھوئے	khoye
کھوتا	khota
کھوج	khoj
کھوجتا	khojta
کھوجتے	khoajtay
کھوجنا	khojna
کھوجی	khoji
کھود	khoud
کھودا	khooda
کھودنا	khodna
کھودنے	khodnay
کھودی	khode
کھودے	khode
کھوری	khori
کھوسو	khoso
کھوسٹ	khost
کھوسہ	khosa
کھول	khol
کھولا	khoola
کھولتی	kholti
کھولتے	kholtey
کھولنا	kholna
کھولنے	kholnay
کھولو	kholo
کھولی	kholi
کھولیں	kholeen
کھولے	khole
کھونا	khona
کھونے	khonay
کھوٹ	khout
کھوٹا	khota
کھوٹے	khote
کھوپرا	khopra
کھوپڑی	khopdi
کھوپڑیوں	khoprhyon
کھوچکا	khochka
کھوڑ	khore
کھوڑو	khorho
کھوکر	khokar
کھوکھر	khokhar
کھوکھرا	khokhra
کھوکھراپار	khokhrapar
کھوکھلا	khokhala
کھوکھلی	khokhli
کھوکھلے	khokhle
کھوہ	laal
کھوی	khoai
کھویا	khoya
کھيل	khail
کھٹائی	khatai
کھٹمل	khatmal
کھٹملوں	khatmalon
کھٹمنڈو	kathmandu
کھٹن	khatan
کھٹک	khatak
کھٹکتی	khtkti
کھٹکنے	khatakne
کھٹکھٹایا	khitkhitaya
کھٹی	khatti
کھٹے	khattay
کھپ	khp
کھپت	khpt
کھپے	khpe
کھچ	khch
کھچا	khicha
کھچاؤ	khichao
کھچڑی	khichdi
کھچی	khachi
کھڑا	khara
کھڑک	khadak
کھڑکياں	khirkiyan
کھڑکی	khirki
کھڑکیاں	daar
کھڑکیوں	khirkion
کھڑی	khari
کھڑے	kharray
کھی	khi
کھیت	khait
کھیتران	khitran
کھیتوں	khaiton
کھیتی	khaiti
کھیتیاں	khityan
کھیر	kheer
کھیل	khail
کھیلا	khela
کھیلتا	kheltaa
کھیلتی	khelti
کھیلتے	khailtay
کھیلنا	khelna
کھیلنی	khilni
کھیلنے	khailnay
کھیلو	khelo
کھیلوں	khelon
کھیلی	kheli
کھیلیں	khelain
کھیلے	khailay
کھیم	khim
کھینچ	khech
کھینچا	khincha
کھینچتا	khinchtaa
کھینچتی	khainchti
کھینچتے	khinchte
کھینچنے	khenchnay
کھینچی	khenchi
کھینچے	kheinchain
کھیوہ	khyoh
کھیپ	khip
کھیچنا	khechna
کہ	ke
کہئے	k_hye
کہا	kaha
کہاجاتا	k_hajata
کہاجاسکتا	k_hajaskta
کہار	kahar
کہانی	kahani
کہانیاں	kahaniyan
کہانیوں	kahaaniyon
کہاوت	kahawat
کہاوتیں	k_havtin
کہاکہ	kaha
کہاگیاکہ	k_hagyak_h
کہاگیاہے	k_hagyahe
کہاں	kahan
کہتا	kehta
کہتر	kehtar
کہتی	kehti
کہتے	kehte
کہر	kuhar
کہرام	kohram
کہروڑ	k_hrorh
کہسار	kuhsaar
کہف	kahaf
کہلا	kehla
کہلائی	kehlayi
کہلائے	kehlaye
کہلاتا	kehlata
کہلاتی	kehlati
کہلاتے	kehlate
کہلانا	kahlana
کہلانے	k_hlane
کہلایا	kehlaya
کہلوا	kehalwa
کہلوائی	k_hlwayi
کہلوائیں	k_hlwayin
کہلواتے	k_hlwate
کہلوانا	k_hlwana
کہلوانے	kehelwanay
کہلوایا	k_hlwaya
کہنا	kehna
کہناہے	kya
کہنہ	kuhna
کہنی	kohni
کہنے	kehnay
کہو	kaho
کہوٹہ	kahota
کہوں	kahoon
کہيں	kahin
کہکشاؤں	k_hkshaon
کہکشائیں	kehkashayen
کہکشاں	kehkashan
کہہ	keh
کہی	kahi
کہیں	kahin
کہیے	kahiye
کہے	kahe
کی	ki
کیئر	care
کیئریر	career
کیئے	kiye
کیا	kya
کیاا	kyaa
کیااس	kya
کیااور	kyaavr
کیاجاتا	kyajata
کیاجارہاہے	kyajarhahe
کیاجاسکتا	kyajaskta
کیاجاسکتاہے	kyajasktahe
کیاجس	kyajs
کیاریوں	kiyarion
کیال	qiyaal
کیالیکن	kyalikn
کیان	kyan
کیانی	kiani
کیاپانی	kyapani
کیاگیا	kiya
کیاگیاہے	kyagyahe
کیاہوا	kyahwa
کیاہوتا	kyahota
کیاہے	parda
کیبل	kibl
کیبن	cabin
کیبنٹ	kibnt
کیبی	kibi
کیبینٹ	kibint
کیتھ	kith
کیتھرین	kithrin
کیتھولک	catholic
کیتھیڈرل	kithidrl
کیجئے	kijiyej
کیجائے	kijaye
کیجانب	kijanb
کیجیئے	kijiye
کیجیے	kiijiye
کیجے	kije
کیخلاف	kay
کیر	keer
کیرئر	kiryr
کیرئیر	career
کیرا	keera
کیرالا	kerrala
کیرالہ	kerala
کیرم	keram
کیرن	kirn
کیرو	kairo
کیروسین	kirosin
کیرول	kirol
کیرولائنا	kirolayna
کیرولین	kirolin
کیرولینا	kerolina
کیرون	kiron
کیرکٹر	kirktr
کیری	carry
کیریئر	career
کیریئرکی	kiriyrki
کیریبین	kiribin
کیریر	kirir
کیریمل	caramel
کیریکٹر	kiriktr
کیز	keys
کیس	case
کیسا	kaisa
کیسر	kayser
کیسری	kesri
کیسز	kisz
کیسس	cases
کیسل	kisl
کیسوں	kison
کیسٹ	cassette
کیسٹس	cassates
کیسپئن	kispyn
کیسپاروف	kisparof
کیسپیئن	kispiyn
کیسی	kaisi
کیسینی	kesini
کیسے	kaisay
کیش	kish
کیشن	kishn
کیشنز	kishnz
کیطرح	kitrh
کیطرف	kitrf
کیف	kaif
کیفر	kafer
کیفی	kaify
کیفیات	kaifiyat
کیفیت	kefiyat
کیفیتوں	kafiyeton
کیفے	kife
کیفےبالی	kife
کیل	keel
کیلئے	ke
کیلئےتصوف	ke
کیلئےلطیف	yeh
کیلا	kela
کیلاش	keelash
کیلر	kilr
کیلشیم	calcium
کیلفورنیا	california
کیلنڈر	calendar
کیلوری	calorie
کیلومیٹر	kilomitr
کیلوں	kilon
کیلکولیٹر	calculator
کیلگری	kilgri
کیلیئے	kaileeay
کیلیفورنیا	california
کیلینڈر	kilindr
کیلیے	keliye
کیلے	kelay
کیم	came
کیماڑی	kimarhi
کیمبرج	cambridge
کیمبل	kimbl
کیمرا	kamera
کیمرج	kimrj
کیمرون	cameron
کیمروں	cameron
کیمرہ	camera
کیمرے	camera
کیمسٹ	chemist
کیمسٹری	chemistry
کیمن	kimn
کیمو	kimo
کیمونزم	kimonzm
کیمونسٹ	kimonst
کیمپ	camp
کیمپبل	cambel
کیمپس	kimps
کیمپوں	campon
کیمڈن	kimdn
کیمیا	chemiya
کیمیائ	chemiai
کیمیائي	keemiyai
کیمیائی	keemiyai
کیمیادان	kimyadan
کیمیاوی	chimiavi
کیمیلا	kimila
کیمیکل	chemical
کیمیکلز	kimiklz
کین	can
کینائی	kinayi
کینال	canal
کینبرا	kinbra
کینجھر	kinjhr
کیندا	kehnda
کینز	kinz
کینساس	kinsas
کینسر	cancer
کینن	canon
کیننگ	kinng
کینو	kinnu
کینولا	canolla
کینوں	kinon
کینٹ	cantt
کینٹربری	kintrbri
کینٹن	kintn
کینٹو	kinto
کینٹونمنٹ	kintonmnt
کینٹوکی	kintki
کینٹکی	kintki
کینٹین	canteen
کینڈا	keneda
کینڈال	kindal
کینڈل	candle
کینڈی	candy
کینگ	king
کینگسلے	kingsle
کینہ	keena
کینی	cine
کینیا	kenya
کینیتھ	kenneth
کینیڈا	canada
کینیڈی	kinidi
کینیڈین	canadian
کیو	que
کیوان	kewan
کیوب	cube
کیوبا	cuba
کیوبن	forces
کیوبک	kyobk
کیوتو	kyoto
کیوجہ	kyoj_h
کیوری	kyori
کیوریوسٹی	curiosity
کیوسک	kyosk
کیونکر	kyonkr
کیونکہ	kyunkay
کیوٹو	kyoto
کیوں	kyun
کیوںکہ	kyonk_h
کیٹ	kate
کیٹس	cats
کیٹلاگ	kitlag
کیٹگری	kitgri
کیپ	keep
کیپر	keeper
کیپری	kipri
کیپلر	kiplr
کیپٹل	capital
کیپٹن	captain
کیپچر	capture
کیپیٹل	kipitl
کیچ	catch
کیچوا	kechwa
کیچڑ	keechar
کیڈٹ	kidt
کیڑا	keera
کیڑوں	keeron
کیڑے	keeray
کیک	cake
کیکر	keekar
کیکس	cakes
کیکٹس	kikts
کیکڑے	kekray
کیں	kee
کیھتولک	kihtolk
کیہ	kih
کیہر	kihr
کیے	kiye
کے	ke
کےآس	ke
کےاحیا	musalmah
کےاحیاء	musalmah
کےبےآب	ne
کےتحت	ke
کےتعلقات	taluqaat
کےجنوب	ke
کےحکومت	ke
کےدوران	ke
کےذریعے	ke
کےساتھ	ke
کےسب	ke
کےشیر	aur
کےعوام	ke
کےفاصلےپر	meter
کےلئے	ke
کےلئےاونٹنی	anho
کےلئےبھی	ziyarat
کےلیے	ke
کےنظریات	ke
کےپروموشن	ke
گ	g
گئ	gai
گئي	gayi
گئيں	gayeen
گئں	gyn
گئی	gayi
گئیں	gayeen
گئے	gay
گئےخود	gay
گا	ga
گاؤ	gayo
گاؤن	gaon
گاؤں	gaon
گائوں	gouwn
گائڈ	gayd
گائڈز	guides
گائڈڈ	gaydd
گائکی	gayki
گائی	ghaaye
گائیڈ	guide
گائیک	gayik
گائیکی	gaayeki
گائیگی	gayegee
گائیں	ghaein
گائے	gaaye
گااور	gaavr
گاتا	gaata
گاتھک	ghathak
گاتی	gaati
گاتے	gatay
گاجا	gaja
گاجر	gaajar
گاجس	gajs
گاد	gaad
گار	gaar
گارا	gaara
گارجین	garjin
گارشیا	garshya
گارمنٹس	garments
گارنر	garnr
گارنٹی	guarantee
گاروں	gaaron
گارڈ	guard
گارڈز	guards
گارڈن	garden
گارڈنر	gardnr
گارڈنز	gardnz
گاری	gari
گارے	gaaray
گاز	gaz
گاس	gas
گال	gaal
گالف	golf
گالفر	galfr
گالوں	galoon
گالی	gaali
گالیا	gaalia
گالیاں	gaaliyan
گام	gaam
گاما	gamma
گامزن	gamzan
گامسر	gamsr
گامے	gamay
گانا	gana
گاندھی	gandhi
گانو	gaanv
گانوں	ganoon
گانٹھ	ganth
گانچھے	ganchhe
گانگریس	gangris
گانی	gaani
گانیں	ganin
گانے	ganay
گاوں	gaon
گاڈ	god
گاڑ	garh
گاڑنا	gaarna
گاڑي	gaari
گاڑياں	gariyaan
گاڑھا	gaarha
گاڑھی	gaarhi
گاڑی	gaari
گاڑیاں	gariyaan
گاڑیوں	gariyon
گاگ	gag
گاہ	gaah
گاہوں	gaahon
گاہک	gahak
گاہکوں	gahkon
گاہی	gaahi
گاہیں	gahin
گاہے	gaahay
گایا	gaaya
گایتری	gaytri
گایوں	gayon
گایک	gayk
گباگبو	gbagbo
گبر	gabbar
گبسن	gbsn
گبن	gaban
گبول	gabool
گبون	gabon
گت	ghat
گتھا	ghutha
گتھم	ghutham
گتھی	guthi
گتھیاں	gthyan
گتھیوں	gthyon
گتے	gte
گجر	gurjar
گجرات	gujrat
گجراتی	gujrate
گجرال	gjral
گجرانوالہ	gjranwalh
گجروں	gjron
گد	gad
گدا	gadda
گداز	gudaaz
گداگری	gadagari
گدرا	gadra
گدلا	gadla
گدلے	gadlay
گدگدی	gudgudi
گدھ	gidh
گدھا	gadha
گدھے	gadhay
گدی	gaddi
گدے	inhen
گذار	guzar
گذارا	gzara
گذاران	gzaran
گذارتے	gzarte
گذارش	gzarsh
گذارنا	guzarna
گذارنے	guzarnay
گذارہ	gzarh
گذاری	guzari
گذاریں	guzaren
گذارے	gzare
گذر	guzar
گذرا	guzra
گذرتی	guzarti
گذرتے	gzrte
گذرنا	gzrna
گذرنے	guzarnay
گذرگاہ	gzrgah
گذری	gzri
گذرے	guzray
گذشت	gzsht
گذشتہ	guzashta
گر	gir
گرا	gira
گراؤنڈ	ground
گرائمر	gramar
گرائونڈ	ground
گرائیں	grayin
گرائے	giraye
گراتے	giratay
گراس	grass
گراف	graph
گرافر	grapher
گرافک	grafk
گرافکس	graphics
گرافی	graphi
گرام	gram
گرامر	gramr
گراموفون	gramofon
گرامی	graami
گرامین	gramin
گرانا	girana
گرانقدر	granqdr
گرانٹ	grant
گرانٹس	grants
گرانڈ	grand
گرانی	gharani
گرانے	giranay
گراونڈ	gravnd
گراوٹ	gravt
گرايا	giraya
گراڈ	grad
گراں	giran
گراہم	graham
گرایا	giraya
گربھ	garbh
گرتا	girta
گرتی	girty
گرتے	girtay
گرج	garaj
گرجا	girja
گرجاؤں	garjaon
گرجائیں	garjain
گرجائے	se
گرجاتی	girjati
گرجاگھر	grjaghr
گرجاگھروں	grjaghron
گرجستان	grjstan
گرجوں	girjon
گرجے	gargay
گرد	gird
گرداب	gardaab
گرداس	gurdas
گرداسپور	gurdaspur
گردان	gardaan
گردانا	grdana
گردانتا	grdanta
گردانتے	grdante
گردانہ	grdanh
گردانی	gardani
گردانے	gardaane
گردباد	gardbaad
گردش	gardish
گردشوں	gardishon
گردشی	gardishi
گردشیں	gardishen
گردن	gardan
گردنوں	gardnon
گردو	gardo
گردوغبار	grdoghbar
گردونواح	grdonwah
گردوں	gardon
گردہ	gurda
گردی	gardi
گردے	gurday
گرزین	gerzin
گرفت	girift
گرفتا	grfta
گرفتار	girftar
گرفتاری	giraftari
گرفتاریاں	grftaryan
گرفتاریوں	grftaryon
گرفتہ	giriftaa
گرفن	grfn
گرل	girl
گرلز	girls
گرلس	grls
گرم	garam
گرمئ	garmi
گرما	garma
گرمائی	garmayi
گرمجوشی	garamjoshi
گرمکھی	grmkhi
گرمی	garmi
گرمیاں	garmiyan
گرمیت	grmit
گرمیوں	garmiyon
گرنا	girna
گرنتھ	grnth
گرنیڈ	garnade
گرنے	girnay
گرو	guru
گروانڈ	grwand
گروزنی	grozni
گرومن	gromn
گروو	grvo
گرووں	grvon
گروپ	group
گروپس	groups
گروپوں	groupon
گروں	garon
گروہ	giroh
گروہوں	garohoon
گروہی	grohi
گروی	girwi
گرویدہ	garweedah
گريجويشن	grijoyshn
گرٹ	gurt
گرپڑے	wahein
گرچکی	grchki
گرچہ	grch_h
گرڈ	grid
گرکر	grkr
گرگئی	girgaee
گرہ	girah
گرہن	girhan
گرہوں	grhon
گری	giri
گریبان	garibaan
گریبانوں	gribanon
گریباں	gireybn
گریجوئیشن	grijoyishn
گریجوایشن	grijwayshn
گریجوایٹ	grijwayt
گریجویشن	grijoyshn
گریجویٹ	graduate
گریر	greer
گریز	guraiz
گریزاں	gorezan
گریزی	gareezi
گریس	grace
گریسی	grisi
گریفن	grifn
گریمی	grimy
گرین	green
گرینائٹ	grinayt
گریناڈا	grinada
گرینج	grinj
گرینل	grinl
گرینچ	grinch
گرینڈ	grand
گرینیڈ	grenade
گرینیڈا	grinida
گریو	grave
گریوٹی	gravity
گریٹ	great
گریٹر	greater
گریڈ	grade
گریک	greek
گریگ	grig
گریگری	grigri
گریگوری	gregori
گریں	gireen
گریہ	giryaa
گرے	giray
گز	gaz
گزار	guzaar
گزارا	guzaraa
گزارتا	guzarta
گزارتی	gzarti
گزارتے	guzartay
گزارش	guzarish
گزارشات	gzarshat
گزارنا	guzaarna
گزارنی	guzaarni
گزارنے	guzaarne
گزاروں	guzaron
گزارہ	guzara
گزاری	guzari
گزاریں	guzaraian
گزارے	guzaray
گزر	guzar
گزرا	guzra
گزراوقات	gzravqat
گزرتا	guzarta
گزرتي	guzarti
گزرتی	guzarti
گزرتے	guzarte
گزرنا	guzarna
گزرنے	guzarnay
گزرچکا	gzrchka
گزرگئی	gzrgyi
گزرگاہ	guzargah
گزرگاہوں	gzrgahon
گزرگاہیں	gzrgahin
گزری	guzri
گزریں	guzren
گزرے	guzray
گزشت	gazasht
گزشتہ	guzashta
گزٹ	guzzet
گزیدگی	gzidgi
گزیدہ	guzida
گزیر	guzir
گزین	guzeen
گزینوں	gzinon
گزینی	gazini
گزیں	gzin
گست	ghast
گستاخ	gustaakh
گستاخانہ	gustakhana
گستاخی	gustaakhi
گشت	gasht
گشتہ	gashta
گفت	guft
گفتار	guftaar
گفتاری	gftari
گفتند	gftnd
گفتگو	guftagu
گل	gul
گلا	gala
گلائیڈر	glayidr
گلائیڈرز	glayidrz
گلاب	ghulaab
گلابی	gulaabii
گلاس	glass
گلاسگو	glasgo
گلالئی	glalyi
گلانا	galana
گلبدن	gulbadan
گلبدین	glbdin
گلبرٹ	glbrt
گلبرگ	glbrg
گلبرگہ	guberga
گلبن	gulban
گلبہار	glb_har
گلدار	gldar
گلدان	guldaan
گلدستہ	guldasta
گلدستۂ	guldasta
گلرنگ	gulrang
گلریز	gulraiz
گلزار	gulzaar
گلستان	gulsitan
گلشن	gulshan
گلف	gulf
گلن	glynn
گلنا	galna
گلنار	gulnar
گلنے	galnay
گلو	gulu
گلوب	globe
گلوبل	globle
گلوبند	guloband
گلوريا	gloria
گلوریا	glorya
گلوکار	gulukar
گلوکاروں	gulukaron
گلوکارہ	gulukarah
گلوکاری	golokaari
گلوں	gulon
گلي	gali
گلٹیوں	giltion
گلڈ	gild
گلکرائسٹ	glkrayst
گلکرسٹ	glkrst
گلگت	gilgit
گلگشت	glgsht
گلگونہ	galgona
گلہ	gilah
گلہائے	glhaye
گلہری	ghulehri
گلی	gali
گلیات	glyat
گلیاں	galian
گلیسرین	glycerine
گلیشئر	glishyr
گلیشئیر	glishyir
گلیشیئر	glishiyr
گلیشیئروں	glishiyron
گلیشیر	glishir
گلیلیو	glilyo
گلین	guleen
گلینڈ	glind
گلیوں	galiyo
گلیڈ	glad
گلے	gilaay
گم	gum
گماشتہ	gamaashtaa
گمان	gumaan
گمانی	gumani
گمبٹ	gmbt
گمبھیر	gmbhir
گمراہ	gumraah
گمراہوں	gumrahon
گمراہی	gumraahi
گمراہیوں	gmrahyon
گمشدگی	ghumshudgi
گمشدہ	gumshudaa
گمنام	gumnaam
گمنامی	ghum-nami
گن	gun
گنا	gina
گناہ	gunah
گناہوں	gunaaho
گناہگار	gunahgaar
گناہی	gunahi
گنبد	gunbad
گنبدوں	gunbadon
گنت	ginat
گنتی	ginti
گنج	ganj
گنجائش	gunjaish
گنجان	ghunjaan
گنجانی	gnjani
گنجایش	gnjaysh
گنجلک	gnjlk
گنجور	gangoor
گنجی	ganji
گنجینہ	ganjeenah
گندا	ganda
گندم	gandum
گندمی	gandumi
گندگی	gandagi
گندھا	gndha
گندھارا	gandhara
گندھک	gandhak
گندہ	gandah
گندی	gandi
گندے	ganday
گننے	ginnay
گنوا	ganwaa
گنوائی	gavayi
گنوانے	gunwanay
گنوں	aur
گنٹور	gntor
گنڈ	gnd
گنڈا	ganda
گنڈی	ganndi
گنڈیریاں	gndiryan
گنڈے	gunday
گنگ	gang
گنگا	ganga
گنگن	gngn
گنگناتا	gungunata
گنگناتی	gungunahteen
گنگناتے	gungunate
گنگولی	ganguly
گنگی	gngi
گنہگار	gunehgaar
گنی	gani
گنیز	guinness
گنیش	ganesh
گنیں	gnin
گنے	gannay
گهر	g_hr
گو	go
گوئبلز	goyblz
گوئن	goyn
گوئٹے	goyte
گوئچے	goyche
گوئی	goi
گوئیاں	goyyan
گوئیوں	goyyon
گوئے	goye
گوا	gava
گوائے	gawaee
گوادر	gwadar
گوار	gawaar
گوارا	gawara
گواسکر	gwaskr
گوالمنڈی	gwalmndi
گوالوں	gwaaloon
گوالیار	gwalyar
گوانتا	gwanta
گوانتامو	gwantamo
گوانتانامو	guantanamo
گوانگ	gwang
گوانگڈونگ	gwangdong
گواہ	gawah
گواہان	gwahan
گواہوں	gawahoon
گواہی	gawahi
گواہیاں	gawahiyan
گواہیوں	gwahyon
گوایا	gavaya
گوبند	goband
گوبھی	gobhi
گوت	ghoat
گوتم	gautam
گوتھ	goth
گوجر	gojr
گوجرانوالا	gujranwala
گوجرانوالہ	gujranwala
گوجرانولہ	gojranwala
گوجرخان	gojrkhan
گوجرہ	gojra
گوجری	gojri
گود	goad
گودا	goda
گودام	gaahon
گوداموں	godamon
گوداوری	godavri
گودھرا	godhra
گودی	ghodi
گودے	goday
گور	goar
گورا	gora
گورباچوف	gorbachof
گوربخش	gorbkhsh
گورجیس	gorgeous
گورداس	gordas
گورداسپور	gordaspor
گوردوارہ	gordwarh
گورمانی	mushtaq
گورمنٹ	gormnt
گورمے	gourmet
گورنر	governor
گورنرجنرل	gornrjnrl
گورنرز	gornrz
گورنروں	gornron
گورنری	gornri
گورنمنٹ	government
گورنمٹ	gornmt
گورننس	gornns
گورو	goru
گوروں	goroon
گورڈن	gordn
گورڈون	gordon
گورکھ	gorkh
گورکھا	gorkha
گورکی	gorki
گوری	gori
گوریان	goryan
گوریلا	goreela
گوریلوں	gorilon
گوریلے	gorile
گورے	goray
گوش	gosh
گوشئہ	goshaa
گوشت	gosht
گوشمالی	goshumali
گوشوارہ	goshwara
گوشوارے	goshwaray
گوشوں	gooshon
گوشہ	gosha
گوشۂ	gosha
گوشی	ghoshi
گوشے	gooshay
گوغ	gogh
گوف	goof
گول	gole
گولا	gola
گولائی	golai
گولان	golan
گولاگ	golag
گولف	golf
گولن	guulin
گولوں	golon
گولڈ	gold
گولڈز	goldz
گولڈسمتھ	goldsmth
گولڈن	golden
گولکنڈہ	golknd_h
گولہ	golah
گولی	goli
گولیاں	golian
گولیمار	golimar
گولیوں	golion
گولے	golay
گوما	goma
گومل	goml
گومگو	gomago
گون	gone
گونا	gona
گوناگوں	gonago
گوناں	gonan
گونج	goonj
گونجا	guunja
گونجتی	gunjti
گونجنے	gonjnay
گونجی	gungi
گوند	gond
گوندھ	goondh
گوندھا	goondha
گونو	gono
گونگا	goonga
گونگی	gongi
گونگے	gungay
گونہ	gona
گووا	gowa
گووند	ke
گوٹ	got
گوٹھ	goth
گوٹہ	gota
گوپال	gopal
گوپی	gopi
گوچ	guch
گوڈسے	godse
گوڑ	gorh
گوک	gok
گوکہ	go
گوگ	goog
گوگا	goga
گوگل	google
گوگو	gogo
گوگی	gogi
گوں	gon
گوہاٹی	gohati
گوہر	gohar
گویا	goya
گویرا	goyra
گي	gi
گيا	gaya
گيارہ	gayarah
گيت	geet
گيروں	giron
گيلو	gilo
گيند	gaind
گٹار	gitaar
گٹھ	gath
گٹھا	ghatta
گٹھلی	ghuthli
گٹھڑیوں	gthrhyon
گٹھے	ghatay
گپ	gup
گپا	gappa
گپت	gupt
گپتا	gupta
گچ	gch
گچھ	gach
گچھا	guchha
گچھوں	gchhon
گچھے	guchay
گچی	gachi
گڈ	good
گڈا	gudda
گڈاپ	gadap
گڈریا	gadarya
گڈز	gdz
گڈی	guddi
گڑ	gur
گڑبڑ	garbar
گڑگڑا	girgira
گڑھ	garh
گڑھا	garha
گڑھوں	gharhoon
گڑھی	garhi
گڑھے	garhay
گڑی	gaarii
گڑیا	guria
گڑیوں	grhyon
گکھڑ	gkhrh
گگن	neelay
گھ	gh
گھئی	ghai
گھا	gha
گھائو	ghaav
گھات	ghaat
گھاتیں	ghatin
گھاس	ghaas
گھاسی	ghasi
گھان	ghaan
گھانا	ghanaa
گھاٹ	ghaat
گھاٹا	ghata
گھاٹوں	ghaton
گھاٹی	ghaati
گھاٹیوں	ghatiyon
گھبرا	ghabra
گھبراؤ	ghabrao
گھبرائیں	ghbrayin
گھبرائے	ghabraye
گھبراتا	ghbrata
گھبراتی	ghabrati
گھبراگئی	ghbragyi
گھبراہٹ	ghabrahat
گھر	ghar
گھرا	ghira
گھرانا	gharana
گھرانوں	ghranon
گھرانہ	gharana
گھرانے	gharane
گھرمیں	ghrmin
گھرواپس	ghrwaps
گھروں	gharon
گھرگھر	ghrghr
گھری	ghiri
گھریلو	gharelo
گھرے	ghiry
گھس	ghis
گھسا	ghisa
گھسائی	ghsai
گھستے	gustay
گھسنے	ghusnay
گھسٹ	ghisat
گھسٹنا	ghisatna
گھسی	ghusi
گھسیٹا	ghsita
گھسیٹنا	ghaseetna
گھسے	ghse
گھل	ghul
گھلو	ghlo
گھلے	ghulay
گھما	ghuma
گھماؤ	ghumao
گھماتے	ghumate
گھمانے	ghumanay
گھمایا	ghumaya
گھمبیر	ghambeer
گھمسان	ghmsan
گھمن	ghumman
گھمنڈ	ghamand
گھن	ghinn
گھنا	ghana
گھناؤنا	ghinauna
گھناؤنی	ghanaoni
گھناؤنے	ghnaone
گھنٹا	ghanta
گھنٹوں	ghanton
گھنٹہ	ghanta
گھنٹی	ghanti
گھنٹیاں	ghantiyan
گھنٹے	ghantay
گھنی	ghani
گھنے	ghany
گھو	gho
گھور	ghour
گھوسٹ	ghost
گھوش	ghosh
گھول	ghol
گھولتا	zeher
گھولتے	gholte
گھوم	ghoom
گھوما	ghuma
گھومتا	ghoomta
گھومتی	ghhoomti
گھومتے	ghumte
گھومنا	ghoomna
گھومنے	ghoomnay
گھومے	ghume
گھونسلہ	ghonsla
گھونسلے	ghonslay
گھونٹ	ghoont
گھونپنے	ghonpne
گھونگھریالے	ghongriyalay
گھونگھٹ	ghonghat
گھوٹکی	ghotki
گھوڑ	ghor
گھوڑا	ghora
گھوڑوں	ghoron
گھوڑی	ghoree
گھوڑے	ghoray
گھٹ	ghatt
گھٹا	ghata
گھٹانے	ghatanay
گھٹتا	ghat-ta
گھٹتی	ghatti
گھٹن	ghutan
گھٹنا	ghatna
گھٹنوں	ghutnon
گھٹنے	ghatney
گھٹیا	ghatiya
گھپلے	ghple
گھچے	guchhay
گھڑ	ghurr
گھڑا	ghara
گھڑت	gharat
گھڑسواری	ghrhswari
گھڑنا	gharna
گھڑنے	gharnay
گھڑی	gharri
گھڑیال	gharyaal
گھڑیاں	ghariyaan
گھڑیوں	ghrhyon
گھڑے	gharrey
گھی	ghee
گھیر	atraaf
گھیرا	ghaira
گھیراؤ	gherao
گھیرائو	gherao
گھیراو	ghirav
گھیرے	ghairay
گھیرےمیں	ghairay
گھیل	ghail
گہانی	g_hani
گہر	gohr
گہرا	gehra
گہرائی	geherai
گہرائیاں	gahrayiaan
گہرائیوں	gehraion
گہری	gehri
گہرے	gehray
گہما	gehma
گہماگہمی	g_hmag_hmi
گہمی	gehmi
گہنے	gahne
گہوارا	gahwara
گہوارہ	gehwaara
گہوارے	gehware
گی	gi
گیئر	gear
گیئں	giyn
گیا	gaya
گیااور	gyaavr
گیاجس	gaya
گیاجہاں	gyaj_han
گیارواں	gyarwan
گیارھویں	gyarhoyn
گیارہ	gayarah
گیارہواں	gayarahawan
گیارہوں	gyarhon
گیارہویں	gayarhavi
گیان	geyan
گیانا	gyana
گیانگ	gyang
گیانی	gyani
گیاہ	hazaar
گیاہو	gyaho
گیت	geet
گیتا	geeta
گیتوں	geeton
گیتی	gaiti
گیج	gij
گیدڑ	geedar
گیر	geer
گیرائی	gaihrai
گیروں	geeron
گیری	gary
گیس	gas
گیسز	gisz
گیسو	gaisu
گیسوؤں	gesuwoon
گیسوں	gasson
گیسٹ	guest
گیسٹرک	gistrk
گیسی	geese
گیسیں	gisin
گیشن	gation
گیفو	gifu
گیل	gil
گیلان	gilan
گیلانی	gilani
گیلری	gallery
گیلریاں	gallerian
گیلریوں	galerion
گیلو	gilo
گیلووے	gilvoe
گیلپ	gilp
گیلی	giili
گیلین	gilin
گیلے	geelay
گیم	game
گیمبیا	gimbya
گیمز	games
گیمنگ	gimng
گیموں	gimon
گین	gain
گیند	gaind
گیندا	genda
گیندوں	gaindon
گیندیں	gindin
گینز	genuiness
گینس	gains
گینڈا	gainda
گینڈے	ghenday
گینگ	gang
گینگز	gingz
گینیز	giniz
گیون	given
گیٹ	gate
گیٹس	gates
گیگا	giga
گیگر	gigur
گیں	gein
گیہوں	gheehon
گیی	giai
گیے	gie
گے	ge
گےـ	ge
ں	n
ھ	h
ھا	ha
ھاتھ	hath
ھاتھوں	hathon
ھادی	haadi
ھاشم	haashim
ھاشمی	hashmi
ھال	hal
ھالینڈ	halind
ھتھیار	hthyar
ھجری	hijri
ھدف	hdf
ھر	har
ھرکولیس	harkolase
ھرگز	harghiz
ھری	hurry
ھزار	hazaar
ھل	hal
ھلاک	halaak
ھلاکت	hlakt
ھلکا	halka
ھم	hmm
ھماری	hai
ھمدرد	hamdard
ھموار	hamwar
ھميشہ	hmish_h
ھمیشہ	hmish_h
ھند	hind
ھندوستان	hndostan
ھنر	hunar
ھنگامی	sorat
ھنگری	hungary
ھو	ho
ھوئے	hoye
ھوا	huwa
ھوتی	hoti
ھوتے	hote
ھود	hod
ھورھی	horhi
ھونا	hona
ھونے	hone
ھوچکے	hochukay
ھوگئے	razi
ھوگا	hoga
ھوگیا	hogaya
ھوں	hoon
ھيں	hain
ھٹ	hit
ھٹی	hati
ھڈی	haddi
ھڑوں	hrhon
ھک	hk
ھی	kitaab
ھیل	hell
ھیں	hain
ھے	he
ہ	hay
ہؤا	hoa
ہئیت	hyit
ہئے	hye
ہا	ha
ہاؤ	hao
ہاؤس	house
ہاؤسز	haosz
ہاؤسنگ	haosng
ہائبرڈ	hiberd
ہائجنز	hayjnz
ہائر	haier
ہائس	hays
ہائوس	house
ہائي	high
ہائٹس	hayts
ہائپر	hyper
ہائڈروجن	hydrogen
ہائی	high
ہائیر	higher
ہائیٹ	height
ہائیڈرو	hydro
ہائیڈروجن	hydrogen
ہائیکو	hayiko
ہائیکورٹ	high
ہائے	haae
ہابیل	habil
ہاتف	hatef
ہاتھ	haath
ہاتھاپائی	hathapayi
ہاتھو	hatho
ہاتھوں	hathon
ہاتھی	hathi
ہاتھیوں	hathion
ہاجرہ	hajra
ہادی	haadi
ہار	haar
ہارا	haara
ہاربر	harbor
ہارس	hars
ہارمون	hormone
ہارمونیم	harmoniam
ہارن	horn
ہارنی	harni
ہارنے	harnay
ہارورڈ	harord
ہارون	haroon
ہارونی	harooni
ہارویسٹ	harvest
ہاروے	haroe
ہارٹ	heart
ہارپر	harpr
ہارڈ	hard
ہارڈنگ	hardng
ہارڈویئر	hardware
ہارڈی	hardi
ہاری	haari
ہاریوں	haryon
ہارے	hare
ہاس	has
ہاسٹل	hostel
ہاسٹلوں	hastlon
ہاسپٹل	hasptl
ہاشم	hashim
ہاشمانی	hashmani
ہاشمی	hashmi
ہاشو	hasho
ہاف	half
ہال	hall
ہالا	halal
ہالز	halz
ہالوں	halon
ہالٹ	halt
ہالہ	haala
ہالی	hali
ہالیجی	haliji
ہالینڈ	holland
ہالے	haley
ہام	ham
ہامی	haami
ہان	han
ہانس	hans
ہانکا	hanka
ہانگ	hang
ہانی	hani
ہاور	hour
ہاورڈ	hovered
ہاوس	house
ہاول	havl
ہاوٴس	house
ہاپ	hap
ہاک	hak
ہاکس	haks
ہاکنز	haknz
ہاکی	hockey
ہاں	haan
ہب	hb
ہبت	habat
ہبل	habbal
ہبلی	hbli
ہبہ	hiba
ہبیرہ	habira
ہت	hat
ہتک	hattak
ہتھ	hth
ہتھار	hthar
ہتھوڑا	hathora
ہتھوڑے	hathoray
ہتھيار	hathyaar
ہتھياروں	hathyaaron
ہتھکنڈا	hthknda
ہتھکنڈوں	hthkndon
ہتھکنڈہ	hthknd_h
ہتھکنڈے	hthknde
ہتھیا	hthya
ہتھیار	hathyaar
ہتھیاروں	hathyaaron
ہتھیانے	hthyane
ہتھیلی	hatheli
ہتھیلیاں	hatheliyan
ہتھیلیوں	hathelion
ہتیار	hatyar
ہجر	hijar
ہجراں	hijran
ہجرت	hijrat
ہجرتوں	hijraton
ہجرہ	hejrra
ہجری	hjri
ہجو	haju
ہجوم	hajhoom
ہجویری	hajwaree
ہجے	hijjay
ہد	hd
ہدائت	hdayt
ہدايات	hadayat
ہدایات	hadayat
ہدایت	hadaayat
ہدایتکار	hidayatkaar
ہدایتکاروں	mein
ہدایتکاری	hdaytkari
ہدایتی	hidayati
ہدف	hadaf
ہدہد	hudhud
ہدی	huda
ہدیہ	hadia
ہذا	haza
ہر	har
ہرا	hara
ہرائیں	hrayin
ہرات	hrat
ہرادیا	diya
ہرارے	harrare
ہراس	hraas
ہراساں	harasan
ہرانا	haraana
ہرانے	haranay
ہراول	haraval
ہرایا	hraya
ہربرٹ	harbert
ہربل	herbal
ہربھجن	harbhajan
ہرتال	hrtal
ہرج	harj
ہرجائی	herjaai
ہرجانہ	bator
ہرجانے	harjanay
ہردلعزیز	hrdlaziz
ہردم	hardam
ہرزیگووینا	hrzigvoyna
ہرسٹ	harst
ہرش	haresh
ہرشعبہ	hrshab_h
ہرشل	harshil
ہرشیل	hrshil
ہرطرح	hrtrh
ہرطرف	hrtrf
ہرقل	harqal
ہرقیمت	hrqimt
ہرم	harm
ہرمز	hurmez
ہرمزد	hermuzd
ہرمن	hermen
ہرن	hiran
ہرنائی	hrnayi
ہرنام	hrnam
ہروقت	harwakt
ہرون	huron
ہري	hari
ہريکين	hrikin
ہرٹ	hurt
ہرٹز	hurts
ہرچند	ho
ہرچہ	hrch_h
ہرکولیس	hercules
ہرگز	hargiz
ہری	hari
ہریالی	haryali
ہریانوی	haryanvi
ہریانہ	haryana
ہریتھک	hiritik
ہریرہ	huraira
ہریرۃ	huraira
ہرے	harey
ہز	huz
ہزار	hazaar
ہزاروں	hazaron
ہزاروی	hzaroy
ہزارویں	hzaroyn
ہزارہ	hzarh
ہزارہا	hzarha
ہزاری	hzari
ہزارے	hzare
ہزاوں	hzaon
ہزبر	hazber
ہزہائی	hzhayi
ہزیمت	hazeemat
ہس	his
ہستان	hstan
ہستی	hasti
ہستیاں	hastiyan
ہستیوں	hstyon
ہسٹری	history
ہسٹوریکل	historical
ہسپانوی	haspanwi
ہسپانیوں	hspanyon
ہسپانیہ	huspania
ہسپتال	hospital
ہسپتالوں	haspatalon
ہسی	hasse
ہشام	hisham
ہشت	husht
ہشتم	hshtm
ہضم	hazem
ہفت	haft
ہفتم	haftam
ہفتوں	hafton
ہفتہ	hafta
ہفتے	haftay
ہل	hil
ہلا	ko
ہلاتا	hilata
ہلاتے	hilaate
ہلال	halal
ہلالی	hlali
ہلانے	hilanay
ہلاک	halaak
ہلاکت	halakat
ہلاکتوں	halakaton
ہلاکتیں	halakatain
ہلاکو	hallaku
ہلایا	hilaya
ہلدی	haldi
ہلری	hlri
ہلز	hills
ہلمند	hilmand
ہلمٹ	hlmt
ہلچل	halchal
ہلکا	halka
ہلکہ	halqaa
ہلکی	halki
ہلکے	halkay
ہلہ	halla
ہلی	hli
ہلیو	blue
ہلیں	helain
ہم	hum
ہما	humma
ہمارا	hamara
ہماری	hamari
ہمارے	hamaray
ہمالیائی	himaliyai
ہمالیہ	himalaya
ہمام	hamam
ہمايوں	humayun
ہماچل	hmachl
ہمایون	hmayon
ہمایوں	humayun
ہمبر	hamber
ہمت	himmat
ہمتی	himmati
ہمتیں	hmtin
ہمجولی	hamjoli
ہمدان	hmdan
ہمدانی	hamdani
ہمدرد	hamdard
ہمدردانہ	humdardana
ہمدردوں	ne
ہمدردی	hamdardi
ہمدردیاں	hmdrdyan
ہمدری	hmdri
ہمدم	humdam
ہمرا	humra
ہمراہ	hamrah
ہمراہی	humraahi
ہمزاد	hamzaad
ہمزہ	hamza
ہمسائی	humsaye
ہمسائیوں	humsaiyon
ہمسائیگی	hamsaigi
ہمسائیہ	hmsayih
ہمسائے	hamsaye
ہمسایوں	humsaayon
ہمسایہ	hamsaaya
ہمسر	humsar
ہمسری	hamsari
ہمسفر	hamsafar
ہمشہ	hmsh_h
ہمشیرہ	hamsheerah
ہمعصر	hmasr
ہملٹن	hmltn
ہمنام	hamnaam
ہمنشین	hamnashiin
ہمنوا	humnawa
ہمنوائی	hamnawai
ہموار	hamwar
ہمکتا	humakta
ہمکلام	humkalam
ہمکنار	humkenar
ہمکو	hmko
ہمہ	hama
ہمیر	hammer
ہمیشگی	hameshgi
ہمیشہ	hamesha
ہمین	hamin
ہمیں	hamein
ہن	hun
ہنا	huna
ہند	hind
ہندؤ	hndo
ہندؤوں	hndoon
ہندؤں	hndon
ہندستان	hindustaan
ہندستانی	hindustani
ہندسوں	hndson
ہندسہ	hindsa
ہندسی	hindsi
ہندسے	hindsay
ہندو	hindu
ہندوؤں	hinduo
ہندوستان	hindostan
ہندوستانی	hindustani
ہندوستانیوں	hndostanyon
ہندومت	hndomt
ہندووں	hndvon
ہندوپاک	hndopak
ہندوکش	hndoksh
ہندوں	hndon
ہندوی	hndoy
ہندکو	hindko
ہندہ	hinda
ہندی	hindi
ہندیہ	handya
ہنر	hunar
ہنرمند	hunarmand
ہنرمندی	ki
ہنری	hunri
ہنز	hunz
ہنزہ	hanza
ہنس	hans
ہنسا	hansa
ہنستا	aur
ہنستے	hanstay
ہنسلی	hansali
ہنسنے	hansnay
ہنسی	hansi
ہنسے	hanse
ہنوئی	hnoyi
ہنود	hnod
ہنوز	hunooz
ہنومان	hanuman
ہنٹ	hint
ہنٹر	hunter
ہنٹنگ	hinting
ہنڈریڈ	hundred
ہنڈیا	handiya
ہنگ	hung
ہنگام	hangaam
ہنگاموں	hungamon
ہنگامہ	hungama
ہنگامۂ	hungama
ہنگامی	hungami
ہنگامے	hangamay
ہنگر	hunger
ہنگری	hungry
ہنگل	hngl
ہنگم	hangam
ہنگو	hangu
ہنگورجا	hngorja
ہنگول	hngol
ہنہ	hana
ہنی	honey
ہو	ho
ہوؤں	huoon
ہوئ	hoy
ہوئى	hui
ہوئي	hui
ہوئيں	huien
ہوئی	hui
ہوئیں	huien
ہوئے	hue
ہوئےاور	liye
ہوئےجبکہ	hue
ہوئےـ	halaak
ہوئےکہا	hue
ہوا	sun-hwa
ہواؤں	hawaon
ہوائ	hawai
ہوائوں	havaon
ہوائيں	hawae
ہوائی	hawai
ہوائیں	hawae
ہوائے	hawaaye
ہوااور	hwaavr
ہوابازوں	hwabazon
ہوابازی	hwabazi
ہوادار	hawadaar
ہواداری	hawadari
ہوان	hwan
ہوانا	huwana
ہواور	hwavr
ہواکرتے	hwakrte
ہواکہ	huwa
ہوبھی	hobhi
ہوبہو	hubahu
ہوت	hoot
ہوتا	hota
ہوتو	hoto
ہوتی	hoti
ہوتیں	hoten
ہوتیہے	hotihe
ہوتے	hotay
ہوجا	hoja
ہوجاؤ	hojao
ہوجاؤں	hojaon
ہوجائوں	hojaoon
ہوجائیں	ho
ہوجائے	hojaye
ہوجائےاور	hojaye
ہوجاتا	hojata
ہوجاتاہے	hojatahe
ہوجاتی	hojati
ہوجاتیں	hojatin
ہوجاتے	ho
ہوجانا	hojana
ہوجانی	hojani
ہوجانے	hojane
ہود	hood
ہودہ	hooda
ہورا	hora
ہورسٹ	horst
ہورہا	ho
ہورہی	horahee
ہورہے	se
ہوز	whos
ہوزری	hozri
ہوزے	hoze
ہوس	hawas
ہوسناکی	hawasnaki
ہوسٹ	host
ہوسٹل	hostel
ہوسٹن	hostn
ہوسٹنگ	ka
ہوسکا	ho
ہوسکتا	ho
ہوسکتاہے	hosktahe
ہوسکتی	hosakti
ہوسکتیں	hosktin
ہوسکتے	ho
ہوسکی	hosaki
ہوسکیں	hosakin
ہوسکے	hosakay
ہوش	hosh
ہوشنگ	hoshing
ہوشی	hoshi
ہوشیار	hooshiyar
ہوشیارپور	hoshyarpor
ہوشیاری	hoshyari
ہوغے	hoghe
ہوـ	ho-
ہوف	hadef
ہول	houlle
ہولز	bowls
ہولناک	holnaak
ہولناکیوں	holnakyon
ہولوکاسٹ	holokast
ہولوں	holon
ہولڈ	hold
ہولڈر	holdr
ہولڈرز	holdrz
ہولڈروں	holdron
ہولی	holi
ہولے	haulay
ہوم	home
ہوما	homa
ہومز	homz
ہومین	homin
ہومیوپیتھی	homeopathy
ہون	hwin
ہونا	hona
ہونااور	honaavr
ہونان	honan
ہوناچاہیے	honachahie
ہونز	honz
ہونولولو	honololo
ہونيوالا	honiwala
ہونٹ	hont
ہونٹوں	honton
ہونڈا	honda
ہونگ	hong
ہونگی	hongi
ہونگے	hunge
ہونہ	hona
ہونہار	honahaar
ہونہہ	hoonh
ہونی	honi
ہونیوالا	honiwala
ہونیوالی	honiwali
ہونیوالے	walay
ہونے	honay
ہونےوالی	honay
ہوورڈ	hvord
ہووے	huvay
ہوٹل	hotel
ہوٹلز	hotlz
ہوٹلوں	hotlon
ہوپ	hope
ہوپاتی	hopati
ہوپایا	hopaya
ہوپر	whopper
ہوچلا	ehsas
ہوچکا	hochuka
ہوچکاہے	hochkahe
ہوچکی	hochuki
ہوچکیں	hochkin
ہوچکے	ho
ہوچی	hochi
ہوکر	hokar
ہوکسا	hoksa
ہوکی	hoki
ہوکے	hoke
ہوگ	hugh
ہوگئ	hogye
ہوگئي	hogayi
ہوگئی	hogayi
ہوگئیں	hogyin
ہوگئے	hogaye
ہوگا	hoga
ہوگن	hogn
ہوگو	hogo
ہوگيا	hogaya
ہوگی	hogi
ہوگیا	hogaya
ہوگیاتھا	hogyatha
ہوگیاہے	hogyahe
ہوگیں	hogin
ہوگے	hogay
ہوں	hon
ہوی	hoy
ہویدا	huwaida
ہوے	huve
ہي	hi
ہيئت	haiyat
ہيلی	helly
ہينگ	hang
ہيٹ	hate
ہيڈکوارٹرز	headquarters
ہيکٹر	hiktr
ہيں	hain
ہٹ	hatt
ہٹا	hata
ہٹائیں	htayin
ہٹائے	htaye
ہٹاتے	hatatay
ہٹادی	htadi
ہٹادیا	htadya
ہٹالے	htale
ہٹانا	hatana
ہٹانے	hataane
ہٹاکر	hatakar
ہٹایا	hataya
ہٹر	hiter
ہٹلر	hitler
ہٹن	htn
ہٹنے	hatnay
ہٹی	hati
ہٹیں	htin
ہپ	hip
ہچکی	hichki
ہچکیاں	hichikiyaan
ہڈ	hood
ہڈسن	hdsn
ہڈی	haddi
ہڈیاں	haddiyan
ہڈیوں	hadion
ہڑ	harr
ہڑتال	hartaal
ہڑتالوں	hartaloon
ہڑتالی	hartali
ہڑتالیں	hrhtalin
ہڑپ	harap
ہڑپا	hrhpa
ہڑپہ	hrhp_h
ہک	hook
ہکا	hakka
ہں	hn
ہھتیاروں	hhtyaron
ہی	hi
ہیئت	haiyat
ہیئتی	heati
ہیئر	here
ہیبئی	hibyi
ہیبت	haibat
ہیبرون	hibron
ہیبرگ	hibrg
ہیت	hit
ہیتھ	hith
ہیتھرو	hethroow
ہیجان	hejaan
ہیجڑوں	hijrhon
ہیر	hair
ہیرا	heera
ہیرالڈ	herald
ہیرس	hirs
ہیرلڈ	hirld
ہیرو	hero
ہیروئن	heroen
ہیروئنز	heroines
ہیروئین	heroen
ہیروشیما	hiroshima
ہیروں	heeron
ہیرہ	hirh
ہیری	harry
ہیریسن	hirisn
ہیرے	heere
ہیز	hs
ہیزل	hizl
ہیس	has
ہیش	hash
ہیضہ	haiza
ہیضے	hize
ہیل	hil
ہیلتھ	health
ہیلری	hillary
ہیلس	heals
ہیلسنکی	hilsnki
ہیلن	hiln
ہیلو	hello
ہیلی	helly
ہیلیم	hailam
ہیلے	hile
ہیم	hem
ہیما	hema
ہیمبرگ	himbrg
ہیمر	himr
ہیمرجک	himrjk
ہیملٹن	hemilton
ہیملیٹ	himlit
ہیمنت	himnt
ہیمنگز	himngz
ہیمپ	hemp
ہیمپسٹیڈ	himpstid
ہیمپشائر	himpshayr
ہیمپٹن	himptn
ہین	heen
ہینا	hen_heena
ہینان	hen_heenan
ہینری	henry
ہینز	henz
ہینس	hence
ہینو	hen_heeno
ہینڈ	hand
ہینڈرکس	hen_heendrks
ہینڈل	handle
ہینڈلر	hen_heendlr
ہینڈلنگ	handling
ہینکس	hen_heenks
ہینگ	hang
ہینگر	hanger
ہیو	have
ہیوسٹن	huston
ہیولی	heavily
ہیومن	human
ہیون	heaven
ہیوگو	hyogo
ہیوی	heavy
ہیٹ	hate
ہیٹی	hiti
ہیپا	hepa
ہیپاٹائٹس	hipatayts
ہیپی	happy
ہیچ	heech
ہیڈ	head
ہیڈلی	hidli
ہیڈلے	hidle
ہیڈماسٹر	hidmastr
ہیڈن	hidden
ہیڈورکس	hidorks
ہیڈکوارٹر	headquarters
ہیڈکوارٹرز	headquarters
ہیڈکواٹر	hidkwatr
ہیڈکواٹرز	hidkwatrz
ہیک	kya
ہیکل	hekal
ہیکنگ	ki
ہیکنی	hikni
ہیکٹر	hiktr
ہیکہ	hik_h
ہیگ	hig
ہیگل	higl
ہیگن	hign
ہیں	hain
ہیںاور	benawar
ہیںـ	hin-
ہیںمیں	heimein
ہیے	hie
ہے	hai
ہےاس	ke
ہےاور	hai
ہےاگر	hai
ہےتو	hai
ہےجو	aabb
ہےسکھ	kami
ہےشاخ	sakta
ہےغلہ	hai
ہےـ	hai
ہےمثلا	hai
ہےکہ	hai
ۃ	hay
ی	y
یا	ya
یاب	yab
یابی	yabi
یاترا	yatra
یاتو	yato
یاتی	yati
یاجوج	yajooj
یاخدا	yakhuda
یاد	yaad
یاداشت	yadasht
یاداشتی	yadashti
یاداشتیں	yadashtin
یادداشت	yad
یادداشتوں	yaddashton
یادداشتیں	yaddashtin
یاددہانی	yadd_hani
یادو	yado
یادوں	yaado
یادگار	yadgar
یادگاروں	yadgaron
یادگاری	yadgaari
یادگاریں	yadgarin
یادہ	yad_h
یادیں	yaden
یار	yaar
یاراں	yaran
یارب	yarab
یارن	yarn
یارو	yaaro
یارومددگار	yaromddgar
یاروں	yaaron
یارڈ	yard
یارک	york
یارکشائر	yarkshayr
یاری	yaari
یاس	yaas
یاسر	yasir
یاسرعرفات	ail
یاسمین	yasmeen
یاسیت	yasit
یاسین	yasin
یاشر	yasher
یافتگان	yaftgan
یافتہ	yafta
یافث	yafas
یاقوت	yaqoot
یامین	yameen
یان	yan
یانا	yana
یانگ	yang
یانہ	yanh
یاو	yaw
یاوری	yavri
یاک	yak
یاں	yaan
یاہو	yahoo
یت	yt
یتیم	yateem
یتیموں	yatimon
یتیمی	yateemi
یتے	yatay
یثرب	yasrab
یحی	yahya
یحیی	yahya
یخ	yakh
یخنی	yakhni
ید	yd
یدے	yaday
یران	yran
یرغمال	yarghamal
یرغمالی	yarghamaali
یرغمالیوں	yarghamalion
یرقان	yarqaan
یرموک	yrmok
یرمیاہ	ermaya
یروشلم	yaroshallam
یزدان	yazdan
یزدانی	yazdani
یزداں	yazdan
یزمان	yzman
یزید	yazid
یس	yes
یسا	ysa
یسار	yasar
یسوح	ysoh
یسوع	yasooh
یسیر	yaseer
یسین	yaseen
یش	yash
یشب	yashb
یعسوب	yasoob
یعقوب	yaqoob
یعقوبی	yaqobi
یعنی	yani
یف	yf
یقنی	yaqni
یقی	yaqii
یقین	yaqeen
یقینا	yaqeenan
یقینی	yakeeni
یقیں	yaqeen
یل	yl
یلدرم	yaldrem
یلدز	yalraz
یلسن	ylsn
یلغار	yalghaar
یلو	ylo
یم	yum
یمامہ	yamama
یمان	yaman
یمانی	yamani
یمن	yemen
یمنہ	yamna
یمنی	yemeni
ین	yan
ینگ	young
ینی	yani
یو	you
یوآن	yoaan
یوان	ywan
یوبا	yoba
یوتھ	youth
یوحنا	youhana
یور	your
یوراج	yuvraj
یورسیلف	yourself
یورش	yarash
یورو	euro
یوروز	yoroz
یوروپا	yoropa
یوروپی	yoropi
یورپ	europe
یورپی	europi
یورپیئن	european
یورپین	yorpin
یورپیوں	yorpyon
یوریا	urea
یورینس	uranus
یورینیئم	yoriniym
یورینیم	urinium
یوزر	user
یوسف	yousuf
یوسفزئی	yosfzyi
یوسفی	yosfi
یوشی	yoshi
یول	youll
یوم	yom
یومیہ	yomiya
یونائٹڈ	yonaytd
یونائیٹڈ	yonayitd
یونان	yunan
یونانی	yonani
یونانیوں	yunanion
یونس	younis
یونورسٹی	yonorsti
یونٹ	unit
یونٹس	units
یونٹوں	yonton
یونٹی	yonti
یونٹیں	larns
یونگ	yong
یونہی	yuhin
یونی	yoni
یونیسف	unicef
یونیسکو	yonisko
یونیسیف	unicef
یونیفارم	yonifarm
یونین	union
یونینز	yoninz
یونینسٹ	yoninst
یونینوں	yoninon
یونیورسل	yonyorsl
یونیورسٹی	university
یونیورسٹیاں	yonyorstyan
یونیورسٹیز	universities
یونیورسٹیوں	universition
یونیورسیٹی	yonyorsiti
یونیوسٹی	yonyosti
یونیکوڈ	unicode
یوٹاکا	yotaka
یوٹوپیا	utopia
یوٹیوب	youtube
یوپ	yup
یوپی	yopi
یوکرائن	yokrayn
یوکرین	ukrain
یوکون	yukon
یوگ	yug
یوگا	yoga
یوگنڈا	yognda
یوگوسلاویہ	yogoslavih
یوگینڈا	uganda
یوں	yun
یي	yey
یٹ	yet
یڈ	yd
یک	yak
یکا	yaka
یکایک	yakayak
یکتا	yaktaa
یکتائی	yaktai
یکجا	yakja
یکجان	ykjan
یکجہتی	yakjahti
یکدم	yakdam
یکسانی	yaksani
یکسانیت	yaksaniyat
یکساں	yaksaa
یکسر	yaksar
یکسو	yaksu
یکسوئی	yaksoi
یکطرفہ	yaktarfa
یکلخت	yklkht
یکم	yakam
یکہ	yakka
یکے	yakke
یگانگت	ygangt
یگانہ	yagana
یں	yn
یھ	yh
یھی	yhi
یہ	yeh
یہان	yhan
یہاں	yahan
یہود	yahood
یہودا	yahuda
یہودی	yahodi
یہودیت	yahoodiyat
یہودیوں	yahudion
یہں	yhn
یہہ	yehhh
یہی	yahi
یہیں	yahin
ییلو	yellow
یے	yai
ے	y
ےہ	y
۱	?
۲	?
۴	?
۵	?
۶	?
۷	?
۹	?
