rank	token	count	share	ours
1	ke	3557626	0.038684
2	ki	3218812	0.035000
3	hai	2817381	0.030635
4	mein	2765083	0.030066
5	se	1866846	0.020299
6	aur	1834705	0.019950
7	ka	1539667	0.016742
8	ko	1454314	0.015814
9	is	1408309	0.015313
10	to	1205255	0.013105
11	ne	1148236	0.012485
12	bhi	1099862	0.011959
13	hain	1042630	0.011337
14	par	989289	0.010757
15	nahi	901811	0.009806	nahin
16	aap	782608	0.008510
17	kar	775390	0.008431
18	aik	745286	0.008104	ek
19	ho	657928	0.007154
20	hi	630823	0.006859
21	kya	584864	0.006360
22	woh	533423	0.005800	wo
23	liye	444864	0.004837
24	jo	442141	0.004808
25	un	411700	0.004477
26	tha	397545	0.004323
27	hon	395344	0.004299
28	nah	356987	0.003882
29	bohat	353879	0.003848	bohot
30	ya	345064	0.003752
31	baat	324466	0.003528
32	ab	303540	0.003301
33	hum	292658	0.003182
34	kuch	281293	0.003059
35	baad	259183	0.002818
36	ga	251462	0.002734
37	kisi	244808	0.002662
38	gaya	241130	0.002622
39	mujhe	235708	0.002563
40	sab	232841	0.002532
41	so	221736	0.002411
42	yeh	221269	0.002406	ye
43	agar	219300	0.002385
44	phir	213037	0.002316
45	apne	208877	0.002271
46	jis	206027	0.002240
47	raha	205747	0.002237
48	allah	203145	0.002209	Allah
49	karne	199966	0.002174
50	bhai	196278	0.002134
51	pehlay	194391	0.002114
52	nazar	193350	0.002102
53	lekin	192073	0.002089
54	diya	191556	0.002083
55	do	191316	0.002080
56	jata	189769	0.002063
57	taq	187902	0.002043
58	jab	185318	0.002015
59	jaye	181611	0.001975
60	rahay	180384	0.001961
61	they	179481	0.001952
62	pakistan	164898	0.001793	Pakistan
63	sath	160017	0.001740
64	hota	160015	0.001740
65	o	158065	0.001719
66	yahan	155413	0.001690
67	di	148187	0.001611
68	kaam	147132	0.001600
69	ge	146052	0.001588
70	dil	144515	0.001571
71	naam	140569	0.001528
72	har	138765	0.001509
73	jee	137747	0.001498
74	waqt	136388	0.001483
75	meri	135349	0.001472
76	na	135273	0.001471
77	hue	134964	0.001468
78	terhan	133697	0.001454
79	rahi	133579	0.001452
80	gi	132121	0.001437
81	sahib	131947	0.001435
82	aaj	131706	0.001432
83	gayi	129255	0.001405
84	hazaar	124217	0.001351
85	kaha	123850	0.001347
86	ja	122681	0.001334
87	ziyada	122523	0.001332	zyada
88	karen	121604	0.001322
89	tum	120467	0.001310
90	day	119522	0.001300
91	saal	118697	0.001291
92	magar	118576	0.001289
93	isi	116331	0.001265
94	walay	112314	0.001221
95	khud	111729	0.001215
96	usay	110955	0.001206
97	be	110712	0.001204
98	din	108501	0.001180
99	karna	106323	0.001156
100	urdu	106205	0.001155	Urdu
101	hui	106123	0.001154
102	sirf	104190	0.001133
103	hoti	104117	0.001132
104	kam	103608	0.001127
105	abhi	101548	0.001104
106	honay	100289	0.001091
107	baghaawat	95605	0.001040
108	gaye	94738	0.001030
109	taraf	94527	0.001028
110	log	94216	0.001024
111	kyun	93663	0.001018
112	le	92146	0.001002
113	mera	91497	0.000995
114	aisa	91103	0.000991
115	kabhi	90282	0.000982
116	koi	87663	0.000953
117	acha	85390	0.000928
118	sakta	85365	0.000928
119	dehli	85227	0.000927
120	wajah	84724	0.000921
121	karta	84502	0.000919
122	baar	84065	0.000914
123	si	83598	0.000909
124	logon	81058	0.000881
125	yaad	81005	0.000881
126	pata	80107	0.000871
127	tor	78969	0.000859
128	waisay	78899	0.000858
129	kis	78481	0.000853
130	aa	78458	0.000853
131	unhon	77324	0.000841
132	ban	77127	0.000839
133	say	76824	0.000835
134	pay	75718	0.000823
135	jawab	73977	0.000804
136	apna	73267	0.000797
137	tamam	73018	0.000794
138	den	72709	0.000791
139	khayaal	72403	0.000787
140	yahi	71884	0.000782
141	wali	71253	0.000775
142	jin	71080	0.000773
143	mehfhil	70832	0.000770
144	aisay	70752	0.000769
145	shuru	70256	0.000764
146	mil	69012	0.000750
147	zindagi	68964	0.000750
148	bana	67906	0.000738
149	aeye	67753	0.000737
150	aaya	67366	0.000733
151	waqay	67248	0.000731
152	abadi	66685	0.000725
153	jati	66568	0.000724
154	kahin	66541	0.000724
155	liya	66313	0.000721
156	bola	65939	0.000717
157	afraad	64667	0.000703
158	hotay	64588	0.000702
159	jahan	63770	0.000693
160	teen	63726	0.000693
161	paas	63622	0.000692
162	mohammad	63373	0.000689
163	dekh	63098	0.000686
164	chahiye	62408	0.000679
165	apni	61771	0.000672
166	aayi	61757	0.000672
167	haasil	61670	0.000671
168	he	61312	0.000667
169	mamu	60743	0.000660
170	hamein	60603	0.000659
171	hamaray	60485	0.000658
172	kal	60454	0.000657
173	kitaab	60153	0.000654	kitab
174	istemaal	60048	0.000653
175	khan	59854	0.000651
176	keh	59337	0.000645	ke
177	haan	59109	0.000643
178	mujh	58928	0.000641
179	shayad	58814	0.000640
180	jaan	58001	0.000631
181	malik	57824	0.000629
182	e	57809	0.000629
183	bhiya	57554	0.000626
184	jaane	57448	0.000625
185	az	56778	0.000617
186	kere	56553	0.000615
187	lagta	56393	0.000613
188	baray	56123	0.000610
189	jaisay	56120	0.000610
190	wala	56008	0.000609
191	shehar	55833	0.000607
192	ae	54977	0.000598
193	mojood	54956	0.000598
194	thi	54913	0.000597
195	len	54816	0.000596
196	balkay	54648	0.000594
197	samajh	54502	0.000593
198	janab	54458	0.000592
199	kon	54422	0.000592	kaun
200	paish	54298	0.000590
201	jayen	54202	0.000589
202	hukoomat	53995	0.000587
203	yani	53746	0.000584	yaani
204	achi	53652	0.000583
205	ye	53548	0.000582
206	aisi	53041	0.000577
207	dono	53017	0.000576
208	ha	52904	0.000575
209	theek	52888	0.000575
210	khush	52820	0.000574
211	islam	52747	0.000574
212	sa	52736	0.000573
213	kaisay	52463	0.000570
214	inhen	52109	0.000567
215	hoga	51261	0.000557
216	koshish	51194	0.000557
217	mazeed	51168	0.000556
218	america	51085	0.000555
219	pi	50698	0.000551
220	al	50545	0.000550
221	wahan	50372	0.000548
222	likha	50300	0.000547
223	mushtamil	50113	0.000545
224	pasand	49934	0.000543
225	kaafi	49552	0.000539
226	ali	49360	0.000537
227	satke	49347	0.000537
228	kahan	49063	0.000533
229	kyunkay	48931	0.000532
230	barri	48906	0.000532	bari
231	dosray	48701	0.000530
232	mubarak	48455	0.000527
233	ik	48254	0.000525	ek
234	shamshad	48182	0.000524
235	baqi	47967	0.000522
236	dekha	47919	0.000521
237	umar	47900	0.000521
238	itna	47721	0.000519
239	jagah	47274	0.000514
240	hamari	46856	0.000509
241	kiye	46563	0.000506
242	chaar	46454	0.000505
243	raat	46447	0.000505
244	haal	46318	0.000504
245	mutabiq	45997	0.000500
246	kayi	45075	0.000490
247	itni	44952	0.000489
248	kehte	44753	0.000487
249	aam	44752	0.000487
250	peda	44105	0.000480
251	bilkul	44082	0.000479
252	amal	43950	0.000478
253	ilm	43741	0.000476
254	mukammal	43451	0.000472
255	ghazal	43438	0.000472
256	hazrat	43437	0.000472
257	sawal	43222	0.000470
258	wo	43143	0.000469
259	ensaan	43036	0.000468
260	yun	42679	0.000464
261	bi	42547	0.000463
262	nay	42540	0.000463
263	kkhuda	42472	0.000462
264	shair	42394	0.000461
265	maloom	42210	0.000459
266	karachi	42198	0.000459	Karachi
267	ahmed	41766	0.000454	Ahmed
268	majmoi	41761	0.000454
269	hona	41655	0.000453
270	haq	41646	0.000453
271	atay	41199	0.000448
272	bayan	41197	0.000448
273	wohi	41113	0.000447
274	soch	41055	0.000446
275	zabaan	40958	0.000445
276	ghair	40930	0.000445
277	mohabbat	40860	0.000444
278	aleh	40859	0.000444
279	angrezi	40730	0.000443
280	karti	40701	0.000443
281	pehli	40699	0.000443
282	bara	40657	0.000442
283	khatam	40408	0.000439
284	barray	40235	0.000437	baray
285	behtar	40156	0.000437
286	daur	40151	0.000437
287	rakha	39553	0.000430
288	jung	39540	0.000430
289	khoob	39513	0.000430
290	chay	39495	0.000429	chhay
291	satah	39116	0.000425
292	zaroorat	38980	0.000424
293	salam	38884	0.000423
294	jari	38638	0.000420
295	karte	38626	0.000420
296	anay	38396	0.000418
297	tehreer	38319	0.000417
298	karo	38313	0.000417
299	zaroor	37890	0.000412
300	pakistani	37547	0.000408
301	shayar	37334	0.000406
302	dete	37092	0.000403
303	sakti	37000	0.000402
304	walon	36995	0.000402
305	ilawa	36987	0.000402
306	mushkil	36965	0.000402
307	nai	36687	0.000399	nahin
308	sipahi	36553	0.000397
309	iss	36524	0.000397
310	quran	36378	0.000396
311	reh	36152	0.000393
312	lag	35683	0.000388
313	number	35618	0.000387
314	zara	35567	0.000387
315	dost	35515	0.000386
316	aati	35461	0.000386
317	meter	35402	0.000385
318	samnay	35388	0.000385
319	mukhtalif	35324	0.000384
320	am	35256	0.000383
321	hissa	35180	0.000383
322	doosri	35110	0.000382
323	dainay	35097	0.000382
324	khabar	34639	0.000377
325	cheez	34563	0.000376
326	jana	34287	0.000373
327	tareekh	34137	0.000371
328	chand	34071	0.000370
329	batain	33969	0.000369
330	umeed	33815	0.000368
331	paanch	33628	0.000366
332	chal	33595	0.000365
333	dua	33137	0.000360
334	pani	32991	0.000359
335	deta	32972	0.000359
336	deen	32937	0.000358
337	likh	32926	0.000358
338	murabba	32683	0.000355
339	naan	32571	0.000354
340	matlab	32542	0.000354
341	shairi	32242	0.000351
342	khaas	32133	0.000349
343	mila	32092	0.000349
344	asal	32091	0.000349
345	shadi	32049	0.000348
346	shah	31997	0.000348
347	soorat	31682	0.000344
348	shakhs	31649	0.000344
349	bulandi	31641	0.000344
350	raqba	31546	0.000343
351	shaam	31488	0.000342
352	ahem	31456	0.000342
353	warna	31259	0.000340
354	gay	31200	0.000339
355	jabkay	30902	0.000336
356	aqwami	30877	0.000336
357	safha	30768	0.000335
358	durust	30705	0.000334
359	li	30680	0.000334
360	aakhri	30402	0.000331
361	ghalat	30384	0.000330
362	mout	30350	0.000330
363	band	30338	0.000330
364	parh	30225	0.000329
365	islami	30221	0.000329
366	khusi	30166	0.000328
367	lafz	30133	0.000328
368	tasweer	30040	0.000327
369	tou	29961	0.000326	to
370	kay	29721	0.000323	ke
371	musalman	29605	0.000322
372	kher	29451	0.000320
373	bta	29404	0.000320
374	farmaya	29164	0.000317
375	masla	29110	0.000317
376	no	29083	0.000316
377	kilomitr	28871	0.000314
378	roz	28835	0.000314
379	wah	28832	0.000314
380	poori	28808	0.000313
381	ada	28789	0.000313
382	subah	28775	0.000313
383	theen	28765	0.000313
384	janib	28661	0.000312
385	hogi	28645	0.000311
386	in	28627	0.000311
387	madad	28530	0.000310
388	kehna	28467	0.000310
389	qaim	28262	0.000307
390	zikar	28214	0.000307
391	lagey	27873	0.000303
392	qisam	27819	0.000302
393	abad	27806	0.000302
394	muslim	27764	0.000302
395	bahar	27687	0.000301
396	sale	27625	0.000300
397	dena	27555	0.000300
398	duniya	27493	0.000299
399	andaaz	27445	0.000298
400	parre	27404	0.000298
401	bhar	27400	0.000298
402	agay	27274	0.000297
403	amrici	27232	0.000296
404	der	27192	0.000296
405	chore	27136	0.000295
406	samandar	27120	0.000295
407	kab	27097	0.000295
408	zahir	27050	0.000294
409	taa	27014	0.000294
410	shaamil	26985	0.000293
411	chalay	26951	0.000293
412	h	26883	0.000292
413	test	26698	0.000290
414	or	26633	0.000290
415	lau	26565	0.000289
416	izhaar	26534	0.000289
417	mutahidda	26422	0.000287
418	pehla	26346	0.000286
419	dr	26267	0.000286
420	wapas	25938	0.000282
421	taleem	25886	0.000281
422	azam	25866	0.000281
423	mumalik	25481	0.000277
424	saari	25433	0.000277
425	diye	25431	0.000277
426	saat	25389	0.000276
427	chuka	25324	0.000275
428	sun	25242	0.000274
429	qoum	25193	0.000274
430	dafaa	24952	0.000271
431	talluq	24818	0.000270
432	douran	24806	0.000270
433	hamara	24805	0.000270
434	saaray	24791	0.000270
435	achay	24770	0.000269
436	pak	24750	0.000269
437	zail	24629	0.000268
438	aksar	24592	0.000267
439	miley	24511	0.000267
440	sahih	24413	0.000265	sahi
441	hamesha	24396	0.000265
442	bananay	24340	0.000265
443	saddar	24296	0.000264
444	nizaam	24285	0.000264
445	karkay	24278	0.000264
446	jisay	24226	0.000263
447	das	24189	0.000263
448	qarar	24150	0.000263
449	rang	24006	0.000261
450	bharat	23995	0.000261
451	qatal	23947	0.000260
452	darya	23804	0.000259
453	wasallam	23771	0.000258
454	tig	23761	0.000258
455	cricket	23695	0.000258
456	kardiya	23690	0.000258
457	naye	23660	0.000257
458	rahen	23623	0.000257
459	zila	23584	0.000256
460	tv	23505	0.000256
461	hussain	23493	0.000255
462	qaumi	23395	0.000254
463	tab	23389	0.000254
464	allag	23343	0.000254
465	kalaam	23333	0.000254
466	awam	23281	0.000253
467	siyasi	23264	0.000253
468	arab	23189	0.000252
469	banaya	23150	0.000252
470	raye	23092	0.000251
471	deegar	22917	0.000249
472	bar	22903	0.000249
473	ameeen	22831	0.000248
474	ikhtiyar	22687	0.000247
475	iqbal	22663	0.000246
476	aawaz	22663	0.000246
477	wazeer	22634	0.000246
478	bachay	22612	0.000246
479	dun	22590	0.000246
480	zurori	22495	0.000245
481	tareen	22237	0.000242
482	chahta	22219	0.000242
483	baghair	22212	0.000242
484	hogaya	22187	0.000241
485	aadmi	22164	0.000241
486	husn	22141	0.000241
487	hal	22134	0.000241
488	maloomat	22045	0.000240
489	mauqa	21973	0.000239
490	rasool	21927	0.000238
491	baaz	21898	0.000238
492	jald	21895	0.000238
493	haqeeqat	21757	0.000237
494	s	21738	0.000236
495	itnay	21738	0.000236
496	mashhoor	21659	0.000236
497	january	21652	0.000235
498	abbu	21614	0.000235
499	oopar	21597	0.000235
500	sach	21595	0.000235
501	fouj	21515	0.000234
502	mumkin	21478	0.000234
503	dard	21467	0.000233
504	lahore	21455	0.000233	Lahore
505	jaldi	21427	0.000233
506	bachon	21411	0.000233
507	website	21359	0.000232
508	blog	21358	0.000232
509	rehta	21290	0.000231
510	kehnay	21285	0.000231
511	hawalay	21179	0.000230
512	yaqeen	21120	0.000230
513	yaar	21014	0.000228
514	qabil	20777	0.000226
515	tadaad	20678	0.000225
516	dosra	20624	0.000224
517	khobsorat	20594	0.000224
518	mutaliq	20562	0.000224
519	aath	20450	0.000222
520	rehne	20402	0.000222
521	dekhen	20323	0.000221
522	chuke	20314	0.000221
523	gham	20288	0.000221
524	masjid	20253	0.000220
525	faisla	20228	0.000220
526	hoon	20220	0.000220	hun
527	intzaar	20210	0.000220
528	darmain	20204	0.000220
529	qubool	20202	0.000220
530	hukum	20200	0.000220
531	ishhq	20156	0.000219
532	ilaqa	20102	0.000219
533	tehreek	20017	0.000218
534	july	19958	0.000217
535	naya	19957	0.000217
536	ghalib	19924	0.000217
537	parhnay	19905	0.000216
538	halaat	19752	0.000215
539	aks	19712	0.000214
540	aaghaz	19663	0.000214
541	sir	19659	0.000214
542	ahal	19645	0.000214
543	poora	19633	0.000213
544	rakhtay	19615	0.000213
545	chahay	19602	0.000213
546	nazam	19550	0.000213
547	harry	19533	0.000212
548	letay	19509	0.000212
549	qanoon	19508	0.000212
550	jamaat	19501	0.000212
551	jaissa	19414	0.000211
552	qabal	19400	0.000211
553	d	19390	0.000211
554	dobarah	19330	0.000210
555	aalam	19314	0.000210
556	bataya	19298	0.000210
557	khawab	19228	0.000209
558	fikar	19214	0.000209
559	suna	19205	0.000209
560	raah	19190	0.000209
561	talaash	19170	0.000208
562	marey	19130	0.000208
563	farq	19088	0.000208
564	mausam	19053	0.000207
565	feb	19047	0.000207
566	sara	19046	0.000207
567	utar	18990	0.000206
568	daal	18954	0.000206
569	tareeqa	18927	0.000206
570	namaz	18912	0.000206
571	insani	18872	0.000205
572	bartari	18872	0.000205
573	khail	18816	0.000205
574	kirdaar	18776	0.000204
575	lagi	18750	0.000204
576	dar	18749	0.000204
577	waqai	18655	0.000203
578	shukar	18644	0.000203
579	aamdeed	18633	0.000203
580	khanay	18568	0.000202
581	shaya	18561	0.000202
582	jahaaz	18549	0.000202
583	nikal	18537	0.000202
584	azaadi	18521	0.000201
585	tar	18518	0.000201
586	maqsad	18514	0.000201
587	ijazat	18505	0.000201
588	daar	18491	0.000201
589	bangal	18484	0.000201
590	khilaaf	18462	0.000201
591	tu	18376	0.000200
592	mehsoos	18364	0.000200
593	tarjuma	18295	0.000199
594	rakhnay	18291	0.000199
595	taraqqi	18275	0.000199
596	party	18268	0.000199
597	ibn	18241	0.000198
598	bajaye	18177	0.000198
599	aurat	18175	0.000198
600	dhaagay	18142	0.000197
601	para	18075	0.000197
602	arrey	18059	0.000196
603	laga	17984	0.000196
604	teri	17957	0.000195
605	taham	17896	0.000195
606	behtareen	17860	0.000194
607	masroof	17859	0.000194
608	ghalti	17832	0.000194
609	maa	17807	0.000194
610	chaye	17803	0.000194	chai
611	waghera	17788	0.000193
612	imran	17768	0.000193
613	aankhon	17752	0.000193
614	paaya	17749	0.000193
615	zamane	17743	0.000193
616	ayen	17720	0.000193
617	mili	17705	0.000193
618	azeem	17696	0.000192
619	aalmi	17691	0.000192
620	fi	17685	0.000192
621	fehrist	17604	0.000191
622	dinon	17540	0.000191
623	qader	17516	0.000190
624	ataa	17514	0.000190
625	chuki	17510	0.000190
626	pegham	17457	0.000190
627	bhool	17455	0.000190
628	imam	17436	0.000190
629	link	17427	0.000189
630	maqam	17385	0.000189
631	tak	17319	0.000188
632	arabi	17269	0.000188
633	mohtaram	17257	0.000188
634	kehta	17240	0.000187
635	shareef	17239	0.000187
636	film	17200	0.000187
637	mun	17192	0.000187
638	mazmoon	17181	0.000187
639	deti	17101	0.000186
640	assar	17095	0.000186
641	mean	17094	0.000186
642	phone	17053	0.000185
643	syed	17002	0.000185
644	rakhay	17002	0.000185
645	idhar	16995	0.000185
646	nabi	16976	0.000185
647	kha	16974	0.000185
648	roshni	16972	0.000185
649	guzar	16862	0.000183
650	silsila	16723	0.000182
651	nuqsaan	16681	0.000181
652	peechay	16667	0.000181
653	line	16649	0.000181
654	dekhnay	16644	0.000181
655	imaan	16615	0.000181
656	darj	16608	0.000181
657	yay	16603	0.000181
658	ilaqay	16593	0.000180
659	misaal	16564	0.000180
660	mauzo	16542	0.000180
661	azad	16523	0.000180
662	punjab	16441	0.000179	Punjab
663	milta	16382	0.000178
664	huzoor	16366	0.000178
665	hadees	16334	0.000178
666	bhala	16317	0.000177
667	elaan	16286	0.000177
668	chalein	16266	0.000177
669	chaand	16262	0.000177
670	dekhte	16232	0.000176
671	aag	16209	0.000176
672	thori	16198	0.000176
673	feesad	16135	0.000175
674	a	16126	0.000175
675	lainay	16098	0.000175
676	likhnay	16040	0.000174
677	forum	16038	0.000174
678	gai	16025	0.000174	gayi
679	shakal	15939	0.000173
680	bhae	15898	0.000173
681	haazir	15866	0.000173
682	hay	15862	0.000172
683	behas	15843	0.000172
684	aasaan	15838	0.000172
685	tasaveer	15824	0.000172
686	bain	15798	0.000172
687	chahtay	15775	0.000172
688	baton	15773	0.000172
689	behan	15750	0.000171
690	bacha	15724	0.000171
691	haye	15662	0.000170
692	andaza	15636	0.000170
693	taliban	15603	0.000170
694	ryast	15565	0.000169
695	shumaar	15553	0.000169
696	tumahray	15551	0.000169
697	hogayi	15547	0.000169
698	laa	15545	0.000169
699	poanch	15527	0.000169
700	intikhab	15471	0.000168
701	baal	15445	0.000168
702	barh	15434	0.000168
703	eid	15422	0.000168	Eid
704	may	15411	0.000168
705	hamza	15396	0.000167
706	dhaga	15393	0.000167
707	zariye	15358	0.000167
708	khoon	15352	0.000167
709	mah	15347	0.000167
710	rehti	15322	0.000167
711	taqseem	15215	0.000165
712	tabdeel	15214	0.000165
713	laakh	15195	0.000165
714	bawajood	15186	0.000165
715	gayeen	15111	0.000164
716	zindah	15092	0.000164
717	taala	15082	0.000164
718	haalat	15079	0.000164
719	zabardast	15066	0.000164
720	zair	15063	0.000164
721	karni	15056	0.000164
722	adab	15044	0.000164
723	out	15028	0.000163
724	izafah	15013	0.000163
725	martaba	15012	0.000163
726	sarkari	14968	0.000163
727	zimma	14963	0.000163
728	wazeh	14956	0.000163
729	banay	14910	0.000162
730	taamer	14873	0.000162
731	anees	14864	0.000162
732	riyasat	14822	0.000161
733	font	14805	0.000161
734	bunyaad	14778	0.000161
735	shak	14760	0.000160
736	ghhor	14756	0.000160
737	jama	14756	0.000160
738	kahani	14723	0.000160
739	saken	14718	0.000160
740	maza	14689	0.000160
741	tareef	14656	0.000159
742	bad	14606	0.000159
743	manzar	14557	0.000158
744	daari	14553	0.000158
745	tujh	14549	0.000158
746	socha	14530	0.000158
747	waqea	14517	0.000158
748	bay	14516	0.000158
749	parha	14503	0.000158
750	gir	14455	0.000157
751	silsilay	14420	0.000157
752	aman	14398	0.000157
753	tumhari	14389	0.000156
754	aan	14340	0.000156
755	siyasat	14328	0.000156
756	us	14315	0.000156
757	zor	14280	0.000155
758	karam	14271	0.000155
759	pyar	14259	0.000155
760	taqreeban	14254	0.000155
761	masail	14213	0.000155
762	badal	14201	0.000154
763	musalmanoon	14188	0.000154
764	janoobi	14181	0.000154
765	uskay	14180	0.000154
766	typing	14103	0.000153
767	kash	14031	0.000153
768	baara	14021	0.000152
769	kamaal	14021	0.000152
770	assembly	14016	0.000152
771	khanah	13973	0.000152
772	dam	13957	0.000152
773	shoq	13945	0.000152
774	tehat	13924	0.000151
775	khwaja	13917	0.000151
776	sy	13906	0.000151
777	pari	13902	0.000151
778	intahi	13868	0.000151
779	bees	13834	0.000150
780	darja	13822	0.000150
781	tavajja	13819	0.000150
782	chhootey	13798	0.000150
783	behar	13797	0.000150
784	mazhab	13775	0.000150
785	bijli	13729	0.000149
786	m	13703	0.000149
787	uski	13692	0.000149
788	lena	13689	0.000149
789	zehan	13685	0.000149
790	chalo	13657	0.000149
791	baraye	13647	0.000148
792	watan	13635	0.000148
793	fouji	13631	0.000148
794	taaruf	13617	0.000148
795	baba	13540	0.000147
796	parta	13538	0.000147
797	rakhta	13534	0.000147
798	kamyaab	13531	0.000147
799	saaf	13514	0.000147
800	pooch	13501	0.000147
801	pa	13455	0.000146
802	khana	13444	0.000146
803	kami	13418	0.000146
804	hogaye	13382	0.000146
805	hojaye	13361	0.000145
806	soobah	13357	0.000145
807	roza	13333	0.000145
808	baais	13263	0.000144
809	farmaiye	13261	0.000144
810	aziz	13229	0.000144
811	y	13228	0.000144
812	boqt	13211	0.000144
813	khurram	13209	0.000144
814	vote	13184	0.000143
815	hesiyat	13177	0.000143
816	molana	13170	0.000143
817	iran	13167	0.000143
818	sayarah	13146	0.000143
819	fatah	13121	0.000143
820	uska	13116	0.000143
821	kamyabi	13111	0.000143
822	india	13087	0.000142
823	guftagu	13054	0.000142
824	county	13040	0.000142
825	sukh	13029	0.000142
826	khidmat	13025	0.000142
827	mehnat	13012	0.000141
828	buland	13008	0.000141
829	jatay	13001	0.000141
830	hindostan	12943	0.000141
831	saood	12935	0.000141
832	muntakhib	12929	0.000141
833	ba	12928	0.000141
834	dur	12909	0.000140
835	likhi	12902	0.000140
836	albata	12893	0.000140
837	lijiye	12826	0.000139
838	betay	12822	0.000139
839	umdah	12820	0.000139
840	meer	12799	0.000139
841	sindh	12795	0.000139	Sindh
842	injaam	12759	0.000139
843	jaoon	12748	0.000139
844	rab	12735	0.000138
845	kitney	12720	0.000138
846	ajeeb	12660	0.000138
847	of	12633	0.000137
848	doston	12612	0.000137
849	ehsas	12592	0.000137
850	march	12576	0.000137
851	sakht	12573	0.000137
852	zaati	12545	0.000136
853	kijiyej	12544	0.000136
854	saka	12528	0.000136
855	general	12524	0.000136
856	zamana	12442	0.000135
857	chali	12440	0.000135
858	mojooda	12409	0.000135
859	arz	12389	0.000135
860	farma	12384	0.000135
861	aqal	12377	0.000135
862	chain	12373	0.000135
863	mehfooz	12308	0.000134
864	bani	12291	0.000134
865	miss	12277	0.000133
866	waris	12265	0.000133
867	neechay	12245	0.000133
868	arsa	12237	0.000133
869	numaish	12233	0.000133
870	scan	12233	0.000133
871	larki	12231	0.000133
872	f	12202	0.000133
873	baap	12200	0.000133
874	khawateen	12198	0.000133
875	rasta	12180	0.000132
876	ghulam	12173	0.000132
877	shikaar	12132	0.000132
878	aapko	12094	0.000132
879	utha	12070	0.000131
880	mughal	12061	0.000131
881	moazrat	12060	0.000131
882	net	12057	0.000131
883	shuda	12042	0.000131
884	mard	12035	0.000131
885	chunkay	11972	0.000130
886	barabar	11959	0.000130
887	afghanistan	11952	0.000130
888	aankhh	11946	0.000130
889	fun	11934	0.000130
890	nikaal	11896	0.000129
891	decemeber	11886	0.000129
892	bartanwi	11875	0.000129
893	ashaar	11871	0.000129
894	qaisrani	11864	0.000129
895	kitni	11864	0.000129
896	augst	11846	0.000129
897	load	11837	0.000129
898	maghribi	11831	0.000129
899	ain	11824	0.000129
900	computer	11819	0.000129
901	jism	11808	0.000128
902	hathon	11792	0.000128
903	choti	11771	0.000128
904	gussa	11737	0.000128
905	kr	11726	0.000128	kar
906	tre	11713	0.000127
907	alaikum	11703	0.000127
908	ro	11702	0.000127
909	saltanat	11694	0.000127
910	milnay	11675	0.000127
911	maal	11674	0.000127
912	khat	11662	0.000127
913	baithy	11655	0.000127
914	waalid	11650	0.000127
915	farsi	11630	0.000126
916	tafseel	11613	0.000126
917	programme	11595	0.000126
918	tera	11585	0.000126
919	saalgirah	11583	0.000126
920	miyan	11550	0.000126
921	jadeed	11510	0.000125
922	barish	11507	0.000125
923	toh	11499	0.000125
924	mazhabi	11473	0.000125
925	dekho	11467	0.000125
926	nateeja	11466	0.000125
927	morad	11459	0.000125
928	mulaqaat	11459	0.000125
929	biwi	11454	0.000125
930	yah	11453	0.000125
931	score	11450	0.000125
932	rakhna	11436	0.000124
933	inkaar	11429	0.000124
934	aayat	11429	0.000124
935	bartania	11386	0.000124
936	sheikh	11379	0.000124
937	shakhsiyat	11369	0.000124
938	time	11367	0.000124
939	dawat	11336	0.000123
940	mar	11324	0.000123
941	rakhi	11314	0.000123
942	zameen	11311	0.000123
943	kareem	11300	0.000123
944	razi	11286	0.000123
945	gul	11247	0.000122
946	sonay	11236	0.000122
947	shab	11221	0.000122
948	dushman	11215	0.000122
949	faraham	11209	0.000122
950	video	11205	0.000122
951	khaali	11200	0.000122
952	neend	11194	0.000122
953	kitna	11190	0.000122
954	khwahish	11172	0.000121
955	ustaad	11169	0.000121
956	land	11150	0.000121
957	ek	11143	0.000121
958	saboot	11117	0.000121
959	ahmiyat	11113	0.000121
960	click	11100	0.000121
961	mumbai	11091	0.000121
962	khandan	11073	0.000120
963	noor	11056	0.000120
964	muqaddas	11055	0.000120
965	jeet	11051	0.000120
966	ankhen	11036	0.000120
967	rabt	11011	0.000120
968	chalta	11006	0.000120
969	gayab	11006	0.000120
970	science	10996	0.000120
971	mulahiza	10961	0.000119
972	lagaya	10954	0.000119
973	hamlay	10941	0.000119
974	lagti	10939	0.000119
975	agarchay	10933	0.000119
976	award	10927	0.000119
977	gayarah	10916	0.000119
978	post	10914	0.000119
979	sahet	10912	0.000119
980	quied	10904	0.000119
981	maan	10902	0.000119
982	likhte	10882	0.000118
983	lala	10857	0.000118
984	hisaab	10844	0.000118
985	sahi	10840	0.000118
986	pabandi	10839	0.000118
987	mehez	10833	0.000118
988	board	10826	0.000118
989	gird	10799	0.000117
990	jao	10795	0.000117
991	pandrah	10791	0.000117
992	rivayet	10784	0.000117
993	jaanta	10755	0.000117	janta
994	raza	10747	0.000117
995	taaza	10739	0.000117
996	an	10726	0.000117
997	guzashta	10720	0.000117
998	sabab	10712	0.000116
999	kaisi	10690	0.000116
1000	shadeed	10688	0.000116
1001	apkee	10685	0.000116
1002	bil	10663	0.000116
1003	banaye	10663	0.000116
1004	agaya	10660	0.000116
1005	darkhwast	10649	0.000116
1006	khusoosi	10637	0.000116
1007	pr	10627	0.000116
1008	zulm	10606	0.000115
1009	mazay	10602	0.000115
1010	allama	10590	0.000115
1011	fahim	10590	0.000115
1012	laita	10580	0.000115
1013	dekhi	10573	0.000115
1014	haqooq	10570	0.000115
1015	zaat	10531	0.000115
1016	rakhen	10510	0.000114
1017	halaak	10490	0.000114
1018	daakhil	10474	0.000114
1019	munasib	10470	0.000114
1020	tabdeeli	10464	0.000114
1021	hazraat	10458	0.000114
1022	mandarja	10429	0.000113
1023	waqeat	10413	0.000113
1024	maienay	10385	0.000113
1025	dehshat	10369	0.000113
1026	tang	10368	0.000113
1027	arsay	10361	0.000113
1028	awwal	10353	0.000113
1029	larioon	10331	0.000112
1030	rupay	10324	0.000112
1031	sada	10290	0.000112
1032	tujhe	10290	0.000112
1033	mirza	10281	0.000112
1034	nabeel	10280	0.000112
1035	key	10255	0.000112
1036	likhna	10248	0.000111
1037	ap	10246	0.000111	aap
1038	pas	10227	0.000111
1039	herat	10204	0.000111
1040	banai	10200	0.000111
1041	university	10199	0.000111
1042	wujood	10181	0.000111
1043	noon	10175	0.000111
1044	rooh	10170	0.000111
1045	izzat	10161	0.000110
1046	ameer	10156	0.000110
1047	uncle	10114	0.000110
1048	bandi	10108	0.000110
1049	muqablay	10105	0.000110
1050	october	10097	0.000110
1051	dekhna	10080	0.000110
1052	mashriqi	10061	0.000109
1053	unhein	10053	0.000109
1054	april	10036	0.000109
1055	wazahat	10029	0.000109
1056	qabza	10019	0.000109
1057	dikhayi	9987	0.000109
1058	mazameen	9968	0.000108
1059	paye	9967	0.000108
1060	phail	9965	0.000108
1061	saeed	9944	0.000108
1062	sadi	9943	0.000108
1063	taiz	9941	0.000108
1064	faiz	9933	0.000108
1065	sooraj	9909	0.000108
1066	phool	9898	0.000108
1067	ship	9838	0.000107
1068	tasawwur	9829	0.000107
1069	raaz	9829	0.000107
1070	nihayat	9823	0.000107
1071	mahmood	9788	0.000106
1072	september	9773	0.000106
1073	lehaaz	9769	0.000106
1074	tareeqay	9761	0.000106
1075	alla	9758	0.000106
1076	november	9754	0.000106
1077	tri	9738	0.000106
1078	wiki	9732	0.000106
1079	mubarakbaad	9715	0.000106
1080	kahi	9711	0.000106
1081	aglay	9705	0.000106
1082	ehad	9674	0.000105
1083	baras	9669	0.000105
1084	paidaiesh	9667	0.000105
1085	mahswara	9662	0.000105
1086	buri	9659	0.000105
1087	marzi	9643	0.000105
1088	town	9640	0.000105
1089	talab	9639	0.000105
1090	kaisa	9620	0.000105
1091	rehaishi	9619	0.000105
1092	manzil	9618	0.000105
1093	maidan	9599	0.000104
1094	media	9597	0.000104
1095	safar	9584	0.000104
1096	minute	9579	0.000104
1097	intikhabaat	9558	0.000104
1098	aasani	9553	0.000104
1099	nayaab	9533	0.000104
1100	you	9506	0.000103
1101	daftar	9496	0.000103
1102	daad	9484	0.000103
1103	taweel	9467	0.000103
1104	faateh	9464	0.000103
1105	aamad	9436	0.000103
1106	roshan	9413	0.000102
1107	mazaq	9403	0.000102
1108	hey	9401	0.000102
1109	beta	9397	0.000102
1110	chhutti	9371	0.000102
1111	kee	9370	0.000102	ki
1112	abdul	9366	0.000102
1113	himmat	9363	0.000102
1114	payi	9360	0.000102
1115	aisha	9347	0.000102
1116	hissay	9345	0.000102
1117	qadeem	9326	0.000101
1118	tahaqeeq	9312	0.000101
1119	haae	9307	0.000101
1120	jinhon	9304	0.000101
1121	rehna	9287	0.000101
1122	baith	9257	0.000101
1123	aadat	9257	0.000101
1124	raja	9250	0.000101
1125	too	9231	0.000100
1126	solah	9228	0.000100
1127	unwan	9222	0.000100
1128	ghareeb	9221	0.000100
1129	nama	9221	0.000100
1130	maamla	9214	0.000100
1131	ahbaab	9208	0.000100
1132	unki	9204	0.000100
1133	bas	9198	0.000100
1134	gaari	9188	0.000100
1135	k	9182	0.000100	ke
1136	bator	9173	0.000100
1137	likhay	9169	0.000100
1138	dukh	9157	0.000100
1139	ny	9151	0.000100
1140	unhi	9142	0.000099
1141	misar	9136	0.000099
1142	khitaab	9126	0.000099
1143	punjabi	9123	0.000099
1144	shumali	9120	0.000099
1145	hamla	9113	0.000099
1146	pouncha	9110	0.000099
1147	khatir	9092	0.000099
1148	shikast	9086	0.000099
1149	naik	9077	0.000099
1150	baazi	9073	0.000099
1151	chodan	9071	0.000099
1152	shareek	9045	0.000098
1153	ammi	9041	0.000098
1154	tarz	9035	0.000098
1155	new	9026	0.000098
1156	israel	9023	0.000098
1157	internet	9020	0.000098
1158	qeemat	9017	0.000098
1159	ikhtilaaf	9016	0.000098
1160	tanqeed	9008	0.000098
1161	aata	9004	0.000098
1162	markazi	8999	0.000098
1163	rukh	8989	0.000098
1164	siwa	8972	0.000098
1165	insaaf	8967	0.000098
1166	awaami	8961	0.000097
1167	pichlle	8938	0.000097
1168	pathar	8928	0.000097
1169	mizaaj	8927	0.000097
1170	mohsin	8926	0.000097
1171	pairo	8900	0.000097
1172	facebook	8876	0.000097
1173	ail	8869	0.000096
1174	dekhe	8867	0.000096
1175	go	8865	0.000096
1176	sawalaat	8858	0.000096
1177	jhoot	8850	0.000096
1178	kharab	8829	0.000096
1179	ilaqon	8828	0.000096
1180	tabsaray	8827	0.000096
1181	mulki	8785	0.000096
1182	abdullah	8784	0.000096
1183	africa	8766	0.000095
1184	pachees	8756	0.000095
1185	amain	8752	0.000095
1186	wapsi	8748	0.000095
1187	hosla	8742	0.000095
1188	tees	8735	0.000095
1189	anho	8732	0.000095
1190	muashray	8723	0.000095
1191	muqaabla	8719	0.000095
1192	kahe	8719	0.000095
1193	tasleem	8717	0.000095
1194	andar	8716	0.000095
1195	overs	8710	0.000095
1196	maghrib	8707	0.000095
1197	kin	8706	0.000095
1198	wafaat	8701	0.000095
1199	jaisi	8692	0.000095
1200	mra	8668	0.000094
1201	foot	8666	0.000094
1202	kitabon	8663	0.000094
1203	mutfiq	8652	0.000094
1204	mumtaz	8651	0.000094
1205	balochistan	8646	0.000094
1206	idaray	8646	0.000094
1207	baz	8645	0.000094
1208	mukhtasir	8636	0.000094
1209	tey	8611	0.000094
1210	naseeb	8569	0.000093
1211	jannat	8563	0.000093
1212	faisal	8563	0.000093
1213	terah	8562	0.000093
1214	yai	8561	0.000093
1215	bank	8548	0.000093
1216	garam	8529	0.000093
1217	report	8525	0.000093
1218	tarteeb	8513	0.000093
1219	khidmaat	8504	0.000092
1220	aitbaar	8501	0.000092
1221	nuqta	8478	0.000092
1222	bande	8474	0.000092
1223	ghar	8462	0.000092
1224	farmaen	8456	0.000092
1225	gunah	8445	0.000092
1226	sher	8445	0.000092
1227	musalsal	8426	0.000092
1228	sabr	8420	0.000092
1229	sai	8412	0.000091
1230	zayed	8404	0.000091
1231	unkay	8402	0.000091
1232	bol	8399	0.000091
1233	qiyam	8393	0.000091
1234	qareeb	8389	0.000091
1235	dollar	8388	0.000091
1236	mustaqbil	8377	0.000091
1237	bujey	8375	0.000091
1238	ta	8375	0.000091
1239	gaon	8374	0.000091
1240	fazai	8374	0.000091
1241	nstaliq	8369	0.000091
1242	mobile	8368	0.000091
1243	file	8360	0.000091
1244	railway	8328	0.000091
1245	musallah	8300	0.000090
1246	reham	8294	0.000090
1247	ray	8291	0.000090
1248	taakay	8271	0.000090
1249	satrah	8269	0.000090
1250	baaes	8259	0.000090
1251	station	8256	0.000090
1252	maazi	8254	0.000090
1253	bah	8251	0.000090
1254	pesey	8222	0.000089
1255	bachpan	8222	0.000089
1256	wao	8222	0.000089
1257	ghantay	8213	0.000089
1258	raast	8213	0.000089
1259	kai	8205	0.000089
1260	layte	8200	0.000089
1261	dainee	8196	0.000089
1262	chobees	8195	0.000089
1263	rastay	8194	0.000089
1264	qalam	8184	0.000089
1265	barah	8183	0.000089
1266	dijiye	8182	0.000089
1267	baari	8178	0.000089
1268	tabeer	8178	0.000089
1269	shaheed	8176	0.000089
1270	amjad	8171	0.000089
1271	paiir	8169	0.000089
1272	over	8168	0.000089
1273	farz	8166	0.000089
1274	niklay	8152	0.000089
1275	rehmat	8140	0.000089
1276	hayaat	8140	0.000089
1277	paon	8140	0.000089
1278	akhbar	8139	0.000089
1279	ibtidayi	8128	0.000088
1280	naraaz	8125	0.000088
1281	nasal	8107	0.000088
1282	jumla	8105	0.000088
1283	aqwam	8083	0.000088
1284	muqarrar	8069	0.000088
1285	lout	8068	0.000088
1286	sabiq	8065	0.000088
1287	sarah	8065	0.000088
1288	khuwa	8055	0.000088
1289	pal	8053	0.000088
1290	ua	8050	0.000088
1291	manzoor	8048	0.000088
1292	league	8048	0.000088
1293	wazan	8041	0.000087
1294	shahid	8040	0.000087
1295	muhib	8035	0.000087
1296	group	8030	0.000087
1297	majaboor	8029	0.000087
1298	sakay	8017	0.000087
1299	code	7988	0.000087
1300	chhota	7985	0.000087
1301	qayamat	7963	0.000087
1302	nigaar	7956	0.000087
1303	darasal	7943	0.000086
1304	bilal	7936	0.000086
1305	parhi	7928	0.000086
1306	araha	7925	0.000086
1307	tajurbah	7922	0.000086
1308	daman	7912	0.000086
1309	iradah	7906	0.000086
1310	nazdeek	7893	0.000086
1311	channel	7892	0.000086
1312	sakun	7889	0.000086
1313	aakhir	7883	0.000086
1314	naqal	7878	0.000086
1315	aldeen	7847	0.000085
1316	plzzzz	7840	0.000085
1317	rishta	7837	0.000085
1318	markaz	7829	0.000085
1319	school	7829	0.000085
1320	bunyadi	7826	0.000085
1321	tarah	7804	0.000085
1322	mutalea	7800	0.000085
1323	arakeen	7794	0.000085
1324	ilmi	7789	0.000085
1325	satais	7779	0.000085
1326	parheen	7778	0.000085
1327	nigah	7757	0.000084
1328	bhaij	7750	0.000084
1329	jani	7724	0.000084
1330	per	7691	0.000084	par
1331	tumhara	7681	0.000084
1332	ittehaad	7673	0.000083
1333	mutasir	7670	0.000083
1334	hind	7668	0.000083
1335	chairman	7658	0.000083
1336	hawala	7656	0.000083
1337	kiijiye	7644	0.000083
1338	daikhta	7639	0.000083
1339	auqaat	7636	0.000083
1340	qowat	7634	0.000083
1341	ibadat	7634	0.000083
1342	farhat	7629	0.000083
1343	safhaat	7627	0.000083
1344	record	7626	0.000083
1345	mana	7620	0.000083
1346	suni	7616	0.000083
1347	maalik	7611	0.000083
1348	cheezon	7610	0.000083
1349	rakhti	7601	0.000083
1350	france	7600	0.000083
1351	madinah	7596	0.000083
1352	hii	7595	0.000083
1353	novel	7589	0.000083
1354	muntaqil	7572	0.000082
1355	goya	7562	0.000082
1356	jehaad	7562	0.000082
1357	garmi	7560	0.000082
1358	amli	7555	0.000082
1359	jitna	7552	0.000082
1360	intqaal	7546	0.000082
1361	poor	7537	0.000082
1362	deewar	7536	0.000082
1363	mood	7535	0.000082
1364	himayat	7532	0.000082
1365	chup	7529	0.000082
1366	giroh	7527	0.000082
1367	athaara	7520	0.000082
1368	banana	7520	0.000082
1369	khamosh	7510	0.000082
1370	cheezein	7500	0.000082
1371	muamlay	7492	0.000081
1372	maaf	7490	0.000081
1373	nikla	7487	0.000081
1374	kashmir	7486	0.000081
1375	aksariyat	7480	0.000081
1376	khol	7476	0.000081
1377	kaayenaat	7472	0.000081
1378	apnay	7471	0.000081
1379	turkey	7467	0.000081
1380	ikees	7460	0.000081
1381	sdraldin	7452	0.000081
1382	toar	7446	0.000081
1383	chacha	7441	0.000081
1384	down	7439	0.000081
1385	australia	7436	0.000081
1386	duayen	7432	0.000081
1387	our	7431	0.000081
1388	bahhar	7427	0.000081
1389	samjhta	7426	0.000081
1390	aindah	7424	0.000081
1391	aahista	7423	0.000081
1392	de	7422	0.000081
1393	aitraaz	7418	0.000081
1394	google	7405	0.000081
1395	raqam	7386	0.000080
1396	car	7376	0.000080
1397	khil	7373	0.000080
1398	sultan	7373	0.000080
1399	usool	7361	0.000080
1400	kilometer	7354	0.000080
1401	unatees	7348	0.000080
1402	halaank	7335	0.000080
1403	aakar	7330	0.000080
1404	colum	7330	0.000080
1405	pasandeeda	7325	0.000080
1406	kahoon	7325	0.000080
1407	tauba	7316	0.000080
1408	jawabaat	7294	0.000079
1409	guzray	7291	0.000079
1410	ejaaz	7290	0.000079
1411	baqaida	7280	0.000079
1412	series	7279	0.000079
1413	akhtar	7275	0.000079
1414	karwai	7274	0.000079
1415	aeen	7268	0.000079
1416	masoom	7268	0.000079
1417	jinhein	7266	0.000079
1418	jaat	7261	0.000079
1419	shaed	7253	0.000079
1420	police	7243	0.000079
1421	taluqaat	7243	0.000079
1422	bilhaaz	7216	0.000078
1423	beti	7211	0.000078
1424	shahzad	7204	0.000078
1425	qaid	7194	0.000078
1426	nateejay	7191	0.000078
1427	matti	7190	0.000078
1428	ilaaj	7190	0.000078
1429	dosti	7189	0.000078
1430	hadaayat	7185	0.000078
1431	haar	7183	0.000078
1432	puranay	7174	0.000078
1433	rgbi	7174	0.000078
1434	bomb	7171	0.000078
1435	jaiye	7155	0.000078
1436	aasman	7150	0.000078
1437	kaa	7135	0.000078
1438	rukan	7123	0.000077
1439	nato	7123	0.000077
1440	bat	7113	0.000077
1441	makhsoos	7097	0.000077
1442	raftaar	7087	0.000077
1443	rabita	7087	0.000077
1444	wow	7073	0.000077
1445	srilanka	7067	0.000077
1446	hafiz	7063	0.000077
1447	june	7061	0.000077
1448	kufar	7049	0.000077
1449	nakaam	7046	0.000077
1450	abbas	7041	0.000077
1451	pareshan	7038	0.000077
1452	azaab	7034	0.000076
1453	bhaag	7034	0.000076
1454	ishara	7028	0.000076
1455	zain	7024	0.000076
1456	chabis	7022	0.000076
1457	iraq	7015	0.000076
1458	baab	7014	0.000076
1459	baala	7011	0.000076
1460	haath	7008	0.000076
1461	kharray	7008	0.000076
1462	athais	6998	0.000076
1463	interview	6995	0.000076
1464	conference	6994	0.000076
1465	note	6990	0.000076
1466	aapas	6989	0.000076
1467	mlitay	6984	0.000076
1468	saada	6983	0.000076
1469	world	6980	0.000076
1470	bantaa	6962	0.000076
1471	zareya	6960	0.000076
1472	inaam	6952	0.000076
1473	meharbani	6950	0.000076
1474	pehchan	6943	0.000075
1475	mashriq	6934	0.000075
1476	alfaaz	6933	0.000075
1477	bolnay	6925	0.000075
1478	taalib	6923	0.000075
1479	zabanon	6908	0.000075
1480	tarbiyat	6903	0.000075
1481	chunancha	6878	0.000075
1482	lehaza	6876	0.000075
1483	parda	6869	0.000075
1484	kitaaben	6867	0.000075
1485	behna	6842	0.000074
1486	chehray	6839	0.000074
1487	khayalat	6829	0.000074
1488	harf	6818	0.000074
1489	ra	6817	0.000074
1490	class	6808	0.000074
1491	qismat	6797	0.000074
1492	irshad	6779	0.000074
1493	kutub	6769	0.000074
1494	election	6760	0.000074
1495	bharti	6742	0.000073
1496	frazz	6737	0.000073
1497	baagh	6708	0.000073
1498	cheeni	6706	0.000073
1499	parvez	6703	0.000073
1500	bakol	6702	0.000073
1501	beech	6694	0.000073
1502	takleef	6694	0.000073
1503	yousuf	6693	0.000073
1504	mansoobah	6692	0.000073
1505	wada	6690	0.000073
1506	tajweez	6684	0.000073
1507	mufti	6671	0.000073
1508	tromin	6670	0.000073
1509	roos	6664	0.000072
1510	shehri	6652	0.000072
1511	are	6649	0.000072
1512	raho	6644	0.000072
1513	panah	6642	0.000072
1514	mehdood	6625	0.000072
1515	ziada	6623	0.000072
1516	kiya	6621	0.000072
1517	tayari	6620	0.000072
1518	adbi	6613	0.000072
1519	ummat	6598	0.000072
1520	maqbool	6595	0.000072
1521	ji	6573	0.000071
1522	bus	6568	0.000071
1523	adad	6563	0.000071
1524	bardasht	6563	0.000071
1525	share	6549	0.000071
1526	kh	6548	0.000071
1527	guzra	6546	0.000071
1528	jitni	6545	0.000071
1529	puhanche	6544	0.000071
1530	waar	6529	0.000071
1531	zardari	6520	0.000071
1532	suneney	6517	0.000071
1533	maheman	6513	0.000071
1534	khara	6512	0.000071
1535	dili	6509	0.000071
1536	bach	6506	0.000071
1537	mazboot	6498	0.000071
1538	shehron	6497	0.000071
1539	ramadaan	6491	0.000071
1540	sameit	6484	0.000071
1541	kamzor	6480	0.000070
1542	maslan	6480	0.000070
1543	tea	6479	0.000070
1544	lagtay	6475	0.000070
1545	nazriya	6474	0.000070
1546	college	6464	0.000070
1547	copy	6458	0.000070
1548	betha	6451	0.000070
1549	mand	6449	0.000070
1550	majmoa	6449	0.000070
1551	hifazat	6441	0.000070
1552	aurton	6436	0.000070
1553	takhleeq	6433	0.000070
1554	p	6430	0.000070
1555	rahe	6430	0.000070
1556	imarat	6428	0.000070
1557	afwaj	6420	0.000070
1558	sabaq	6419	0.000070
1559	lateeni	6407	0.000070
1560	office	6392	0.000070
1561	zamee	6389	0.000069
1562	idaara	6383	0.000069
1563	nisbat	6380	0.000069
1564	tashreef	6374	0.000069
1565	insanon	6372	0.000069
1566	kaaf	6370	0.000069
1567	khatrah	6365	0.000069
1568	lutaf	6357	0.000069
1569	sardi	6330	0.000069
1570	mahol	6324	0.000069
1571	dala	6311	0.000069
1572	khula	6306	0.000069
1573	daant	6299	0.000068
1574	adam	6294	0.000068
1575	tail	6289	0.000068
1576	aagai	6287	0.000068
1577	sarbarah	6279	0.000068
1578	sorat	6278	0.000068
1579	farmatay	6277	0.000068
1580	gana	6277	0.000068
1581	shikayat	6271	0.000068
1582	rokkk	6265	0.000068
1583	moseeqi	6263	0.000068
1584	dahai	6261	0.000068
1585	inglistan	6253	0.000068
1586	achanak	6251	0.000068
1587	khanaay	6247	0.000068
1588	haqeeqi	6240	0.000068
1589	nasir	6223	0.000068
1590	dilchasp	6223	0.000068
1591	surah	6220	0.000068
1592	bazaar	6216	0.000068
1593	dlhara	6206	0.000067
1594	yahin	6203	0.000067
1595	muddat	6189	0.000067
1596	hazaron	6187	0.000067
1597	tahazeeb	6182	0.000067
1598	zakhmi	6181	0.000067
1599	nites	6180	0.000067
1600	haftay	6178	0.000067
1601	sarhad	6174	0.000067
1602	jurm	6173	0.000067
1603	sabhi	6172	0.000067
1604	sachhi	6167	0.000067
1605	nishaan	6165	0.000067
1606	tashkeel	6144	0.000067
1607	wahid	6141	0.000067
1608	mara	6138	0.000067
1609	court	6135	0.000067
1610	gaind	6135	0.000067
1611	crore	6134	0.000067
1612	hun	6134	0.000067
1613	mawaad	6131	0.000067
1614	nafrat	6125	0.000067
1615	gum	6114	0.000066
1616	maroof	6113	0.000066
1617	badshah	6108	0.000066
1618	mustaqil	6105	0.000066
1619	soft	6104	0.000066
1620	suroor	6103	0.000066
1621	shool	6099	0.000066
1622	samaan	6096	0.000066
1623	saabit	6090	0.000066
1624	likhain	6088	0.000066
1625	sukoon	6082	0.000066
1626	saaz	6072	0.000066
1627	peshawar	6070	0.000066	Peshawar
1628	muhim	6069	0.000066
1629	pehlu	6061	0.000066
1630	aulaad	6051	0.000066
1631	aed	6051	0.000066
1632	seekhnay	6051	0.000066
1633	beeet	6039	0.000066
1634	ghazi	6039	0.000066
1635	darkaar	6035	0.000066
1636	karwa	6021	0.000065
1637	saamna	6015	0.000065
1638	hajj	6010	0.000065
1639	keliye	6009	0.000065
1640	musannif	6003	0.000065
1641	farooq	6002	0.000065
1642	girftar	5995	0.000065
1643	aizaz	5977	0.000065
1644	hojata	5975	0.000065
1645	chehra	5969	0.000065
1646	zalim	5968	0.000065
1647	aapka	5966	0.000065
1648	azan	5953	0.000065
1649	tayyar	5951	0.000065
1650	pyare	5951	0.000065
1651	padtee	5949	0.000065
1652	batana	5938	0.000065
1653	khuda	5933	0.000065
1654	tafseer	5932	0.000065
1655	tark	5930	0.000064
1656	mecca	5929	0.000064
1657	tanzeem	5925	0.000064
1658	ballay	5925	0.000064
1659	jany	5922	0.000064
1660	team	5913	0.000064
1661	arif	5907	0.000064
1662	shirkat	5904	0.000064
1663	paar	5903	0.000064
1664	larai	5901	0.000064
1665	faqat	5898	0.000064
1666	marnay	5897	0.000064
1667	hawa	5880	0.000064
1668	mukhalfat	5873	0.000064
1669	misraa	5869	0.000064
1670	shagufata	5866	0.000064
1671	chalne	5865	0.000064
1672	muqami	5864	0.000064
1673	kharch	5864	0.000064
1674	pakar	5856	0.000064
1675	mann	5855	0.000064
1676	qayadat	5854	0.000064
1677	tasdeeq	5853	0.000064
1678	mamlaat	5852	0.000064
1679	type	5852	0.000064
1680	toot	5849	0.000064
1681	ittila	5847	0.000064
1682	hadd	5839	0.000063
1683	nae	5833	0.000063
1684	fatima	5821	0.000063
1685	ibtida	5820	0.000063
1686	tra	5819	0.000063
1687	te	5818	0.000063
1688	jamhoriat	5800	0.000063
1689	g	5796	0.000063
1690	safaid	5794	0.000063
1691	heen	5793	0.000063
1692	council	5792	0.000063
1693	maahir	5789	0.000063
1694	ekhtataam	5787	0.000063
1695	honi	5774	0.000063
1696	fazl	5770	0.000063
1697	sdfsd	5768	0.000063
1698	boojh	5761	0.000063
1699	mahinay	5759	0.000063
1700	pyari	5753	0.000063
1701	ham	5753	0.000063
1702	hans	5752	0.000063
1703	adalat	5746	0.000062
1704	iqtidaar	5746	0.000062
1705	jala	5744	0.000062
1706	chaltay	5734	0.000062
1707	saans	5731	0.000062
1708	heran	5731	0.000062
1709	germany	5723	0.000062
1710	soobay	5721	0.000062
1711	parhay	5717	0.000062
1712	aao	5709	0.000062
1713	poooray	5707	0.000062
1714	daleel	5704	0.000062
1715	sar	5702	0.000062
1716	fiza	5702	0.000062
1717	naak	5699	0.000062
1718	daryaft	5699	0.000062
1719	lambi	5698	0.000062
1720	aajay	5694	0.000062
1721	pagal	5693	0.000062
1722	walidain	5687	0.000062
1723	shaan	5686	0.000062
1724	wahi	5684	0.000062
1725	judda	5681	0.000062
1726	daagh	5675	0.000062
1727	peenay	5670	0.000062
1728	horahee	5661	0.000062
1729	khatoon	5657	0.000062
1730	sobai	5657	0.000062
1731	governor	5651	0.000061
1732	mufeed	5641	0.000061
1733	hindu	5637	0.000061
1734	jeh	5633	0.000061
1735	doulat	5605	0.000061
1736	one	5603	0.000061
1737	wasee	5601	0.000061
1738	london	5595	0.000061
1739	ayaat	5590	0.000061
1740	aala	5588	0.000061
1741	daan	5588	0.000061
1742	mafhuum	5584	0.000061
1743	kara	5582	0.000061
1744	and	5564	0.000061
1745	sona	5564	0.000061
1746	bukhari	5560	0.000060
1747	butt	5557	0.000060
1748	riwayaat	5555	0.000060
1749	win	5551	0.000060
1750	bin	5551	0.000060
1751	idaron	5549	0.000060
1752	apke	5547	0.000060
1753	muft	5542	0.000060
1754	jazbaat	5542	0.000060
1755	nazil	5529	0.000060
1756	free	5527	0.000060
1757	numaya	5526	0.000060
1758	harkat	5515	0.000060
1759	imthehaan	5514	0.000060
1760	taswerain	5512	0.000060
1761	arkaan	5510	0.000060
1762	tabiyat	5509	0.000060
1763	saloon	5509	0.000060
1764	qawaneen	5505	0.000060
1765	chairag	5503	0.000060
1766	sh	5500	0.000060
1767	hosh	5498	0.000060
1768	doodh	5495	0.000060
1769	qanooni	5490	0.000060
1770	maqamat	5489	0.000060
1771	hua	5484	0.000060
1772	muashi	5474	0.000060
1773	shore	5465	0.000059
1774	udaas	5460	0.000059
1775	peoples	5459	0.000059
1776	iqtabas	5458	0.000059
1777	wifaqi	5455	0.000059
1778	hafta	5452	0.000059
1779	laya	5452	0.000059
1780	ahadees	5451	0.000059
1781	parhte	5449	0.000059
1782	mehboob	5438	0.000059
1783	bheja	5432	0.000059
1784	usmaan	5432	0.000059
1785	kaatnay	5424	0.000059
1786	yaqeenan	5422	0.000059
1787	tanha	5420	0.000059
1788	page	5419	0.000059
1789	dhoop	5419	0.000059
1790	parhna	5418	0.000059
1791	maffi	5417	0.000059
1792	nojawan	5413	0.000059
1793	europe	5410	0.000059
1794	kaho	5404	0.000059
1795	kafir	5403	0.000059
1796	ay	5402	0.000059
1797	je	5402	0.000059
1798	ginti	5399	0.000059
1799	zar	5398	0.000059
1800	ganay	5396	0.000059
1801	mehal	5396	0.000059
1802	shakir	5386	0.000059
1803	naahi	5384	0.000059
1804	zainab	5381	0.000059
1805	hakeem	5379	0.000058
1806	aloy	5375	0.000058
1807	sarkar	5374	0.000058
1808	chala	5374	0.000058
1809	maaray	5374	0.000058
1810	majeed	5370	0.000058
1811	dikha	5365	0.000058
1812	mukhalif	5362	0.000058
1813	hatt	5357	0.000058
1814	bangladesh	5340	0.000058
1815	barf	5339	0.000058
1816	paighamaat	5338	0.000058
1817	wicket	5336	0.000058
1818	aabb	5329	0.000058
1819	kefiyat	5327	0.000058
1820	news	5324	0.000058
1821	match	5324	0.000058
1822	amar	5323	0.000058
1823	bhuto	5323	0.000058
1824	mutadid	5322	0.000058
1825	jaiza	5314	0.000058
1826	tahir	5313	0.000058
1827	shohar	5310	0.000058
1828	inka	5307	0.000058
1829	ohday	5304	0.000058
1830	maraslay	5303	0.000058
1831	agli	5296	0.000058
1832	gole	5282	0.000057
1833	hokar	5280	0.000057
1834	install	5277	0.000057
1835	bhaieyon	5274	0.000057
1836	gali	5272	0.000057
1837	hijrat	5268	0.000057
1838	sajid	5265	0.000057
1839	uth	5264	0.000057
1840	naveed	5260	0.000057
1841	teesri	5259	0.000057
1842	all	5257	0.000057
1843	iftikhar	5255	0.000057
1844	banti	5248	0.000057
1845	zakham	5242	0.000057
1846	air	5242	0.000057
1847	afzai	5236	0.000057
1848	miyaar	5235	0.000057
1849	aya	5234	0.000057
1850	ayy	5234	0.000057
1851	betaye	5232	0.000057
1852	momin	5232	0.000057
1853	zubair	5230	0.000057
1854	duaon	5229	0.000057
1855	sang	5228	0.000057
1856	mere	5226	0.000057
1857	lab	5213	0.000057
1858	shandaar	5211	0.000057
1859	dora	5209	0.000057
1860	zabt	5208	0.000057
1861	huroof	5202	0.000057
1862	tabah	5200	0.000057
1863	canada	5196	0.000056
1864	farmai	5194	0.000056
1865	rasam	5194	0.000056
1866	pedawar	5193	0.000056
1867	begum	5192	0.000056
1868	degree	5190	0.000056
1869	karlen	5190	0.000056
1870	sala	5185	0.000056
1871	safhay	5181	0.000056
1872	rehnuma	5178	0.000056
1873	chori	5177	0.000056
1874	sair	5177	0.000056
1875	operation	5174	0.000056
1876	karain	5171	0.000056
1877	seekh	5168	0.000056
1878	huien	5167	0.000056
1879	ilzaam	5163	0.000056
1880	imdaad	5163	0.000056
1881	da	5161	0.000056
1882	control	5155	0.000056
1883	majlis	5151	0.000056
1884	khusbhoo	5150	0.000056
1885	app	5150	0.000056
1886	cheif	5149	0.000056
1887	kho	5148	0.000056
1888	sitam	5147	0.000056
1889	guzaar	5145	0.000056
1890	sharaab	5145	0.000056
1891	mehakma	5143	0.000056
1892	haider	5140	0.000056
1893	ree	5137	0.000056
1894	asif	5136	0.000056
1895	sehar	5134	0.000056
1896	hh	5134	0.000056
1897	committee	5133	0.000056
1898	molvi	5130	0.000056
1899	kamray	5130	0.000056
1900	chalees	5128	0.000056
1901	n	5126	0.000056
1902	aagaye	5117	0.000056
1903	milein	5117	0.000056
1904	sharah	5107	0.000056
1905	lamha	5105	0.000056
1906	sahafi	5103	0.000055
1907	saathi	5102	0.000055
1908	surkh	5093	0.000055
1909	khamoshi	5091	0.000055
1910	taleemi	5090	0.000055
1911	samjhain	5076	0.000055
1912	mumbar	5072	0.000055
1913	sochta	5072	0.000055
1914	hojati	5071	0.000055
1915	khususiyaat	5070	0.000055
1916	hawai	5061	0.000055
1917	khareed	5059	0.000055
1918	dia	5059	0.000055
1919	moahida	5058	0.000055
1920	tofeq	5053	0.000055
1921	asd	5049	0.000055
1922	yafta	5042	0.000055
1923	mehdi	5039	0.000055
1924	kamon	5037	0.000055
1925	ansoo	5027	0.000055
1926	asar	5014	0.000055
1927	ulma	5011	0.000054
1928	nataij	5010	0.000054
1929	bemari	5009	0.000054
1930	uf	5007	0.000054
1931	sahaba	5000	0.000054
1932	sardar	4998	0.000054
1933	dekhieye	4994	0.000054
1934	professor	4991	0.000054
1935	dareaye	4990	0.000054
1936	larke	4989	0.000054
1937	badolat	4987	0.000054
1938	ajab	4983	0.000054
1939	sha	4979	0.000054
1940	chahti	4971	0.000054
1941	bharpoor	4971	0.000054
1942	aaina	4968	0.000054
1943	shumal	4967	0.000054
1944	saki	4967	0.000054
1945	karein	4965	0.000054
1946	saza	4964	0.000054
1947	pait	4961	0.000054
1948	hikmat	4957	0.000054
1949	mojoodgi	4954	0.000054
1950	qibla	4954	0.000054
1951	josh	4950	0.000054
1952	faislay	4949	0.000054
1953	bachi	4940	0.000054
1954	askari	4937	0.000054
1955	jaakar	4930	0.000054
1956	wa	4929	0.000054
1957	vle	4928	0.000054
1958	dawa	4926	0.000054
1959	maana	4912	0.000053
1960	tashadud	4912	0.000053
1961	wicketon	4910	0.000053
1962	unko	4910	0.000053
1963	saleem	4909	0.000053
1964	teh	4908	0.000053
1965	saa	4901	0.000053
1966	oh	4897	0.000053
1967	kardah	4890	0.000053
1968	qudrat	4889	0.000053
1969	fehmi	4887	0.000053
1970	kashti	4880	0.000053
1971	hasti	4880	0.000053
1972	fakhr	4878	0.000053
1973	laazmi	4867	0.000053
1974	jamea	4860	0.000053
1975	ahsaan	4857	0.000053
1976	kashi	4852	0.000053
1977	zaraye	4849	0.000053
1978	zuba	4844	0.000053
1979	sahoolat	4829	0.000053
1980	halqa	4818	0.000052
1981	hamlon	4814	0.000052
1982	arsaal	4814	0.000052
1983	wdj	4808	0.000052
1984	sochnay	4801	0.000052
1985	way	4795	0.000052
1986	rehtay	4791	0.000052
1987	rohani	4791	0.000052
1988	hijaab	4791	0.000052
1989	francesi	4788	0.000052
1990	tabahi	4787	0.000052
1991	jaaiz	4786	0.000052
1992	tijarat	4785	0.000052
1993	system	4785	0.000052
1994	hy	4782	0.000052
1995	dilon	4781	0.000052
1996	name	4780	0.000052
1997	shart	4776	0.000052
1998	nizami	4770	0.000052
1999	gae	4759	0.000052
2000	aas	4757	0.000052
2001	karkardagi	4757	0.000052
2002	husool	4755	0.000052
2003	dafaq	4753	0.000052
2004	jitne	4749	0.000052
2005	itwaar	4749	0.000052
2006	sehraa	4748	0.000052
2007	marhoom	4745	0.000052
2008	technology	4742	0.000052
2009	amuman	4737	0.000052
2010	hospital	4732	0.000051
2011	istilaah	4732	0.000051
2012	chohadry	4731	0.000051
2013	dhoond	4729	0.000051
2014	salahiyat	4728	0.000051
2015	muhayya	4727	0.000051
2016	kaari	4725	0.000051
2017	misbet	4724	0.000051
2018	lahoo	4723	0.000051
2019	tareekhi	4715	0.000051
2020	mutaliqa	4714	0.000051
2021	gosht	4707	0.000051
2022	national	4703	0.000051
2023	nafs	4703	0.000051
2024	gharz	4696	0.000051
2025	teesra	4694	0.000051
2026	york	4691	0.000051
2027	jummay	4689	0.000051
2028	shariat	4681	0.000051
2029	ashaat	4679	0.000051
2030	mozuaat	4675	0.000051
2031	khaya	4666	0.000051
2032	farokht	4666	0.000051
2033	aamaal	4663	0.000051
2034	dastyab	4662	0.000051
2035	saya	4656	0.000051
2036	fursat	4656	0.000051
2037	jarahi	4654	0.000051
2038	sarmaya	4650	0.000051
2039	khiladion	4649	0.000051
2040	likhon	4643	0.000050
2041	drama	4639	0.000050
2042	roznama	4633	0.000050
2043	sdfdsf	4631	0.000050
2044	word	4620	0.000050
2045	likhta	4619	0.000050
2046	musafir	4615	0.000050
2047	asdasd	4613	0.000050
2048	twenty	4612	0.000050
2049	ladi	4612	0.000050
2050	bhaari	4611	0.000050
2051	mahireen	4610	0.000050
2052	mumlikat	4608	0.000050
2053	me	4604	0.000050
2054	zouq	4597	0.000050
2055	english	4596	0.000050
2056	waaqif	4593	0.000050
2057	tarmeem	4581	0.000050
2058	pehle	4581	0.000050
2059	nirng	4580	0.000050
2060	jinah	4578	0.000050
2061	taees	4574	0.000050
2062	bastii	4573	0.000050
2063	millti	4565	0.000050
2064	case	4558	0.000050
2065	bano	4557	0.000050
2066	taqreer	4555	0.000050
2067	sukhan	4554	0.000050
2068	cal	4549	0.000049
2069	sorry	4543	0.000049
2070	aah	4541	0.000049
2071	jamhooria	4535	0.000049
2072	barqarar	4535	0.000049
2073	farogh	4535	0.000049
2074	beshtar	4530	0.000049
2075	kinare	4530	0.000049
2076	asad	4524	0.000049
2077	rah	4519	0.000049
2078	tarek	4518	0.000049
2079	final	4510	0.000049
2080	wajohaat	4490	0.000049
2081	teer	4488	0.000049
2082	khata	4488	0.000049
2083	janwar	4485	0.000049
2084	hakoomati	4485	0.000049
2085	hararat	4484	0.000049
2086	muahiday	4484	0.000049
2087	khulay	4480	0.000049
2088	bolay	4477	0.000049
2089	shoba	4477	0.000049
2090	munfarid	4476	0.000049
2091	dekhaya	4474	0.000049
2092	room	4474	0.000049
2093	jumlay	4474	0.000049
2094	seenay	4474	0.000049
2095	larkiyon	4472	0.000049
2096	bemaar	4468	0.000049
2097	khyber	4467	0.000049
2098	nami	4463	0.000049
2099	mamooli	4458	0.000048
2100	miqdaar	4453	0.000048
2101	shahadat	4453	0.000048
2102	yee	4451	0.000048
2103	jarjya	4442	0.000048
2104	fitrat	4435	0.000048
2105	cheet	4435	0.000048
2106	high	4433	0.000048
2107	kala	4433	0.000048
2108	darakht	4426	0.000048
2109	purana	4424	0.000048
2110	uthaya	4422	0.000048
2111	gilaay	4415	0.000048
2112	rawana	4413	0.000048
2113	mabni	4411	0.000048
2114	adaad	4401	0.000048
2115	inn	4397	0.000048
2116	shoiab	4396	0.000048
2117	bakhash	4395	0.000048
2118	work	4393	0.000048
2119	mohar	4382	0.000048
2120	tadween	4379	0.000048
2121	bitanay	4378	0.000048
2122	takhat	4376	0.000048
2123	qissa	4375	0.000048
2124	sub	4375	0.000048
2125	alehda	4373	0.000048
2126	junoob	4369	0.000048
2127	dhair	4368	0.000047
2128	qoul	4366	0.000047
2129	yahodi	4365	0.000047
2130	koy	4364	0.000047
2131	barha	4362	0.000047
2132	afghan	4362	0.000047
2133	lagaye	4361	0.000047
2134	asli	4355	0.000047
2135	ehtram	4354	0.000047
2136	fori	4353	0.000047
2137	pazeer	4351	0.000047
2138	akhirat	4349	0.000047
2139	zyada	4345	0.000047
2140	qadri	4344	0.000047
2141	qudrati	4342	0.000047
2142	chhupa	4342	0.000047
2143	sood	4340	0.000047
2144	hasil	4340	0.000047
2145	tenu	4338	0.000047
2146	captain	4337	0.000047
2147	gun	4333	0.000047
2148	akailey	4329	0.000047
2149	ruk	4328	0.000047
2150	ma	4325	0.000047
2151	jamaaton	4323	0.000047
2152	niyat	4323	0.000047
2153	khari	4320	0.000047
2154	taap	4316	0.000047
2155	amaan	4309	0.000047
2156	farakh	4307	0.000047
2157	daali	4306	0.000047
2158	milna	4305	0.000047
2159	rasheed	4301	0.000047
2160	sani	4290	0.000047
2161	yuhin	4289	0.000047
2162	badlay	4288	0.000047
2163	muashra	4285	0.000047
2164	halal	4284	0.000047
2165	inqilab	4283	0.000047
2166	khushi	4280	0.000047
2167	karzzzz	4275	0.000046
2168	bahanay	4274	0.000046
2169	bhook	4272	0.000046
2170	amaar	4267	0.000046
2171	rakh	4266	0.000046
2172	radd	4266	0.000046
2173	muntazir	4265	0.000046
2174	darwazay	4262	0.000046
2175	mohtarma	4262	0.000046
2176	banatay	4259	0.000046
2177	saahil	4256	0.000046
2178	chalti	4256	0.000046
2179	ibrahim	4253	0.000046
2180	gharri	4252	0.000046
2181	shai	4247	0.000046
2182	kheriyat	4245	0.000046
2183	walida	4243	0.000046
2184	samaji	4241	0.000046
2185	shumari	4240	0.000046
2186	lake	4239	0.000046
2187	sattar	4236	0.000046
2188	kiani	4230	0.000046
2189	ining	4228	0.000046
2190	bhabhee	4228	0.000046
2191	maang	4225	0.000046
2192	t	4220	0.000046
2193	taaqat	4219	0.000046
2194	qabar	4218	0.000046
2195	parasti	4214	0.000046
2196	currency	4214	0.000046
2197	zaya	4212	0.000046
2198	makaan	4210	0.000046
2199	kartay	4210	0.000046
2200	naz	4209	0.000046
2201	tazkara	4207	0.000046
2202	aasmaa	4207	0.000046
2203	badan	4202	0.000046
2204	nawaz	4198	0.000046
2205	dheyaan	4197	0.000046
2206	wabsta	4195	0.000046
2207	aloom	4192	0.000046
2208	tanhai	4182	0.000045
2209	zafar	4174	0.000045
2210	qist	4173	0.000045
2211	road	4168	0.000045
2212	boli	4168	0.000045
2213	baen	4167	0.000045
2214	tasawuf	4162	0.000045
2215	maeeshat	4161	0.000045
2216	nikah	4161	0.000045
2217	gaah	4156	0.000045
2218	taawun	4154	0.000045
2219	numa	4153	0.000045
2220	ti	4150	0.000045
2221	chandi	4149	0.000045
2222	mulkon	4144	0.000045
2223	wasti	4143	0.000045
2224	saudi	4136	0.000045
2225	mardon	4129	0.000045
2226	tabadlah	4127	0.000045
2227	haqayiq	4123	0.000045
2228	jigar	4119	0.000045
2229	back	4118	0.000045
2230	europi	4117	0.000045
2231	maseeh	4112	0.000045
2232	sabiqa	4109	0.000045
2233	nasiyaat	4102	0.000045
2234	dastakhat	4097	0.000045
2235	thak	4091	0.000044
2236	rehma	4091	0.000044
2237	saath	4090	0.000044
2238	shukriya	4085	0.000044
2239	pemanay	4078	0.000044
2240	lashkar	4078	0.000044
2241	sad	4074	0.000044
2242	samgha	4072	0.000044
2243	lafzon	4072	0.000044
2244	batayi	4069	0.000044
2245	seen	4069	0.000044
2246	ni	4068	0.000044
2247	sahab	4066	0.000044
2248	lagen	4061	0.000044
2249	saazi	4059	0.000044
2250	daawa	4056	0.000044
2251	chor	4054	0.000044
2252	arzoo	4054	0.000044
2253	door	4053	0.000044
2254	jaadoo	4039	0.000044
2255	junoo	4034	0.000044
2256	wusool	4033	0.000044
2257	tashreeh	4028	0.000044
2258	dhamakay	4026	0.000044
2259	faida	4023	0.000044
2260	aadam	4023	0.000044
2261	lakhoon	4018	0.000044
2262	shamoliat	4017	0.000044
2263	boltay	4014	0.000044
2264	sard	4004	0.000044
2265	nawab	4002	0.000044
2266	chasham	4001	0.000044
2267	indiana	3997	0.000043
2268	tajzia	3996	0.000043
2269	aai	3995	0.000043
2270	kitab	3994	0.000043
2271	intizamia	3989	0.000043
2272	justice	3986	0.000043
2273	noman	3983	0.000043
2274	tan	3982	0.000043
2275	kaamil	3982	0.000043
2276	card	3981	0.000043
2277	budh	3979	0.000043
2278	zia	3978	0.000043
2279	lagana	3978	0.000043
2280	open	3969	0.000043
2281	maqasid	3966	0.000043
2282	zeher	3957	0.000043
2283	walii	3957	0.000043
2284	policy	3954	0.000043
2285	irani	3953	0.000043
2286	rawa	3953	0.000043
2287	pachaas	3951	0.000043
2288	sae	3944	0.000043
2289	zehni	3943	0.000043
2290	sadiiyon	3942	0.000043
2291	mangal	3940	0.000043
2292	jheel	3939	0.000043
2293	mukamal	3938	0.000043
2294	union	3935	0.000043
2295	tahaffuz	3935	0.000043
2296	libaas	3934	0.000043
2297	khuli	3934	0.000043
2298	tasveer	3934	0.000043
2299	bohot	3934	0.000043
2300	aon	3924	0.000043
2301	teesray	3923	0.000043
2302	foran	3921	0.000043
2303	maali	3920	0.000043
2304	khtama	3917	0.000043
2305	nikala	3914	0.000043
2306	difaa	3914	0.000043
2307	list	3914	0.000043
2308	mazah	3912	0.000043
2309	poochna	3912	0.000043
2310	ronaqe	3908	0.000042
2311	bataiye	3903	0.000042
2312	insha	3902	0.000042
2313	cricketer	3895	0.000042
2314	aamdani	3893	0.000042
2315	afsana	3889	0.000042
2316	logo	3888	0.000042
2317	niklny	3888	0.000042
2318	mulk	3888	0.000042
2319	indian	3883	0.000042
2320	tawaqqa	3882	0.000042
2321	zamray	3882	0.000042
2322	aagah	3881	0.000042
2323	kat	3877	0.000042
2324	noshi	3875	0.000042
2325	aamir	3875	0.000042
2326	mutala	3874	0.000042
2327	buraiee	3874	0.000042
2328	muyassar	3872	0.000042
2329	ikhlaqi	3872	0.000042
2330	dhamki	3871	0.000042
2331	nijaat	3869	0.000042
2332	vndoz	3869	0.000042
2333	siyah	3868	0.000042
2334	firqa	3863	0.000042
2335	photo	3863	0.000042
2336	mukhatib	3861	0.000042
2337	mamnon	3858	0.000042
2338	mazaar	3854	0.000042
2339	kaarobar	3853	0.000042
2340	bairooni	3852	0.000042
2341	gup	3852	0.000042
2342	shahi	3849	0.000042
2343	batao	3845	0.000042
2344	javed	3844	0.000042
2345	janwaron	3838	0.000042
2346	churraya	3830	0.000042
2347	shetan	3828	0.000042
2348	munaqqid	3826	0.000042
2349	inayat	3825	0.000042
2350	mareez	3822	0.000042
2351	jungi	3821	0.000042
2352	janam	3821	0.000042
2353	garh	3819	0.000042
2354	klov	3819	0.000042
2355	afridi	3816	0.000041
2356	fallak	3815	0.000041
2357	gas	3813	0.000041
2358	muzahira	3812	0.000041
2359	hijar	3808	0.000041
2360	admion	3803	0.000041
2361	dein	3801	0.000041
2362	rootti	3793	0.000041
2363	tabhi	3791	0.000041
2364	sarfeen	3790	0.000041
2365	banayen	3790	0.000041
2366	konsi	3790	0.000041
2367	ghalatiyan	3788	0.000041
2368	usmani	3787	0.000041
2369	mubtala	3786	0.000041
2370	matan	3785	0.000041
2371	sagheer	3785	0.000041
2372	chaman	3781	0.000041
2373	sahara	3778	0.000041
2374	rozana	3776	0.000041
2375	sawab	3773	0.000041
2376	lughat	3772	0.000041
2377	guzarish	3771	0.000041
2378	arhay	3765	0.000041
2379	company	3758	0.000041
2380	yak	3758	0.000041
2381	mukhtaar	3754	0.000041
2382	mansoor	3753	0.000041
2383	sharam	3751	0.000041
2384	ky	3749	0.000041
2385	khilafat	3747	0.000041
2386	swat	3745	0.000041
2387	nazriaat	3744	0.000041
2388	billi	3743	0.000041
2389	charon	3742	0.000041
2390	cupp	3740	0.000041
2391	anjuman	3739	0.000041
2392	seekha	3729	0.000041
2393	ikhlaq	3727	0.000041
2394	muqadma	3726	0.000041
2395	zik	3726	0.000041
2396	seh	3725	0.000041
2397	kardey	3717	0.000040
2398	form	3714	0.000040
2399	leader	3711	0.000040
2400	nisf	3709	0.000040
2401	guzri	3708	0.000040
2402	darwaaza	3708	0.000040
2403	chahoon	3708	0.000040
2404	qilah	3705	0.000040
2405	hee	3705	0.000040
2406	tamanna	3704	0.000040
2407	aqeedah	3701	0.000040
2408	intizami	3698	0.000040
2409	england	3695	0.000040
2410	muhabbat	3695	0.000040
2411	atif	3694	0.000040
2412	mushkilaat	3692	0.000040
2413	rujoo	3687	0.000040
2414	assaar	3682	0.000040
2415	gaa	3682	0.000040
2416	pashto	3667	0.000040
2417	feal	3661	0.000040
2418	riloyz	3659	0.000040
2419	rishte	3657	0.000040
2420	mantay	3655	0.000040
2421	osama	3653	0.000040
2422	jameel	3648	0.000040
2423	han	3648	0.000040	haan
2424	muratab	3648	0.000040
2425	shohrat	3641	0.000040
2426	daikhon	3641	0.000040
2427	dain	3640	0.000040
2428	aetmaad	3636	0.000040
2429	hasrat	3636	0.000040
2430	saqafat	3635	0.000040
2431	janti	3631	0.000039
2432	zumra	3630	0.000039
2433	asia	3627	0.000039
2434	nazeer	3625	0.000039
2435	balouch	3624	0.000039
2436	saqi	3623	0.000039
2437	lazim	3620	0.000039
2438	neez	3619	0.000039
2439	barson	3615	0.000039
2440	badalna	3615	0.000039
2441	ajayeen	3612	0.000039
2442	dhoka	3608	0.000039
2443	wastay	3606	0.000039
2444	buray	3604	0.000039
2445	congress	3602	0.000039
2446	radio	3601	0.000039
2447	madah	3601	0.000039
2448	jeetay	3601	0.000039
2449	pohanchi	3597	0.000039
2450	dast	3596	0.000039
2451	naqvi	3593	0.000039
2452	sulooq	3592	0.000039
2453	shaksiaat	3591	0.000039
2454	choup	3590	0.000039
2455	jamhoori	3590	0.000039
2456	bazm	3590	0.000039
2457	seedha	3590	0.000039
2458	taloot	3589	0.000039
2459	suntay	3587	0.000039
2460	angraiz	3583	0.000039
2461	hathyaar	3582	0.000039
2462	yar	3581	0.000039
2463	baani	3578	0.000039
2464	uss	3574	0.000039
2465	majmaa	3570	0.000039
2466	ikatees	3570	0.000039
2467	hukmraanon	3569	0.000039
2468	naat	3569	0.000039
2469	kapray	3566	0.000039
2470	mad	3563	0.000039
2471	karli	3563	0.000039
2472	jawan	3563	0.000039
2473	asateza	3562	0.000039
2474	marasla	3561	0.000039
2475	ijaad	3560	0.000039
2476	dyie	3560	0.000039
2477	filmon	3558	0.000039
2478	umomi	3558	0.000039
2479	bahadur	3554	0.000039
2480	yadgar	3544	0.000039
2481	pur	3543	0.000039
2482	falan	3535	0.000038
2483	pounchanay	3532	0.000038
2484	ajmal	3529	0.000038
2485	ayub	3524	0.000038
2486	tawanai	3524	0.000038
2487	jail	3524	0.000038
2488	nafiz	3521	0.000038
2489	drone	3509	0.000038
2490	lajawab	3508	0.000038
2491	bare	3508	0.000038
2492	sobon	3507	0.000038
2493	singh	3506	0.000038
2494	dayen	3504	0.000038
2495	million	3504	0.000038
2496	pasandeedgi	3504	0.000038
2497	pouchye	3504	0.000038
2498	khalifa	3501	0.000038
2499	black	3501	0.000038
2500	amarat	3499	0.000038
2501	jungle	3499	0.000038
2502	charah	3496	0.000038
2503	hassan	3494	0.000038
2504	anaa	3491	0.000038
2505	maar	3490	0.000038
2506	taaj	3489	0.000038
2507	parday	3486	0.000038
2508	karnay	3483	0.000038
2509	samjhi	3482	0.000038
2510	tarkeeb	3482	0.000038
2511	scienci	3481	0.000038
2512	jaam	3480	0.000038
2513	sprim	3473	0.000038
2514	otaar	3467	0.000038
2515	rukhsat	3466	0.000038
2516	rawalpindi	3463	0.000038
2517	farmaaish	3463	0.000038
2518	aye	3463	0.000038
2519	diary	3459	0.000038
2520	parast	3458	0.000038
2521	hudood	3456	0.000038
2522	neelam	3454	0.000038
2523	pareshani	3451	0.000038
2524	tasalii	3448	0.000037
2525	khatima	3447	0.000037
2526	dopehar	3444	0.000037
2527	tijarti	3443	0.000037
2528	pakistanio	3441	0.000037
2529	karsaktha	3439	0.000037
2530	kisay	3437	0.000037
2531	sadiq	3436	0.000037
2532	karliya	3435	0.000037
2533	naqsh	3435	0.000037
2534	haamil	3433	0.000037
2535	barhti	3431	0.000037
2536	farmaan	3421	0.000037
2537	jamal	3420	0.000037
2538	hunar	3416	0.000037
2539	jazba	3415	0.000037
2540	azmat	3413	0.000037
2541	barbaad	3407	0.000037
2542	kii	3406	0.000037
2543	dubai	3403	0.000037
2544	adakar	3391	0.000037
2545	naqsha	3385	0.000037
2546	gawah	3385	0.000037
2547	nazron	3383	0.000037
2548	gumaan	3381	0.000037
2549	lagnay	3379	0.000037
2550	sochte	3379	0.000037
2551	data	3379	0.000037
2552	shamil	3379	0.000037
2553	rawayya	3376	0.000037
2554	shiah	3375	0.000037
2555	agla	3375	0.000037
2556	ashya	3373	0.000037
2557	amma	3373	0.000037
2558	waqeye	3371	0.000037
2559	taqdeer	3369	0.000037
2560	queta	3365	0.000037
2561	mutabadil	3364	0.000037
2562	mujrim	3362	0.000037
2563	musharraf	3361	0.000037
2564	namak	3360	0.000037
2565	bari	3360	0.000037
2566	lamhay	3357	0.000037
2567	zawaal	3357	0.000037
2568	daramay	3356	0.000036
2569	rashid	3356	0.000036
2570	nawway	3355	0.000036
2571	qeemti	3354	0.000036
2572	khabrain	3352	0.000036
2573	raaj	3352	0.000036
2574	pearl	3351	0.000036
2575	jawani	3349	0.000036
2576	qabail	3348	0.000036
2577	karaam	3346	0.000036
2578	hindustani	3344	0.000036
2579	sochen	3344	0.000036
2580	sathiyon	3342	0.000036
2581	war	3339	0.000036
2582	sindhi	3338	0.000036
2583	marshal	3334	0.000036
2584	bhara	3332	0.000036
2585	nikalta	3331	0.000036
2586	daira	3331	0.000036
2587	behri	3330	0.000036
2588	ohda	3326	0.000036
2589	parhai	3326	0.000036
2590	gawahi	3326	0.000036
2591	anwar	3324	0.000036
2592	salamat	3324	0.000036
2593	karbalaa	3322	0.000036
2594	shiraakat	3321	0.000036
2595	salana	3321	0.000036
2596	amlay	3320	0.000036
2597	nemat	3319	0.000036
2598	batees	3314	0.000036
2599	guzarnay	3313	0.000036
2600	tentees	3312	0.000036
2601	munsalik	3311	0.000036
2602	batata	3309	0.000036
2603	ost	3307	0.000036
2604	iqtisadi	3307	0.000036
2605	isaai	3307	0.000036
2606	sulaiman	3306	0.000036
2607	pakka	3300	0.000036
2608	safai	3298	0.000036
2609	shikwah	3298	0.000036
2610	chontis	3298	0.000036
2611	jaga	3297	0.000036	jagah
2612	layein	3294	0.000036
2613	shanakht	3291	0.000036
2614	larka	3291	0.000036
2615	rahy	3291	0.000036
2616	dara	3286	0.000036
2617	aitraaf	3284	0.000036
2618	nagar	3283	0.000036
2619	pahar	3280	0.000036
2620	j	3277	0.000036
2621	akbar	3276	0.000036
2622	siddiqui	3274	0.000036
2623	khasi	3272	0.000036
2624	badnaam	3271	0.000036
2625	feham	3269	0.000036
2626	aashiq	3267	0.000036
2627	dahi	3260	0.000035
2628	tax	3260	0.000035
2629	marz	3259	0.000035
2630	newzea	3258	0.000035
2631	rehman	3256	0.000035
2632	jarahay	3256	0.000035
2633	dikhaane	3255	0.000035
2634	daalnay	3254	0.000035
2635	ihtimaam	3253	0.000035
2636	utaar	3252	0.000035
2637	gehri	3251	0.000035
2638	saktay	3250	0.000035
2639	dushmanon	3248	0.000035
2640	houn	3248	0.000035
2641	talwar	3247	0.000035
2642	links	3247	0.000035
2643	masrufiyat	3244	0.000035
2644	rivaaj	3244	0.000035
2645	karwnay	3241	0.000035
2646	khushk	3238	0.000035
2647	manfi	3233	0.000035
2648	afsaanay	3233	0.000035
2649	hasb	3231	0.000035
2650	sochna	3230	0.000035
2651	hmm	3228	0.000035
2652	muaqqaf	3225	0.000035
2653	ehkaam	3225	0.000035
2654	aashna	3225	0.000035
2655	naazuk	3225	0.000035
2656	paata	3224	0.000035
2657	panay	3224	0.000035
2658	faraiz	3223	0.000035
2659	barqi	3223	0.000035
2660	qaazi	3220	0.000035
2661	mutalba	3216	0.000035
2662	taqreeb	3214	0.000035
2663	dushmani	3213	0.000035
2664	tafseelaat	3211	0.000035
2665	dairay	3209	0.000035
2666	paste	3209	0.000035
2667	kaaba	3206	0.000035
2668	sunaein	3204	0.000035
2669	phoolon	3203	0.000035
2670	maarny	3203	0.000035
2671	rasai	3201	0.000035
2672	tauheen	3197	0.000035
2673	lagatay	3193	0.000035
2674	dewan	3192	0.000035
2675	bachanay	3191	0.000035
2676	khoobi	3190	0.000035
2677	poucheen	3188	0.000035
2678	hyderabad	3187	0.000035
2679	khilari	3186	0.000035
2680	pan	3184	0.000035
2681	namona	3184	0.000035
2682	azhar	3182	0.000035
2683	shar	3180	0.000035
2684	huwa	3178	0.000035
2685	shaukat	3165	0.000034
2686	pasandi	3163	0.000034
2687	falsafah	3161	0.000034
2688	behnoon	3160	0.000034
2689	khaaliq	3152	0.000034
2690	lagayen	3152	0.000034
2691	batatay	3151	0.000034
2692	zabardasti	3151	0.000034
2693	kafi	3151	0.000034
2694	sourat	3150	0.000034
2695	mosoof	3149	0.000034
2696	ulta	3145	0.000034
2697	misalein	3144	0.000034
2698	qaail	3143	0.000034
2699	zahuur	3143	0.000034
2700	saarhay	3141	0.000034
2701	shaakh	3140	0.000034
2702	yaan	3138	0.000034
2703	charh	3138	0.000034
2704	misra	3137	0.000034
2705	doctor	3134	0.000034
2706	ahmad	3134	0.000034
2707	rahaish	3133	0.000034
2708	akhri	3133	0.000034
2709	taasub	3132	0.000034
2710	b	3129	0.000034	bhi
2711	jinsi	3128	0.000034
2712	phela	3127	0.000034
2713	pyara	3125	0.000034
2714	dor	3121	0.000034
2715	mawaqay	3121	0.000034
2716	pichli	3120	0.000034
2717	mulaika	3119	0.000034
2718	paya	3117	0.000034
2719	dasht	3117	0.000034
2720	museebat	3116	0.000034
2721	tajarbaat	3114	0.000034
2722	islaah	3113	0.000034
2723	chalanay	3113	0.000034
2724	kidhar	3113	0.000034
2725	dalain	3113	0.000034
2726	avhayyo	3112	0.000034
2727	dair	3112	0.000034
2728	waisa	3109	0.000034
2729	patti	3109	0.000034
2730	younis	3106	0.000034
2731	androoni	3105	0.000034
2732	baadal	3105	0.000034
2733	gilah	3105	0.000034
2734	makhlooq	3101	0.000034
2735	japan	3101	0.000034
2736	talaq	3101	0.000034
2737	sayeda	3098	0.000034
2738	position	3097	0.000034
2739	darbaar	3095	0.000034
2740	roosi	3090	0.000034
2741	rakho	3089	0.000034
2742	karwaya	3087	0.000034
2743	buzurgon	3085	0.000034
2744	bundon	3084	0.000034
2745	mardum	3080	0.000033
2746	w	3079	0.000033
2747	version	3079	0.000033
2748	akhbarat	3076	0.000033
2749	badla	3073	0.000033
2750	pakhtunkhwa	3073	0.000033
2751	ijtimai	3073	0.000033
2752	setaaray	3071	0.000033
2753	gunjaish	3071	0.000033
2754	lateefa	3070	0.000033
2755	haami	3068	0.000033
2756	parhta	3066	0.000033
2757	qaafley	3066	0.000033
2758	mazakraat	3065	0.000033
2759	riwayati	3063	0.000033
2760	wale	3062	0.000033
2761	sarif	3061	0.000033
2762	afsar	3061	0.000033
2763	jaya	3061	0.000033
2764	pesha	3058	0.000033
2765	sabz	3057	0.000033
2766	yi	3055	0.000033
2767	khaye	3052	0.000033
2768	talemaat	3049	0.000033
2769	laal	3048	0.000033
2770	daud	3048	0.000033
2771	ayi	3045	0.000033
2772	riaz	3044	0.000033
2773	phal	3042	0.000033
2774	mansoob	3041	0.000033
2775	drtay	3039	0.000033
2776	secretary	3038	0.000033
2777	mashwaray	3036	0.000033
2778	daraaz	3032	0.000033
2779	dalail	3029	0.000033
2780	taab	3028	0.000033
2781	saif	3027	0.000033
2782	yahudion	3026	0.000033
2783	section	3026	0.000033
2784	tehseel	3021	0.000033
2785	aadaab	3021	0.000033
2786	shama	3020	0.000033
2787	hisson	3017	0.000033
2788	khatmay	3017	0.000033
2789	hazf	3017	0.000033
2790	tohfa	3017	0.000033
2791	fuzool	3014	0.000033
2792	nigari	3014	0.000033
2793	laash	3011	0.000033
2794	zeli	3011	0.000033
2795	ghusse	3010	0.000033
2796	bantay	3008	0.000033
2797	aadhi	3006	0.000033
2798	c	3006	0.000033
2799	asbaab	3003	0.000033
2800	mourr	3002	0.000033
2801	ahwaal	3001	0.000033
2802	dada	3001	0.000033
2803	nawaza	3000	0.000033
2804	buut	3000	0.000033
2805	sulah	2997	0.000033
2806	jins	2997	0.000033
2807	gardish	2997	0.000033
2808	security	2996	0.000033
2809	wizarat	2995	0.000033
2810	filmi	2995	0.000033
2811	aaeni	2994	0.000033
2812	ura	2993	0.000033
2813	jaib	2992	0.000033
2814	hata	2991	0.000033
2815	runs	2990	0.000033
2816	tehqiqaat	2990	0.000033
2817	reyaston	2990	0.000033
2818	io	2989	0.000033
2819	sajda	2986	0.000032
2820	darjay	2986	0.000032
2821	khawar	2985	0.000032
2822	jame	2985	0.000032
2823	khowaboon	2985	0.000032
2824	muzammat	2982	0.000032
2825	aunti	2978	0.000032
2826	nabwi	2977	0.000032
2827	chaal	2972	0.000032
2828	khaala	2968	0.000032
2829	search	2967	0.000032
2830	raazi	2966	0.000032
2831	kissi	2966	0.000032
2832	karanay	2965	0.000032
2833	akela	2965	0.000032
2834	khusihyan	2965	0.000032
2835	goi	2963	0.000032
2836	engrazeo	2962	0.000032
2837	bahana	2961	0.000032
2838	islamabad	2958	0.000032	Islamabad
2839	meh	2956	0.000032
2840	market	2955	0.000032
2841	hazir	2954	0.000032
2842	masood	2953	0.000032
2843	khaam	2951	0.000032
2844	option	2950	0.000032
2845	vskonsn	2949	0.000032
2846	parcham	2947	0.000032
2847	jahannum	2946	0.000032
2848	akhaz	2946	0.000032
2849	kari	2946	0.000032
2850	california	2944	0.000032
2851	machhli	2941	0.000032
2852	hashar	2940	0.000032
2853	box	2939	0.000032
2854	khalayi	2936	0.000032
2855	deewana	2933	0.000032
2856	button	2931	0.000032
2857	sharminda	2930	0.000032
2858	kaghaz	2928	0.000032
2859	niklee	2928	0.000032
2860	qadam	2926	0.000032
2861	doray	2926	0.000032
2862	khayi	2925	0.000032
2863	nawazish	2924	0.000032
2864	danish	2923	0.000032
2865	jaffer	2922	0.000032
2866	daidh	2921	0.000032
2867	baet	2921	0.000032
2868	salman	2921	0.000032
2869	chorra	2915	0.000032
2870	ghaznavi	2914	0.000032
2871	waqat	2912	0.000032
2872	asraat	2911	0.000032
2873	dekhatii	2911	0.000032
2874	jeeney	2908	0.000032
2875	anasir	2907	0.000032
2876	waadi	2905	0.000032
2877	lay	2905	0.000032
2878	rafta	2900	0.000032
2879	khudi	2899	0.000032
2880	hockey	2898	0.000032
2881	shehr	2896	0.000031
2882	layi	2895	0.000031
2883	bulaa	2893	0.000031
2884	intibah	2893	0.000031
2885	angaiz	2892	0.000031
2886	degiye	2891	0.000031
2887	faqeer	2889	0.000031
2888	soda	2884	0.000031
2889	karaya	2881	0.000031
2890	dastoor	2877	0.000031
2891	naamon	2875	0.000031
2892	rait	2874	0.000031
2893	malka	2874	0.000031
2894	lamba	2873	0.000031
2895	nokari	2872	0.000031
2896	aawar	2870	0.000031
2897	giri	2869	0.000031
2898	dukaan	2867	0.000031
2899	raaij	2865	0.000031
2900	masharti	2862	0.000031
2901	jeetnay	2861	0.000031
2902	salamti	2860	0.000031
2903	doum	2860	0.000031
2904	jabeen	2858	0.000031
2905	ak	2855	0.000031
2906	khizaa	2854	0.000031
2907	nuskha	2854	0.000031
2908	uthaye	2852	0.000031
2909	sakte	2848	0.000031
2910	hoe	2845	0.000031
2911	nikaltay	2842	0.000031
2912	mansoobay	2840	0.000031
2913	paintees	2837	0.000031
2914	yy	2836	0.000031
2915	aliiiii	2835	0.000031
2916	quresh	2833	0.000031
2917	hafeez	2832	0.000031
2918	hoye	2830	0.000031
2919	bore	2828	0.000031
2920	alag	2827	0.000031
2921	shahrah	2826	0.000031
2922	thoray	2825	0.000031
2923	mulazmat	2825	0.000031
2924	hukmaran	2824	0.000031
2925	abb	2824	0.000031
2926	fiqa	2822	0.000031
2927	game	2822	0.000031
2928	roop	2819	0.000031
2929	job	2819	0.000031
2930	usoolon	2818	0.000031
2931	yii	2818	0.000031
2932	indies	2815	0.000031
2933	intizam	2814	0.000031
2934	khuloos	2813	0.000031
2935	mansab	2813	0.000031
2936	jalva	2813	0.000031
2937	palestine	2812	0.000031
2938	numaindagi	2811	0.000031
2939	texas	2810	0.000031
2940	ghanta	2807	0.000031
2941	khalis	2807	0.000031
2942	badalny	2806	0.000031
2943	tanz	2805	0.000031
2944	faasla	2804	0.000030
2945	karporasion	2801	0.000030
2946	gunaaho	2800	0.000030
2947	gardon	2798	0.000030
2948	painsath	2797	0.000030
2949	taied	2797	0.000030
2950	salebi	2797	0.000030
2951	barket	2797	0.000030
2952	pabandiyan	2797	0.000030
2953	nasr	2796	0.000030
2954	mamool	2793	0.000030
2955	duroood	2793	0.000030
2956	mahi	2791	0.000030
2957	asleha	2789	0.000030
2958	badar	2789	0.000030
2959	munazzam	2788	0.000030
2960	vaastaa	2788	0.000030
2961	gehra	2785	0.000030
2962	joor	2783	0.000030
2963	salawon	2783	0.000030
2964	azlaa	2781	0.000030
2965	nasb	2780	0.000030
2966	mazahab	2780	0.000030
2967	islahat	2779	0.000030
2968	abi	2779	0.000030
2969	chhat	2778	0.000030
2970	palat	2776	0.000030
2971	aftaab	2772	0.000030
2972	chhatees	2772	0.000030
2973	gazleen	2771	0.000030
2974	gaz	2771	0.000030
2975	run	2770	0.000030
2976	gina	2767	0.000030
2977	qran	2767	0.000030
2978	nisar	2764	0.000030
2979	yakeeni	2763	0.000030
2980	tally	2763	0.000030
2981	taimoor	2763	0.000030
2982	zahmat	2761	0.000030
2983	parliment	2756	0.000030
2984	donon	2756	0.000030
2985	hijaz	2753	0.000030
2986	release	2753	0.000030
2987	ghulami	2752	0.000030
2988	sitaron	2750	0.000030
2989	laip	2748	0.000030
2990	baki	2748	0.000030
2991	sey	2748	0.000030
2992	gira	2747	0.000030
2993	insaan	2746	0.000030
2994	mehram	2745	0.000030
2995	fasaad	2744	0.000030
2996	screen	2744	0.000030
2997	missile	2741	0.000030
2998	faraar	2740	0.000030
2999	urooj	2737	0.000030
3000	khaiz	2737	0.000030
3001	manay	2731	0.000030
3002	kharja	2728	0.000030
3003	munir	2726	0.000030
3004	tabassum	2725	0.000030
3005	judge	2725	0.000030
3006	tableegh	2721	0.000030
3007	nabuwat	2717	0.000030
3008	ise	2717	0.000030
3009	lehjey	2716	0.000030
3010	parrin	2716	0.000030
3011	bayalees	2715	0.000030
3012	mughfirat	2712	0.000029
3013	fsdf	2712	0.000029
3014	khoubsurti	2711	0.000029
3015	hero	2711	0.000029
3016	sanat	2708	0.000029
3017	aj	2708	0.000029	aaj
3018	hochuki	2707	0.000029
3019	tib	2705	0.000029
3020	bulaya	2701	0.000029
3021	faaslay	2699	0.000029
3022	lana	2698	0.000029
3023	bzahir	2697	0.000029
3024	bharay	2696	0.000029
3025	mushahida	2695	0.000029
3026	yoni	2695	0.000029
3027	nigrani	2694	0.000029
3028	rizwan	2690	0.000029
3029	kharabi	2689	0.000029
3030	take	2687	0.000029
3031	manind	2687	0.000029
3032	ird	2686	0.000029
3033	bawan	2686	0.000029
3034	byanoe	2685	0.000029
3035	chappan	2684	0.000029
3036	kaseer	2682	0.000029
3037	muntazmeen	2682	0.000029
3038	yaado	2681	0.000029
3039	l	2677	0.000029
3040	tabqa	2676	0.000029
3041	ewaan	2672	0.000029
3042	kare	2672	0.000029
3043	chahat	2671	0.000029
3044	ansar	2670	0.000029
3045	ass	2670	0.000029
3046	saahib	2668	0.000029
3047	bhaap	2666	0.000029
3048	athawan	2663	0.000029
3049	paper	2663	0.000029
3050	athanway	2660	0.000029
3051	ashraf	2659	0.000029
3052	fraib	2657	0.000029
3053	stavan	2655	0.000029
3054	geherai	2653	0.000029
3055	namaloom	2652	0.000029
3056	wusat	2651	0.000029
3057	filme	2650	0.000029
3058	noori	2650	0.000029
3059	ishtihar	2650	0.000029
3060	andaleeb	2650	0.000029
3061	zarb	2649	0.000029
3062	aayiyae	2649	0.000029
3063	adeeb	2648	0.000029
3064	shiddat	2648	0.000029
3065	fayrng	2648	0.000029
3066	klasiki	2647	0.000029
3067	dhamaka	2647	0.000029
3068	qasba	2644	0.000029
3069	dabao	2640	0.000029
3070	show	2638	0.000029
3071	qareebi	2636	0.000029
3072	maqsood	2636	0.000029
3073	khoraak	2633	0.000029
3074	khtati	2631	0.000029
3075	kehlata	2631	0.000029
3076	umoor	2631	0.000029
3077	gaaye	2631	0.000029
3078	thim	2631	0.000029
3079	qabzay	2630	0.000029
3080	bakhair	2628	0.000029
3081	rozay	2628	0.000029
3082	yoon	2627	0.000029
3083	saqafati	2626	0.000029
3084	ticket	2625	0.000029
3085	home	2625	0.000029
3086	nakaat	2624	0.000029
3087	bag	2623	0.000029
3088	laag	2622	0.000029
3089	artalees	2620	0.000028
3090	jasakay	2618	0.000028
3091	coat	2618	0.000028
3092	baha	2617	0.000028
3093	haliya	2616	0.000028
3094	jaghon	2615	0.000028
3095	safah	2615	0.000028
3096	jan	2615	0.000028
3097	tehattar	2613	0.000028
3098	x	2612	0.000028
3099	jashnn	2612	0.000028
3100	naqaab	2612	0.000028
3101	qaryin	2611	0.000028
3102	khutoot	2609	0.000028
3103	text	2609	0.000028
3104	khafa	2609	0.000028
3105	subhan	2609	0.000028
3106	gurbat	2607	0.000028
3107	chonsath	2605	0.000028
3108	tasneef	2604	0.000028
3109	karaye	2602	0.000028
3110	mareekh	2602	0.000028
3111	house	2601	0.000028
3112	sintalis	2601	0.000028
3113	daaley	2600	0.000028
3114	bahami	2598	0.000028
3115	istarah	2598	0.000028
3116	park	2594	0.000028
3117	iqdaam	2594	0.000028
3118	jaag	2594	0.000028
3119	atomi	2593	0.000028
3120	sharait	2592	0.000028
3121	basath	2592	0.000028
3122	nasha	2591	0.000028
3123	bandh	2587	0.000028
3124	chawal	2587	0.000028
3125	bail	2585	0.000028
3126	pallay	2583	0.000028
3127	plate	2582	0.000028
3128	sharf	2582	0.000028
3129	maqboliat	2580	0.000028
3130	qad	2579	0.000028
3131	zameer	2578	0.000028
3132	fateh	2576	0.000028
3133	yonani	2575	0.000028
3134	address	2575	0.000028
3135	sanjeedgi	2570	0.000028
3136	mashq	2569	0.000028
3137	adakara	2568	0.000028
3138	sachey	2567	0.000028
3139	dakhal	2566	0.000028
3140	choudhri	2565	0.000028
3141	koo	2565	0.000028
3142	umm	2561	0.000028
3143	khayaali	2561	0.000028
3144	size	2560	0.000028
3145	army	2558	0.000028
3146	eewsi	2558	0.000028
3147	mahaarat	2555	0.000028
3148	naara	2554	0.000028
3149	zimn	2551	0.000028
3150	kasrat	2550	0.000028
3151	malomati	2549	0.000028
3152	each	2547	0.000028
3153	hotel	2547	0.000028
3154	ilaqai	2546	0.000028
3155	hochuka	2545	0.000028
3156	chawalees	2545	0.000028
3157	paintalis	2544	0.000028
3158	totay	2543	0.000028
3159	johar	2539	0.000028
3160	club	2538	0.000028
3161	busr	2538	0.000028
3162	unchaas	2537	0.000028
3163	mushtarqa	2536	0.000028
3164	ghanton	2535	0.000028
3165	waza	2535	0.000028
3166	aapa	2535	0.000028
3167	sacha	2533	0.000028
3168	sunnat	2532	0.000028
3169	zalzalay	2532	0.000028
3170	baazu	2532	0.000028
3171	ajata	2530	0.000028
3172	bolti	2529	0.000027
3173	khayen	2528	0.000027
3174	suno	2528	0.000027
3175	seedhay	2526	0.000027
3176	alstar	2526	0.000027
3177	kehtay	2526	0.000027
3178	ijlaas	2524	0.000027
3179	iksath	2523	0.000027
3180	naseer	2522	0.000027
3181	baithi	2522	0.000027
3182	jaa	2520	0.000027
3183	raam	2519	0.000027
3184	deera	2518	0.000027
3185	zaheen	2518	0.000027
3186	qabaili	2518	0.000027
3187	bakhoobi	2516	0.000027
3188	sachaai	2516	0.000027
3189	ulatnay	2514	0.000027
3190	adaigi	2513	0.000027
3191	city	2511	0.000027
3192	senate	2509	0.000027
3193	haei	2509	0.000027
3194	tarjeeh	2508	0.000027
3195	naram	2508	0.000027
3196	chohtr	2508	0.000027
3197	susti	2505	0.000027
3198	tarha	2504	0.000027
3199	pucho	2500	0.000027
3200	mimbraan	2497	0.000027
3201	nikaalte	2497	0.000027
3202	scene	2496	0.000027
3203	risalat	2493	0.000027
3204	sitara	2492	0.000027
3205	suray	2491	0.000027
3206	usloob	2490	0.000027
3207	mazahiy	2490	0.000027
3208	larkiyan	2489	0.000027
3209	saad	2488	0.000027
3210	mushtaq	2487	0.000027
3211	urfan	2487	0.000027
3212	zaroriat	2485	0.000027
3213	frmane	2484	0.000027
3214	koh	2484	0.000027
3215	daonlod	2484	0.000027
3216	vashngtn	2482	0.000027
3217	ghulaab	2480	0.000027
3218	lambay	2480	0.000027
3219	laatay	2480	0.000027
3220	muqaddar	2479	0.000027
3221	akhir	2478	0.000027
3222	mustafa	2477	0.000027
3223	aqaed	2477	0.000027
3224	nishana	2475	0.000027
3225	yakki	2475	0.000027
3226	oont	2474	0.000027
3227	taresath	2473	0.000027
3228	ikhtilafat	2471	0.000027
3229	imla	2471	0.000027
3230	ikhtiyarat	2470	0.000027
3231	khushgawar	2470	0.000027
3232	ok	2470	0.000027
3233	sakhti	2469	0.000027
3234	alhmd	2468	0.000027
3235	mithai	2468	0.000027
3236	bachney	2466	0.000027
3237	mulawis	2465	0.000027
3238	daano	2465	0.000027
3239	bloging	2465	0.000027
3240	raqs	2464	0.000027
3241	kalam	2462	0.000027
3242	chourasi	2461	0.000027
3243	mustand	2459	0.000027
3244	sarzamen	2458	0.000027
3245	itaat	2457	0.000027
3246	aour	2456	0.000027
3247	gardi	2455	0.000027
3248	udhaar	2455	0.000027
3249	iktalees	2452	0.000027
3250	coach	2451	0.000027
3251	chukay	2451	0.000027
3252	samjhoo	2451	0.000027
3253	seerat	2450	0.000027
3254	ghaliban	2450	0.000027
3255	adatees	2450	0.000027
3256	fard	2447	0.000027
3257	chean	2445	0.000027
3258	yaksaa	2444	0.000027
3259	lebanon	2444	0.000027
3260	kaali	2441	0.000027
3261	santa	2440	0.000027
3262	teamon	2438	0.000027
3263	jismani	2437	0.000026
3264	hamdardi	2436	0.000026
3265	mach	2435	0.000026
3266	chheyanway	2434	0.000026
3267	khech	2433	0.000026
3268	choranway	2431	0.000026
3269	guria	2431	0.000026
3270	millat	2430	0.000026
3271	sust	2429	0.000026
3272	habib	2429	0.000026
3273	hoten	2428	0.000026
3274	bo	2428	0.000026
3275	khusoosan	2427	0.000026
3276	sm	2427	0.000026
3277	aoor	2427	0.000026
3278	kalay	2426	0.000026
3279	es	2423	0.000026
3280	nahe	2422	0.000026
3281	janna	2422	0.000026
3282	aqval	2422	0.000026
3283	tentalees	2422	0.000026
3284	hamid	2421	0.000026
3285	thora	2421	0.000026
3286	sadaarti	2419	0.000026
3287	majaboori	2419	0.000026
3288	muntaqili	2419	0.000026
3289	parwaaz	2417	0.000026
3290	hazar	2417	0.000026
3291	malala	2416	0.000026
3292	bolna	2416	0.000026
3293	boltaa	2415	0.000026
3294	ajar	2415	0.000026
3295	nakami	2414	0.000026
3296	jamiat	2414	0.000026
3297	justojoo	2413	0.000026
3298	halki	2413	0.000026
3299	chon	2412	0.000026
3300	nojawanon	2412	0.000026
3301	utthay	2412	0.000026
3302	sifar	2411	0.000026
3303	kijiye	2411	0.000026
3304	aor	2411	0.000026	aur
3305	maino	2410	0.000026
3306	rishwat	2410	0.000026
3307	commission	2408	0.000026
3308	train	2408	0.000026
3309	qalb	2406	0.000026
3310	qasim	2406	0.000026
3311	yaa	2406	0.000026
3312	paisa	2404	0.000026
3313	shaad	2404	0.000026
3314	majaz	2403	0.000026
3315	hone	2402	0.000026
3316	kalie	2401	0.000026
3317	talak	2401	0.000026
3318	hashmi	2399	0.000026
3319	awaien	2399	0.000026
3320	pahoron	2398	0.000026
3321	dars	2397	0.000026
3322	naaqis	2396	0.000026
3323	editor	2395	0.000026
3324	mshi	2395	0.000026
3325	ismael	2394	0.000026
3326	cheisat	2394	0.000026
3327	port	2392	0.000026
3328	proof	2390	0.000026
3329	infiradi	2389	0.000026
3330	shahbaz	2389	0.000026
3331	mafadaat	2386	0.000026
3332	tajarbay	2385	0.000026
3333	bharosa	2385	0.000026
3334	matlooba	2384	0.000026
3335	aim	2384	0.000026
3336	rozgaar	2382	0.000026
3337	ahthyat	2382	0.000026
3338	dilchaspi	2380	0.000026
3339	khalil	2379	0.000026
3340	saba	2377	0.000026
3341	vji	2376	0.000026
3342	shura	2374	0.000026
3343	kawish	2370	0.000026
3344	uboor	2369	0.000026
3345	toheed	2369	0.000026
3346	misrey	2369	0.000026
3347	zarea	2367	0.000026
3348	haali	2367	0.000026
3349	kahiye	2364	0.000026
3350	slim	2362	0.000026
3351	government	2362	0.000026
3352	karnaama	2361	0.000026
3353	ahsen	2361	0.000026
3354	halqay	2359	0.000026
3355	gardan	2358	0.000026
3356	ghoray	2355	0.000026
3357	laat	2354	0.000026
3358	aaqa	2353	0.000026
3359	haram	2349	0.000026
3360	mawra	2348	0.000026
3361	senkron	2346	0.000026
3362	wagerna	2346	0.000026
3363	daaron	2344	0.000025
3364	tayees	2344	0.000025
3365	uj	2343	0.000025
3366	niaz	2341	0.000025
3367	mazloom	2341	0.000025
3368	guzaraa	2340	0.000025
3369	kamraan	2339	0.000025
3370	aise	2338	0.000025
3371	roka	2337	0.000025
3372	neher	2337	0.000025
3373	mustafi	2336	0.000025
3374	hoi	2336	0.000025
3375	tootay	2335	0.000025
3376	rawabit	2334	0.000025
3377	jeeta	2334	0.000025
3378	pairwi	2330	0.000025
3379	qiyaas	2329	0.000025
3380	dukhaay	2329	0.000025
3381	confirm	2329	0.000025
3382	la	2327	0.000025
3383	msori	2326	0.000025
3384	international	2325	0.000025
3385	zikria	2325	0.000025
3386	larkoon	2324	0.000025
3387	yaden	2321	0.000025
3388	tahreeron	2320	0.000025
3389	youn	2318	0.000025
3390	blagrz	2315	0.000025
3391	tamasha	2314	0.000025
3392	masrofiyat	2311	0.000025
3393	tau	2307	0.000025
3394	usmaniya	2306	0.000025
3395	taley	2304	0.000025
3396	virus	2304	0.000025
3397	saneha	2301	0.000025
3398	wai	2301	0.000025
3399	raahat	2300	0.000025
3400	virginia	2300	0.000025
3401	jaahil	2300	0.000025
3402	chhyalis	2300	0.000025
3403	maanta	2299	0.000025
3404	khufia	2298	0.000025
3405	sarsath	2297	0.000025
3406	muntazim	2296	0.000025
3407	wajib	2296	0.000025
3408	hindi	2296	0.000025
3409	yo	2296	0.000025
3410	khazana	2295	0.000025
3411	mudakhlat	2295	0.000025
3412	sintis	2295	0.000025
3413	terappan	2293	0.000025
3414	byasi	2293	0.000025
3415	ataaq	2292	0.000025
3416	khabardaar	2291	0.000025
3417	hadaf	2291	0.000025
3418	asshk	2289	0.000025
3419	chorney	2287	0.000025
3420	hamal	2286	0.000025
3421	marhalay	2283	0.000025
3422	ice	2283	0.000025
3423	manaya	2282	0.000025
3424	mustahiq	2282	0.000025
3425	pohanchanay	2280	0.000025
3426	sheh	2278	0.000025
3427	sancha	2278	0.000025
3428	athasi	2278	0.000025
3429	bakhud	2276	0.000025
3430	pyaas	2276	0.000025
3431	dhagon	2276	0.000025
3432	koshishen	2274	0.000025
3433	bilashuba	2273	0.000025
3434	sambhaal	2273	0.000025
3435	taizi	2272	0.000025
3436	unsath	2272	0.000025
3437	rotay	2271	0.000025
3438	raste	2271	0.000025
3439	msnoy	2270	0.000025
3440	chhoo	2268	0.000025
3441	panchwin	2267	0.000025
3442	haadsa	2267	0.000025
3443	wakeel	2265	0.000025
3444	fanaa	2265	0.000025
3445	gazabb	2265	0.000025
3446	kardoon	2265	0.000025
3447	izafi	2263	0.000025
3448	mujahideen	2262	0.000025
3449	laanat	2262	0.000025
3450	chhehatar	2261	0.000025
3451	haakim	2260	0.000025
3452	taqaza	2260	0.000025
3453	leni	2257	0.000025
3454	zakheera	2256	0.000025
3455	mouj	2255	0.000025
3456	samjhane	2255	0.000025
3457	nat	2254	0.000025
3458	chhuut	2253	0.000024
3459	taar	2251	0.000024
3460	maslak	2250	0.000024
3461	jang	2250	0.000024
3462	ikawan	2246	0.000024
3463	uzma	2245	0.000024
3464	muqeem	2245	0.000024
3465	samajte	2242	0.000024
3466	fitnah	2241	0.000024
3467	chadar	2240	0.000024
3468	sham	2238	0.000024	shaam
3469	center	2236	0.000024
3470	choden	2236	0.000024
3471	meharban	2235	0.000024
3472	bunyadon	2235	0.000024
3473	urr	2234	0.000024
3474	khurshid	2234	0.000024
3475	kum	2233	0.000024
3476	muttahid	2232	0.000024
3477	janan	2231	0.000024
3478	masha	2231	0.000024
3479	hongi	2230	0.000024
3480	muki	2229	0.000024
3481	wast	2228	0.000024
3482	msajd	2227	0.000024
3483	tahreerein	2226	0.000024
3484	jurrat	2225	0.000024
3485	arsath	2225	0.000024
3486	gohar	2224	0.000024
3487	pasandon	2224	0.000024
3488	double	2224	0.000024
3489	untaalees	2223	0.000024
3490	waziristan	2221	0.000024
3491	nein	2221	0.000024
3492	sharai	2218	0.000024
3493	sahiban	2218	0.000024
3494	satattar	2217	0.000024
3495	tumhe	2214	0.000024
3496	jon	2213	0.000024
3497	rizaq	2213	0.000024
3498	wickten	2212	0.000024
3499	nain	2212	0.000024
3500	judai	2212	0.000024
3501	jim	2210	0.000024
3502	aqsam	2209	0.000024
3503	aesa	2209	0.000024
3504	aurtain	2206	0.000024
3505	lasani	2205	0.000024
3506	kabhar	2204	0.000024
3507	toseefi	2204	0.000024
3508	kabul	2202	0.000024
3509	wapis	2202	0.000024
3510	misbah	2200	0.000024
3511	hanstay	2200	0.000024
3512	juraim	2198	0.000024
3513	hukoomaton	2198	0.000024
3514	khatray	2198	0.000024
3515	bilkhushoos	2196	0.000024
3516	pehan	2196	0.000024
3517	namumkin	2196	0.000024
3518	salgirah	2195	0.000024
3519	paighambar	2192	0.000024
3520	parte	2190	0.000024
3521	marhala	2189	0.000024
3522	puchhte	2189	0.000024
3523	aqliat	2188	0.000024
3524	unaasi	2188	0.000024
3525	shabash	2188	0.000024
3526	waday	2187	0.000024
3527	mozoon	2184	0.000024
3528	roye	2183	0.000024
3529	wear	2182	0.000024
3530	aapne	2182	0.000024
3531	yazid	2181	0.000024
3532	site	2180	0.000024
3533	bahaq	2180	0.000024
3534	gala	2180	0.000024
3535	numainda	2179	0.000024
3536	fitri	2179	0.000024
3537	bahera	2178	0.000024
3538	insaa	2176	0.000024
3539	halakat	2176	0.000024
3540	janay	2176	0.000024
3541	muawiya	2175	0.000024
3542	tareeq	2174	0.000024
3543	madrassa	2174	0.000024
3544	qurani	2173	0.000024
3545	gandhi	2173	0.000024
3546	samjhti	2173	0.000024
3547	tareeqon	2172	0.000024
3548	chalna	2171	0.000024
3549	thandhi	2171	0.000024
3550	gustaakhi	2169	0.000024
3551	moose	2168	0.000024
3552	chandni	2168	0.000024
3553	zaroori	2166	0.000024
3554	dot	2165	0.000024
3555	iasi	2164	0.000024
3556	mita	2163	0.000024
3557	honton	2163	0.000024
3558	nihaad	2163	0.000024
3559	qabeela	2162	0.000024
3560	laqab	2161	0.000023
3561	khudkush	2161	0.000023
3562	saadgi	2160	0.000023
3563	dhoandne	2160	0.000023
3564	phirtay	2160	0.000023
3565	murda	2159	0.000023
3566	shajar	2159	0.000023
3567	muskura	2159	0.000023
3568	srayiki	2157	0.000023
3569	saghar	2157	0.000023
3570	bhag	2156	0.000023
3571	afrad	2155	0.000023
3572	talkh	2155	0.000023
3573	baatil	2154	0.000023
3574	kalma	2154	0.000023
3575	maani	2153	0.000023
3576	qawaid	2151	0.000023
3577	mkrmh	2151	0.000023
3578	naame	2148	0.000023
3579	barpaa	2148	0.000023
3580	italy	2147	0.000023
3581	sari	2147	0.000023
3582	bae	2147	0.000023
3583	nifaz	2144	0.000023
3584	tukre	2144	0.000023
3585	mohajir	2143	0.000023
3586	puraka	2141	0.000023
3587	dila	2141	0.000023
3588	darwaish	2140	0.000023
3589	musalmah	2140	0.000023
3590	tibbi	2140	0.000023
3591	haraam	2140	0.000023
3592	sohbat	2139	0.000023
3593	manazair	2138	0.000023
3594	khasusiyat	2137	0.000023
3595	naib	2136	0.000023
3596	chhyasi	2134	0.000023
3597	zad	2133	0.000023
3598	jahalat	2133	0.000023
3599	hu	2132	0.000023	hun
3600	tabdeelian	2129	0.000023
3601	kashif	2129	0.000023
3602	guraiz	2128	0.000023
3603	gadhay	2128	0.000023
3604	eesa	2127	0.000023
3605	adliya	2126	0.000023
3606	udasi	2125	0.000023
3607	wasal	2124	0.000023
3608	qabeeley	2123	0.000023
3609	athattar	2122	0.000023
3610	chupkay	2122	0.000023
3611	aabi	2121	0.000023
3612	yom	2120	0.000023
3613	tabqay	2120	0.000023
3614	basheer	2119	0.000023
3615	sanam	2119	0.000023
3616	tota	2119	0.000023
3617	kirolayna	2118	0.000023
3618	nishani	2118	0.000023
3619	pheink	2117	0.000023
3620	phansi	2115	0.000023
3621	farishtay	2114	0.000023
3622	mister	2114	0.000023
3623	yaani	2114	0.000023
3624	tilgo	2113	0.000023
3625	bherne	2111	0.000023
3626	hosakay	2111	0.000023
3627	sifarish	2111	0.000023
3628	koshisho	2111	0.000023
3629	hathi	2110	0.000023
3630	naamzad	2109	0.000023
3631	tube	2109	0.000023
3632	nigahon	2109	0.000023
3633	raton	2108	0.000023
3634	west	2106	0.000023
3635	moueen	2106	0.000023
3636	shagird	2106	0.000023
3637	lain	2106	0.000023
3638	bollywood	2105	0.000023
3639	master	2105	0.000023
3640	sawanah	2104	0.000023
3641	safdar	2104	0.000023
3642	sawari	2101	0.000023
3643	aay	2101	0.000023
3644	papu	2100	0.000023
3645	andazay	2098	0.000023
3646	qadar	2098	0.000023
3647	ashfaq	2097	0.000023
3648	mangi	2097	0.000023
3649	ie	2094	0.000023
3650	german	2092	0.000023
3651	mustard	2092	0.000023
3652	mazhar	2092	0.000023
3653	baji	2092	0.000023
3654	pahari	2088	0.000023
3655	tehqeeqi	2087	0.000023
3656	zaar	2087	0.000023
3657	wahn	2087	0.000023
3658	akhrajaat	2084	0.000023
3659	adal	2083	0.000023
3660	tayyaray	2083	0.000023
3661	yasir	2083	0.000023
3662	unhatar	2083	0.000023
3663	tasheeh	2083	0.000023
3664	zahiri	2082	0.000023
3665	iqraar	2081	0.000023
3666	rha	2081	0.000023	raha
3667	urdan	2079	0.000023
3668	ziyarat	2079	0.000023
3669	gyi	2079	0.000023	gayi
3670	beron	2078	0.000023
3671	earzi	2076	0.000023
3672	sister	2076	0.000023
3673	jazbati	2075	0.000023
3674	maari	2073	0.000023
3675	khas	2073	0.000023
3676	chhaa	2071	0.000023
3677	driver	2070	0.000023
3678	kuttay	2068	0.000022
3679	mahino	2067	0.000022
3680	thaanay	2067	0.000022
3681	parney	2066	0.000022
3682	esaion	2065	0.000022
3683	thankhowa	2065	0.000022
3684	youtube	2065	0.000022
3685	khalaa	2064	0.000022
3686	division	2064	0.000022
3687	ineqad	2064	0.000022
3688	abaid	2064	0.000022
3689	raft	2063	0.000022
3690	andheray	2063	0.000022
3691	buhat	2063	0.000022	bohot
3692	pattay	2062	0.000022
3693	hote	2061	0.000022
3694	fire	2060	0.000022
3695	guzari	2060	0.000022
3696	beedar	2055	0.000022
3697	itminan	2054	0.000022
3698	banin	2054	0.000022
3699	amanat	2052	0.000022
3700	saadat	2052	0.000022
3701	wikipedia	2051	0.000022
3702	khalid	2051	0.000022
3703	as	2051	0.000022
3704	baqiya	2050	0.000022
3705	bartan	2050	0.000022
3706	banati	2050	0.000022
3707	mutmaen	2049	0.000022
3708	soviet	2049	0.000022
3709	qadmon	2049	0.000022
3710	parinday	2048	0.000022
3711	masihi	2047	0.000022
3712	karon	2047	0.000022
3713	yad	2047	0.000022
3714	fojion	2046	0.000022
3715	takhta	2045	0.000022
3716	express	2045	0.000022
3717	jate	2045	0.000022
3718	mayoosi	2044	0.000022
3719	seenah	2044	0.000022
3720	manen	2043	0.000022
3721	zubanain	2042	0.000022
3722	fani	2042	0.000022
3723	asaraar	2041	0.000022
3724	laaye	2041	0.000022
3725	lar	2041	0.000022
3726	mayaari	2040	0.000022
3727	navy	2040	0.000022
3728	awleen	2039	0.000022
3729	mukhlis	2039	0.000022
3730	shayron	2038	0.000022
3731	jaali	2037	0.000022
3732	karwana	2037	0.000022
3733	baatein	2036	0.000022
3734	sis	2036	0.000022
3735	ashaab	2034	0.000022
3736	wasail	2033	0.000022
3737	yakam	2033	0.000022
3738	kaanon	2033	0.000022
3739	phair	2033	0.000022
3740	bashindon	2031	0.000022
3741	dho	2031	0.000022
3742	niji	2030	0.000022
3743	sakhta	2029	0.000022
3744	qismati	2029	0.000022
3745	aaiine	2029	0.000022
3746	tension	2028	0.000022
3747	zuban	2028	0.000022
3748	bistar	2027	0.000022
3749	piya	2025	0.000022
3750	kinara	2024	0.000022
3751	zari	2023	0.000022
3752	hakkaam	2021	0.000022
3753	maula	2017	0.000022
3754	jaltay	2017	0.000022
3755	alkht	2016	0.000022
3756	thehr	2016	0.000022
3757	zan	2016	0.000022
3758	nawaze	2015	0.000022
3759	beryani	2015	0.000022
3760	hara	2014	0.000022
3761	minaar	2014	0.000022
3762	mael	2013	0.000022
3763	takmeel	2013	0.000022
3764	service	2013	0.000022
3765	bayanaat	2013	0.000022
3766	eqdaar	2012	0.000022
3767	talba	2010	0.000022
3768	larnay	2010	0.000022
3769	gaar	2009	0.000022
3770	taaqatwar	2008	0.000022
3771	tanzeemon	2005	0.000022
3772	sotay	2005	0.000022
3773	abbasi	2002	0.000022
3774	soye	2001	0.000022
3775	shuba	2001	0.000022
3776	israar	2001	0.000022
3777	kurrah	2000	0.000022
3778	rangon	2000	0.000022
3779	rupiya	1998	0.000022
3780	geer	1997	0.000022
3781	chaaray	1997	0.000022
3782	mumkina	1996	0.000022
3783	bandobast	1994	0.000022
3784	darta	1991	0.000022
3785	khasa	1991	0.000022
3786	khabron	1990	0.000022
3787	choutha	1990	0.000022
3788	boorhay	1989	0.000022
3789	chamak	1988	0.000022
3790	guru	1986	0.000022
3791	goad	1984	0.000022
3792	ulat	1984	0.000022
3793	bukhaar	1984	0.000022
3794	try	1984	0.000022
3795	peeri	1982	0.000022
3796	baja	1981	0.000022
3797	burj	1980	0.000022
3798	faani	1980	0.000022
3799	marakaz	1976	0.000021
3800	pradesh	1975	0.000021
3801	manzir	1975	0.000021
3802	bhejnay	1973	0.000021
3803	behria	1972	0.000021
3804	marahil	1971	0.000021
3805	dais	1971	0.000021
3806	geet	1969	0.000021
3807	jiska	1969	0.000021
3808	maraah	1968	0.000021
3809	adhay	1967	0.000021
3810	guzarti	1967	0.000021
3811	jalta	1967	0.000021
3812	bazoo	1967	0.000021
3813	krna	1967	0.000021	karna
3814	traffic	1966	0.000021
3815	taseer	1966	0.000021
3816	qamar	1966	0.000021
3817	martay	1966	0.000021
3818	camera	1965	0.000021
3819	rog	1965	0.000021
3820	thaak	1965	0.000021
3821	uthatay	1964	0.000021
3822	daba	1963	0.000021
3823	darpaish	1961	0.000021
3824	balke	1961	0.000021
3825	hwin	1960	0.000021
3826	taba	1960	0.000021
3827	darham	1960	0.000021
3828	khelon	1959	0.000021
3829	agency	1958	0.000021
3830	gilani	1957	0.000021
3831	sunna	1954	0.000021
3832	boht	1954	0.000021
3833	qata	1952	0.000021
3834	zalzala	1952	0.000021
3835	janaza	1951	0.000021
3836	corruption	1950	0.000021
3837	gulshan	1950	0.000021
3838	dozakh	1950	0.000021
3839	zahanat	1950	0.000021
3840	hizab	1949	0.000021
3841	makan	1949	0.000021
3842	visale	1949	0.000021
3843	maanna	1948	0.000021
3844	mohabbaton	1947	0.000021
3845	sochon	1947	0.000021
3846	abyari	1947	0.000021
3847	bait	1946	0.000021
3848	sahuliyaat	1945	0.000021
3849	waqoof	1945	0.000021
3850	hjri	1944	0.000021
3851	tasweerai	1943	0.000021
3852	khwahisaat	1941	0.000021
3853	shirk	1940	0.000021
3854	chunn	1940	0.000021
3855	user	1938	0.000021
3856	istifada	1937	0.000021
3857	zeeshan	1935	0.000021
3858	likhti	1933	0.000021
3859	kaghazi	1933	0.000021
3860	pohanchaya	1932	0.000021
3861	kapron	1932	0.000021
3862	zulfiqar	1931	0.000021
3863	bahaal	1930	0.000021
3864	khaka	1930	0.000021
3865	jabar	1929	0.000021
3866	bolein	1928	0.000021
3867	start	1927	0.000021
3868	nazrain	1926	0.000021
3869	dilanay	1926	0.000021
3870	ablaagh	1923	0.000021
3871	chashma	1922	0.000021
3872	zamanat	1920	0.000021
3873	wafa	1919	0.000021
3874	muasar	1917	0.000021
3875	babar	1916	0.000021
3876	jootay	1916	0.000021
3877	haseen	1913	0.000021
3878	jumaraat	1913	0.000021
3879	second	1911	0.000021
3880	bikhar	1911	0.000021
3881	ghairat	1910	0.000021
3882	zaid	1910	0.000021
3883	rahiye	1909	0.000021
3884	rawi	1907	0.000021
3885	nuzool	1907	0.000021
3886	yaaro	1906	0.000021
3887	issi	1906	0.000021
3888	trophy	1902	0.000021
3889	nafees	1902	0.000021
3890	jazeera	1901	0.000021
3891	cycle	1901	0.000021
3892	jafferi	1901	0.000021
3893	mit	1900	0.000021
3894	model	1899	0.000021
3895	ghareebon	1896	0.000021
3896	barhay	1894	0.000021
3897	mooatbar	1894	0.000021
3898	doosra	1894	0.000021
3899	gehray	1893	0.000021
3900	baj	1892	0.000021
3901	course	1892	0.000021
3902	bhalai	1891	0.000021
3903	design	1890	0.000021
3904	beete	1890	0.000021
3905	daaltay	1889	0.000021
3906	faryaad	1888	0.000021
3907	khittay	1885	0.000020
3908	qissay	1885	0.000020
3909	social	1885	0.000020
3910	musawir	1884	0.000020
3911	feel	1884	0.000020
3912	zarayi	1883	0.000020
3913	family	1883	0.000020
3914	date	1883	0.000020
3915	masawaat	1881	0.000020
3916	jahazoo	1881	0.000020
3917	yaqoob	1881	0.000020
3918	wehshat	1881	0.000020
3919	dhund	1881	0.000020
3920	point	1879	0.000020
3921	uthta	1879	0.000020
3922	ajati	1879	0.000020
3923	talawat	1878	0.000020
3924	nadim	1878	0.000020
3925	lateef	1877	0.000020
3926	century	1877	0.000020
3927	inhisaar	1877	0.000020
3928	paishgi	1877	0.000020
3929	aadh	1876	0.000020
3930	kamzoree	1875	0.000020
3931	warzi	1874	0.000020
3932	chuttiyan	1874	0.000020
3933	mouti	1873	0.000020
3934	hila	1873	0.000020
3935	kamar	1873	0.000020
3936	afzl	1873	0.000020
3937	johri	1872	0.000020
3938	rafi	1872	0.000020
3939	deed	1872	0.000020
3940	thanda	1870	0.000020
3941	jasoosi	1869	0.000020
3942	ravani	1869	0.000020
3943	jarr	1868	0.000020
3944	full	1867	0.000020
3945	zeist	1867	0.000020
3946	first	1866	0.000020
3947	taqleed	1865	0.000020
3948	roomi	1865	0.000020
3949	aib	1864	0.000020
3950	sohail	1863	0.000020
3951	mutwajjah	1863	0.000020
3952	sunen	1862	0.000020
3953	bhichar	1862	0.000020
3954	ayaan	1861	0.000020
3955	rdo	1861	0.000020
3956	abubaker	1861	0.000020
3957	tarweej	1860	0.000020
3958	vision	1860	0.000020
3959	najane	1860	0.000020
3960	basa	1856	0.000020
3961	kou	1856	0.000020
3962	nusrat	1852	0.000020
3963	nam	1852	0.000020
3964	parhaiz	1852	0.000020
3965	hassas	1852	0.000020
3966	blagr	1852	0.000020
3967	schoolon	1851	0.000020
3968	sakuu	1851	0.000020
3969	girnay	1850	0.000020
3970	sadarat	1848	0.000020
3971	soon	1848	0.000020
3972	aalim	1848	0.000020
3973	pakra	1847	0.000020
3974	maai	1846	0.000020
3975	tosee	1845	0.000020
3976	jiski	1844	0.000020
3977	paband	1844	0.000020
3978	rawish	1844	0.000020
3979	zanjeer	1842	0.000020
3980	major	1841	0.000020
3981	fazaiya	1840	0.000020
3982	won	1839	0.000020
3983	sikandar	1839	0.000020
3984	gujrat	1838	0.000020
3985	batting	1837	0.000020
3986	lota	1835	0.000020
3987	parindon	1835	0.000020
3988	afkaar	1834	0.000020
3989	mujeeb	1834	0.000020
3990	multan	1834	0.000020
3991	result	1834	0.000020
3992	aslam	1832	0.000020
3993	peetay	1831	0.000020
3994	haadsay	1831	0.000020
3995	muskurahat	1831	0.000020
3996	zimbabwe	1829	0.000020
3997	ly	1829	0.000020
3998	talib	1828	0.000020
3999	afaq	1827	0.000020
4000	doori	1827	0.000020
4001	rakhon	1827	0.000020
4002	altaf	1826	0.000020
4003	had	1824	0.000020
4004	parliman	1822	0.000020
4005	sarkon	1821	0.000020
4006	turkoon	1820	0.000020
4007	bhoot	1820	0.000020
4008	safeer	1819	0.000020
4009	labon	1818	0.000020
4010	brother	1818	0.000020
4011	gumraah	1817	0.000020
4012	khailtay	1817	0.000020
4013	soaz	1816	0.000020
4014	life	1816	0.000020
4015	disk	1815	0.000020
4016	bandargaah	1815	0.000020
4017	halka	1814	0.000020
4018	ghoom	1814	0.000020
4019	ghanemat	1813	0.000020
4020	aish	1812	0.000020
4021	nazmein	1812	0.000020
4022	nisaab	1812	0.000020
4023	saaien	1811	0.000020
4024	ata	1811	0.000020
4025	view	1810	0.000020
4026	mk	1810	0.000020
4027	van	1808	0.000020
4028	eslehaath	1808	0.000020
4029	wake	1807	0.000020
4030	waisi	1807	0.000020
4031	project	1807	0.000020
4032	mutayyan	1807	0.000020
4033	zulff	1806	0.000020
4034	gubhar	1806	0.000020
4035	takraar	1806	0.000020
4036	ulti	1805	0.000020
4037	zikr	1805	0.000020
4038	shahab	1804	0.000020
4039	lambai	1803	0.000020
4040	girift	1803	0.000020
4041	lkhno	1802	0.000020
4042	ghabra	1801	0.000020
4043	joi	1801	0.000020
4044	ulfat	1801	0.000020
4045	sheri	1797	0.000020
4046	guzarta	1796	0.000020
4047	information	1796	0.000020
4048	rakhiye	1796	0.000020
4049	jb	1795	0.000020
4050	pukaar	1793	0.000019
4051	roze	1792	0.000019
4052	shafqat	1791	0.000019
4053	fazeelat	1791	0.000019
4054	aadi	1791	0.000019
4055	seekhna	1790	0.000019
4056	najaaiz	1789	0.000019
4057	hawaon	1789	0.000019
4058	mantaq	1787	0.000019
4059	yab	1786	0.000019
4060	kholnay	1784	0.000019
4061	rayazi	1783	0.000019
4062	makhi	1782	0.000019
4063	dastan	1782	0.000019
4064	hatta	1782	0.000019
4065	ravayye	1781	0.000019
4066	akhatta	1781	0.000019
4067	saf	1781	0.000019
4068	sabir	1781	0.000019
4069	jalanay	1781	0.000019
4070	kursi	1781	0.000019
4071	awaz	1781	0.000019
4072	asmat	1780	0.000019
4073	besh	1779	0.000019
4074	charha	1779	0.000019
4075	gaaya	1778	0.000019
4076	idraak	1777	0.000019
4077	yemen	1777	0.000019
4078	banon	1777	0.000019
4079	machine	1777	0.000019
4080	maya	1775	0.000019
4081	jandaar	1774	0.000019
4082	dewaron	1774	0.000019
4083	public	1773	0.000019
4084	ghazwah	1773	0.000019
4085	sunanay	1773	0.000019
4086	thehra	1772	0.000019
4087	pathan	1772	0.000019
4088	munnay	1772	0.000019
4089	hoa	1771	0.000019
4090	alehadgi	1770	0.000019
4091	wudu	1770	0.000019
4092	mutharrak	1768	0.000019
4093	nafsiati	1768	0.000019
4094	os	1768	0.000019
4095	daraamad	1767	0.000019
4096	zaireen	1767	0.000019
4097	jhalak	1767	0.000019
4098	money	1767	0.000019
4099	bethnay	1766	0.000019
4100	saanp	1765	0.000019
4101	noble	1765	0.000019
4102	rigg	1764	0.000019
4103	chaak	1764	0.000019
4104	khalq	1764	0.000019
4105	manndi	1763	0.000019
4106	pusht	1763	0.000019
4107	hama	1762	0.000019
4108	murshid	1762	0.000019
4109	madaar	1761	0.000019
4110	balon	1760	0.000019
4111	hiss	1760	0.000019
4112	bsm	1759	0.000019
4113	nayazi	1758	0.000019
4114	nikalti	1758	0.000019
4115	khudmukhtaari	1757	0.000019
4116	posheeda	1757	0.000019
4117	ittihadi	1756	0.000019
4118	onche	1756	0.000019
4119	aate	1756	0.000019
4120	maizban	1755	0.000019
4121	unicode	1755	0.000019
4122	nasli	1755	0.000019
4123	moattal	1754	0.000019
4124	ahelkaar	1754	0.000019
4125	raas	1753	0.000019
4126	puchta	1753	0.000019
4127	tanaza	1752	0.000019
4128	karname	1752	0.000019
4129	jhagra	1752	0.000019
4130	isay	1750	0.000019
4131	teacher	1749	0.000019
4132	ibrat	1749	0.000019
4133	sunaya	1749	0.000019
4134	jazair	1748	0.000019
4135	pila	1745	0.000019
4136	gy	1745	0.000019
4137	tanazur	1744	0.000019
4138	muhallay	1744	0.000019
4139	bint	1744	0.000019
4140	jaal	1743	0.000019
4141	arbo	1743	0.000019
4142	taari	1742	0.000019
4143	meetha	1742	0.000019
4144	ai	1742	0.000019
4145	lakri	1740	0.000019
4146	akmal	1740	0.000019
4147	khumar	1740	0.000019
4148	lehar	1739	0.000019
4149	misri	1738	0.000019
4150	yahe	1738	0.000019
4151	guzarte	1737	0.000019
4152	noiyat	1737	0.000019
4153	article	1736	0.000019
4154	fikri	1736	0.000019
4155	apdit	1736	0.000019
4156	gharon	1735	0.000019
4157	knsas	1735	0.000019
4158	intikhabi	1735	0.000019
4159	matloob	1735	0.000019
4160	bock	1733	0.000019
4161	imtiaz	1733	0.000019
4162	cheekh	1733	0.000019
4163	speed	1733	0.000019
4164	majaal	1732	0.000019
4165	sahaafat	1730	0.000019
4166	ism	1730	0.000019
4167	paal	1729	0.000019
4168	mabain	1729	0.000019
4169	ton	1729	0.000019
4170	seddiq	1727	0.000019
4171	bekar	1727	0.000019
4172	yehi	1727	0.000019
4173	behnain	1726	0.000019
4174	muzahmat	1726	0.000019
4175	pad	1726	0.000019
4176	amad	1725	0.000019
4177	shahkaar	1725	0.000019
4178	fareed	1725	0.000019
4179	mangte	1725	0.000019
4180	chaloon	1725	0.000019
4181	nanhi	1725	0.000019
4182	metric	1724	0.000019
4183	sayid	1723	0.000019
4184	shola	1722	0.000019
4185	harj	1722	0.000019
4186	kah	1722	0.000019
4187	bhoolay	1720	0.000019
4188	qassar	1720	0.000019
4189	v	1719	0.000019
4190	airport	1718	0.000019
4191	thehray	1717	0.000019
4192	aane	1717	0.000019
4193	hil	1716	0.000019
4194	beje	1716	0.000019
4195	bachaaye	1716	0.000019
4196	bahir	1716	0.000019
4197	phaily	1715	0.000019
4198	muheet	1714	0.000019
4199	islamia	1714	0.000019
4200	maiz	1713	0.000019
4201	adil	1713	0.000019
4202	dem	1712	0.000019
4203	wiladat	1712	0.000019
4204	cosuon	1712	0.000019
4205	alhamdulillah	1712	0.000019
4206	munafqat	1711	0.000019
4207	hukmarani	1711	0.000019
4208	paich	1711	0.000019
4209	giran	1710	0.000019
4210	dana	1709	0.000019
4211	chalaye	1709	0.000019
4212	shararat	1707	0.000019
4213	sifarat	1706	0.000019
4214	khulasa	1706	0.000019
4215	hammeed	1706	0.000019
4216	tashee	1704	0.000019
4217	israeli	1704	0.000019
4218	watni	1704	0.000019
4219	chairr	1703	0.000019
4220	jhooti	1702	0.000019
4221	kardiye	1699	0.000018
4222	qutub	1699	0.000018
4223	chout	1699	0.000018
4224	hawas	1699	0.000018
4225	rani	1698	0.000018
4226	ghazlon	1698	0.000018
4227	hansnay	1698	0.000018
4228	baqa	1697	0.000018
4229	kyonkr	1697	0.000018
4230	business	1696	0.000018
4231	saudia	1696	0.000018
4232	qitaar	1695	0.000018
4233	kamrah	1695	0.000018
4234	paati	1695	0.000018
4235	alamat	1692	0.000018
4236	spain	1691	0.000018
4237	mangnay	1691	0.000018
4238	becharay	1690	0.000018
4239	mangay	1690	0.000018
4240	hoto	1689	0.000018
4241	namoonay	1687	0.000018
4242	daarhi	1687	0.000018
4243	hamwar	1686	0.000018
4244	daaway	1685	0.000018
4245	khirki	1685	0.000018
4246	saakht	1684	0.000018
4247	jazbay	1684	0.000018
4248	zam	1683	0.000018
4249	tarf	1682	0.000018
4250	taqtee	1682	0.000018
4251	aeinak	1682	0.000018
4252	mudeer	1680	0.000018
4253	kutta	1680	0.000018
4254	lagay	1679	0.000018
4255	qaari	1678	0.000018
4256	sila	1678	0.000018
4257	jiya	1675	0.000018
4258	jeena	1675	0.000018
4259	parwarish	1674	0.000018
4260	ittafaq	1674	0.000018
4261	shabir	1673	0.000018
4262	hartaal	1672	0.000018
4263	krta	1671	0.000018	karta
4264	risala	1670	0.000018
4265	bghdad	1669	0.000018
4266	qatra	1666	0.000018
4267	aarab	1666	0.000018
4268	garmiyon	1664	0.000018
4269	ghaflat	1664	0.000018
4270	bismal	1663	0.000018
4271	inshaallah	1663	0.000018
4272	intiqam	1662	0.000018
4273	sanati	1661	0.000018
4274	ehtijaj	1660	0.000018
4275	farahmi	1659	0.000018
4276	misl	1659	0.000018
4277	sufi	1659	0.000018
4278	mahaaz	1659	0.000018
4279	maslay	1659	0.000018
4280	murghi	1659	0.000018
4281	hinduo	1655	0.000018
4282	nashar	1655	0.000018
4283	tarjuman	1655	0.000018
4284	ighwa	1654	0.000018
4285	azal	1654	0.000018
4286	pera	1653	0.000018
4287	jammu	1652	0.000018
4288	bdalty	1652	0.000018
4289	nazriye	1651	0.000018
4290	offer	1650	0.000018
4291	zameeni	1649	0.000018
4292	parwah	1649	0.000018
4293	kazmi	1648	0.000018
4294	phirta	1646	0.000018
4295	shafi	1646	0.000018
4296	chuney	1646	0.000018
4297	tasalsul	1644	0.000018
4298	andhera	1644	0.000018
4299	haya	1644	0.000018
4300	sift	1643	0.000018
4301	sahabi	1643	0.000018
4302	bewaqoof	1643	0.000018
4303	beshumar	1642	0.000018
4304	baeed	1641	0.000018
4305	atraaf	1641	0.000018
4306	num	1641	0.000018
4307	samaat	1640	0.000018
4308	grade	1640	0.000018
4309	hifz	1640	0.000018
4310	tawazun	1640	0.000018
4311	boycott	1639	0.000018
4312	nhon	1639	0.000018
4313	aae	1639	0.000018
4314	stadium	1638	0.000018
4315	toota	1637	0.000018
4316	andesha	1637	0.000018
4317	muawin	1636	0.000018
4318	aaz	1636	0.000018
4319	reyasti	1635	0.000018
4320	dhun	1634	0.000018
4321	magr	1634	0.000018
4322	waqf	1633	0.000018
4323	asiayi	1633	0.000018
4324	afia	1633	0.000018
4325	khilaf	1633	0.000018
4326	sifaat	1630	0.000018
4327	power	1630	0.000018
4328	satanway	1629	0.000018
4329	shuruvaat	1628	0.000018
4330	tahleel	1627	0.000018
4331	kurk	1627	0.000018
4332	fayaz	1627	0.000018
4333	aana	1626	0.000018	ana
4334	mazdoor	1626	0.000018
4335	khati	1626	0.000018
4336	jangoo	1624	0.000018
4337	hatmi	1624	0.000018
4338	nobat	1624	0.000018
4339	irtiqa	1623	0.000018
4340	jhoota	1622	0.000018
4341	sajjad	1621	0.000018
4342	ast	1621	0.000018
4343	yahee	1621	0.000018
4344	tasaneef	1620	0.000018
4345	ftohat	1620	0.000018
4346	firaon	1620	0.000018
4347	magazine	1619	0.000018
4348	deewany	1619	0.000018
4349	bikhat	1618	0.000018
4350	zinda	1618	0.000018
4351	khaleej	1617	0.000018
4352	nuk	1617	0.000018
4353	dosaron	1616	0.000018
4354	rukawat	1616	0.000018
4355	maakhuz	1616	0.000018
4356	deedar	1616	0.000018
4357	raakh	1615	0.000018
4358	abba	1615	0.000018
4359	sanaf	1612	0.000018
4360	dushwaar	1612	0.000018
4361	munawar	1611	0.000018
4362	sunah	1610	0.000018
4363	kintki	1610	0.000018
4364	aawazian	1609	0.000017
4365	hamare	1609	0.000017
4366	mohlat	1608	0.000017
4367	maryam	1607	0.000017
4368	clinton	1607	0.000017
4369	shamsi	1607	0.000017
4370	baalo	1606	0.000017
4371	moujza	1606	0.000017
4372	prablm	1606	0.000017
4373	jae	1606	0.000017
4374	sardiyoon	1604	0.000017
4375	lamhon	1604	0.000017
4376	sargaram	1603	0.000017
4377	kabeena	1600	0.000017
4378	hajam	1600	0.000017
4379	mgr	1600	0.000017
4380	kaar	1599	0.000017
4381	chocolate	1599	0.000017
4382	nematon	1599	0.000017
4383	khauf	1597	0.000017
4384	kamaai	1596	0.000017
4385	kirnay	1596	0.000017
4386	hall	1595	0.000017
4387	fatwa	1594	0.000017
4388	gram	1594	0.000017
4389	patras	1594	0.000017
4390	phelanay	1593	0.000017
4391	falasteeni	1593	0.000017
4392	iftitah	1593	0.000017
4393	parah	1592	0.000017
4394	anhazrat	1592	0.000017
4395	aidee	1592	0.000017
4396	hzari	1592	0.000017
4397	falsafay	1591	0.000017
4398	taang	1591	0.000017
4399	moqa	1590	0.000017
4400	account	1589	0.000017
4401	dhai	1589	0.000017
4402	shaoor	1588	0.000017
4403	zakhamo	1588	0.000017
4404	dheron	1588	0.000017
4405	pehar	1587	0.000017
4406	madeeney	1587	0.000017
4407	subha	1587	0.000017	subah
4408	mukhalfin	1585	0.000017
4409	ishaq	1585	0.000017
4410	pichyasi	1584	0.000017
4411	maqabil	1584	0.000017
4412	rail	1583	0.000017
4413	kaun	1583	0.000017
4414	ghuroor	1582	0.000017
4415	qabrustan	1581	0.000017
4416	kharidne	1581	0.000017
4417	lazzat	1581	0.000017
4418	aii	1581	0.000017
4419	halaf	1580	0.000017
4420	juloos	1580	0.000017
4421	jawaa	1580	0.000017
4422	ador	1580	0.000017
4423	engine	1579	0.000017
4424	bachat	1579	0.000017
4425	khiirad	1578	0.000017
4426	ujagar	1578	0.000017
4427	kafiroon	1578	0.000017
4428	jazeeray	1577	0.000017
4429	safi	1577	0.000017
4430	right	1577	0.000017
4431	pachpan	1576	0.000017
4432	commander	1575	0.000017
4433	ground	1575	0.000017
4434	fasana	1575	0.000017
4435	umri	1575	0.000017
4436	kardaita	1575	0.000017
4437	isharay	1575	0.000017
4438	tayyiba	1574	0.000017
4439	nawazi	1573	0.000017
4440	buzurag	1573	0.000017
4441	pnslwanya	1573	0.000017
4442	khra	1573	0.000017
4443	hae	1573	0.000017	hai
4444	kaan	1572	0.000017
4445	addition	1572	0.000017
4446	kafan	1572	0.000017
4447	gaza	1570	0.000017
4448	paray	1569	0.000017
4449	tanasub	1567	0.000017
4450	laden	1567	0.000017
4451	masnoi	1566	0.000017
4452	zeenat	1566	0.000017
4453	poocha	1566	0.000017
4454	head	1563	0.000017
4455	gii	1563	0.000017
4456	rate	1562	0.000017
4457	companiyon	1562	0.000017
4458	jiss	1562	0.000017
4459	tlba	1561	0.000017
4460	sadaqat	1560	0.000017
4461	weraan	1560	0.000017
4462	khaasa	1558	0.000017
4463	domain	1558	0.000017
4464	mairaaj	1557	0.000017
4465	basi	1557	0.000017
4466	khela	1556	0.000017
4467	chouthay	1556	0.000017
4468	aitrazaat	1556	0.000017
4469	ashkaal	1554	0.000017
4470	sadar	1554	0.000017
4471	green	1552	0.000017
4472	soi	1552	0.000017
4473	thisishypenhere	1551	0.000017
4474	dadi	1551	0.000017
4475	admin	1550	0.000017
4476	qaida	1549	0.000017
4477	khadsha	1549	0.000017
4478	shenshah	1549	0.000017
4479	piinaa	1549	0.000017
4480	use	1548	0.000017
4481	zee	1547	0.000017
4482	hathyaaron	1546	0.000017
4483	raahon	1545	0.000017
4484	chowk	1545	0.000017
4485	adwaar	1544	0.000017
4486	nikleen	1544	0.000017
4487	konse	1544	0.000017
4488	peshkash	1543	0.000017
4489	konay	1543	0.000017
4490	phas	1543	0.000017
4491	tornay	1543	0.000017
4492	azm	1542	0.000017
4493	hazem	1541	0.000017
4494	karana	1540	0.000017
4495	talafuz	1540	0.000017
4496	gosha	1539	0.000017
4497	purani	1539	0.000017
4498	zavia	1538	0.000017
4499	imkanaat	1538	0.000017
4500	tukda	1538	0.000017
4501	koochy	1537	0.000017
4502	duty	1536	0.000017
4503	lagaata	1536	0.000017
4504	baabo	1536	0.000017
4505	rashk	1535	0.000017
4506	katay	1534	0.000017
4507	anha	1534	0.000017
4508	takhleeqi	1533	0.000017
4509	manga	1533	0.000017
4510	nou	1532	0.000017
4511	farsh	1531	0.000017
4512	awail	1530	0.000017
4513	hm	1530	0.000017	hum
4514	saman	1530	0.000017
4515	ansari	1530	0.000017
4516	rudaad	1530	0.000017
4517	soul	1529	0.000017
4518	wazay	1529	0.000017
4519	karwan	1529	0.000017
4520	jub	1529	0.000017
4521	medical	1528	0.000017
4522	deikhein	1528	0.000017
4523	script	1528	0.000017
4524	samaaj	1528	0.000017
4525	aesi	1527	0.000017
4526	zibah	1526	0.000017
4527	zabar	1526	0.000017
4528	culture	1526	0.000017
4529	ras	1526	0.000017
4530	takhallus	1525	0.000017
4531	shamat	1525	0.000017
4532	tasweeron	1524	0.000017
4533	glass	1524	0.000017
4534	eian	1524	0.000017
4535	shoping	1523	0.000017
4536	norway	1522	0.000017
4537	madaris	1522	0.000017
4538	nacheez	1522	0.000017
4539	kia	1521	0.000017	kya
4540	mubarikah	1521	0.000017
4541	pee	1521	0.000017
4542	musarrat	1519	0.000017
4543	bathain	1519	0.000017
4544	staff	1518	0.000017
4545	dakhla	1518	0.000017
4546	maqalah	1518	0.000017
4547	zarf	1518	0.000017
4548	centi	1517	0.000016
4549	kije	1517	0.000016
4550	satar	1516	0.000016
4551	tehseen	1516	0.000016
4552	nskh	1516	0.000016
4553	mashkook	1516	0.000016
4554	taayun	1515	0.000016
4555	tasrat	1515	0.000016
4556	shaqq	1515	0.000016
4557	bakhsh	1511	0.000016
4558	sheeshay	1510	0.000016
4559	ghaafil	1510	0.000016
4560	ihata	1510	0.000016
4561	tulu	1510	0.000016
4562	sunay	1510	0.000016
4563	karorron	1509	0.000016
4564	qaidi	1509	0.000016
4565	pukhta	1508	0.000016
4566	ouron	1508	0.000016
4567	such	1508	0.000016	sach
4568	hamrah	1507	0.000016
4569	boorha	1507	0.000016
4570	fawaid	1506	0.000016
4571	zaad	1506	0.000016
4572	dastay	1505	0.000016
4573	khoshion	1505	0.000016
4574	fund	1505	0.000016
4575	beh	1504	0.000016
4576	challenge	1504	0.000016
4577	tarre	1503	0.000016
4578	zada	1503	0.000016
4579	umer	1503	0.000016
4580	uthana	1502	0.000016
4581	taajjub	1502	0.000016
4582	muqarara	1501	0.000016
4583	parlimani	1501	0.000016
4584	kaasht	1501	0.000016
4585	gur	1501	0.000016
4586	maliyati	1501	0.000016
4587	ayyaam	1500	0.000016
4588	mustahkam	1499	0.000016
4589	simt	1498	0.000016
4590	tafteesh	1497	0.000016
4591	chhupi	1497	0.000016
4592	lecture	1496	0.000016
4593	liaqat	1496	0.000016
4594	anday	1496	0.000016
4595	kardete	1496	0.000016
4596	galiyo	1496	0.000016
4597	qaza	1495	0.000016
4598	azmaish	1495	0.000016
4599	dicitionary	1495	0.000016
4600	zol	1495	0.000016
4601	narazgi	1494	0.000016
4602	plus	1493	0.000016
4603	mast	1493	0.000016
4604	raseed	1493	0.000016
4605	apny	1493	0.000016
4606	ungli	1491	0.000016
4607	tadbeer	1490	0.000016
4608	alamaat	1489	0.000016
4609	bahaali	1489	0.000016
4610	jfaa	1488	0.000016
4611	gharane	1487	0.000016
4612	red	1487	0.000016
4613	albm	1487	0.000016
4614	samaa	1487	0.000016
4615	sjday	1487	0.000016
4616	aabadi	1486	0.000016
4617	istehkaam	1486	0.000016
4618	munafe	1483	0.000016
4619	nikalay	1482	0.000016
4620	dilae	1482	0.000016
4621	junoon	1481	0.000016
4622	aagahi	1481	0.000016
4623	bina	1481	0.000016
4624	eyan	1481	0.000016
4625	munsif	1480	0.000016
4626	lagai	1479	0.000016
4627	hukam	1479	0.000016
4628	pichanway	1478	0.000016
4629	wuqoo	1478	0.000016
4630	lai	1476	0.000016
4631	bhaal	1475	0.000016
4632	thakan	1475	0.000016
4633	qaabiz	1474	0.000016
4634	alaat	1474	0.000016
4635	paidal	1474	0.000016
4636	bottle	1474	0.000016
4637	nani	1474	0.000016
4638	paiker	1472	0.000016
4639	abid	1472	0.000016
4640	sunan	1472	0.000016
4641	garmion	1471	0.000016
4642	jisske	1470	0.000016
4643	computing	1470	0.000016
4644	maqool	1469	0.000016
4645	istifa	1469	0.000016
4646	tardeed	1469	0.000016
4647	dulhan	1469	0.000016
4648	shams	1468	0.000016
4649	haqdaar	1468	0.000016
4650	qais	1467	0.000016
4651	munhasir	1466	0.000016
4652	nifi	1466	0.000016
4653	mem	1466	0.000016
4654	nashist	1465	0.000016
4655	rujhan	1464	0.000016
4656	kasar	1464	0.000016
4657	shop	1463	0.000016
4658	zaeef	1463	0.000016
4659	qeht	1462	0.000016
4660	akkaasi	1462	0.000016
4661	karle	1461	0.000016
4662	inch	1460	0.000016
4663	karkun	1460	0.000016
4664	ghaarat	1460	0.000016
4665	ilaaha	1459	0.000016
4666	naffa	1459	0.000016
4667	napasand	1459	0.000016
4668	wahein	1458	0.000016
4669	lara	1458	0.000016
4670	merg	1458	0.000016
4671	takneeki	1457	0.000016
4672	socho	1457	0.000016
4673	vahm	1457	0.000016
4674	colonel	1456	0.000016
4675	andaz	1456	0.000016
4676	gulukar	1455	0.000016
4677	shifa	1455	0.000016
4678	zayeqa	1455	0.000016
4679	bandagi	1454	0.000016
4680	waqfa	1454	0.000016
4681	binkari	1453	0.000016
4682	hub	1452	0.000016
4683	karlo	1452	0.000016
4684	istadlaal	1452	0.000016
4685	aatish	1451	0.000016
4686	kharaaj	1451	0.000016
4687	kashmakash	1451	0.000016
4688	malaal	1451	0.000016
4689	wahab	1450	0.000016
4690	qadir	1450	0.000016
4691	atom	1450	0.000016
4692	ghaib	1449	0.000016
4693	satwen	1447	0.000016
4694	muashiaat	1447	0.000016
4695	truck	1447	0.000016
4696	parr	1446	0.000016
4697	naslon	1445	0.000016
4698	wasiyat	1445	0.000016
4699	mododi	1445	0.000016
4700	hakoomat	1445	0.000016
4701	paison	1443	0.000016
4702	kharcha	1443	0.000016
4703	sayahat	1442	0.000016
4704	three	1442	0.000016
4705	rule	1442	0.000016
4706	tanqeedi	1441	0.000016
4707	taron	1441	0.000016
4708	paris	1440	0.000016
4709	afsanoon	1439	0.000016
4710	aslamk	1439	0.000016
4711	faarsi	1439	0.000016
4712	jantay	1438	0.000016
4713	chaap	1438	0.000016
4714	matchon	1437	0.000016
4715	saan	1437	0.000016
4716	janglaat	1435	0.000016
4717	press	1435	0.000016
4718	makhoz	1435	0.000016
4719	jal	1434	0.000016
4720	mutawaqqa	1433	0.000016
4721	asee	1433	0.000016
4722	chahanay	1432	0.000016
4723	minhaj	1432	0.000016
4724	ghiza	1432	0.000016
4725	takhayyul	1431	0.000016
4726	cover	1431	0.000016
4727	talash	1431	0.000016
4728	masawi	1430	0.000016
4729	taranah	1429	0.000016
4730	awan	1429	0.000016
4731	shikari	1429	0.000016
4732	kalmaat	1429	0.000016
4733	sikha	1429	0.000016
4734	shami	1428	0.000016
4735	society	1428	0.000016
4736	reading	1428	0.000016
4737	difai	1427	0.000016
4738	quwatoon	1426	0.000016
4739	waarsat	1426	0.000016
4740	jageer	1426	0.000016
4741	khutba	1426	0.000016
4742	maatam	1426	0.000016
4743	kasmiri	1425	0.000015
4744	arsh	1424	0.000015
4745	darmiyani	1423	0.000015
4746	q	1423	0.000015
4747	hungama	1422	0.000015
4748	mohtaaj	1422	0.000015
4749	satasi	1422	0.000015
4750	asmano	1421	0.000015
4751	mazkoorah	1421	0.000015
4752	anti	1421	0.000015
4753	makhan	1421	0.000015
4754	fajar	1421	0.000015
4755	faiday	1421	0.000015
4756	kartin	1421	0.000015
4757	vhid	1420	0.000015
4758	likho	1420	0.000015
4759	mujahid	1419	0.000015
4760	dunyae	1419	0.000015
4761	jamsheed	1419	0.000015
4762	sehri	1419	0.000015
4763	mazzaq	1419	0.000015
4764	karay	1419	0.000015
4765	raheem	1418	0.000015
4766	tafreeh	1418	0.000015
4767	faraghat	1418	0.000015
4768	jaata	1418	0.000015
4769	hoey	1417	0.000015
4770	academy	1416	0.000015
4771	qadyani	1416	0.000015
4772	fazil	1414	0.000015
4773	giraftari	1414	0.000015
4774	sarrak	1414	0.000015
4775	pao	1414	0.000015
4776	ghaas	1413	0.000015
4777	ghaddari	1413	0.000015
4778	dish	1413	0.000015
4779	muzammil	1412	0.000015
4780	baam	1411	0.000015
4781	laane	1410	0.000015
4782	peeron	1410	0.000015
4783	soochey	1410	0.000015
4784	fox	1409	0.000015
4785	shaaid	1409	0.000015
4786	sb	1409	0.000015
4787	nzarah	1408	0.000015
4788	ghalba	1408	0.000015
4789	fashion	1407	0.000015
4790	khadim	1407	0.000015
4791	wahdat	1407	0.000015
4792	pakdae	1407	0.000015
4793	qatee	1406	0.000015
4794	apnaya	1405	0.000015
4795	choari	1405	0.000015
4796	mile	1405	0.000015
4797	roman	1404	0.000015
4798	sadqa	1404	0.000015
4799	briloy	1404	0.000015
4800	noke	1402	0.000015
4801	katabat	1401	0.000015
4802	ouncha	1401	0.000015
4803	lakeer	1400	0.000015
4804	bashmole	1400	0.000015
4805	almiya	1400	0.000015
4806	durustagi	1400	0.000015
4807	yahaan	1400	0.000015	yahan
4808	faut	1398	0.000015
4809	bahawalpoor	1398	0.000015
4810	ulmaye	1397	0.000015
4811	ghark	1397	0.000015
4812	reastain	1396	0.000015
4813	gheiron	1396	0.000015
4814	tbsron	1396	0.000015
4815	jaun	1396	0.000015
4816	chale	1396	0.000015
4817	mobayyana	1395	0.000015
4818	meeting	1395	0.000015
4819	jane	1395	0.000015
4820	calcutta	1394	0.000015
4821	nuskhay	1394	0.000015
4822	pahunchte	1394	0.000015
4823	yunan	1394	0.000015
4824	khawahish	1394	0.000015
4825	wish	1393	0.000015
4826	aama	1392	0.000015
4827	austria	1392	0.000015
4828	jou	1392	0.000015
4829	iqdamaat	1391	0.000015
4830	juz	1391	0.000015
4831	jehlum	1391	0.000015
4832	aamaiz	1391	0.000015
4833	ailiya	1391	0.000015
4834	hamd	1390	0.000015
4835	mohtaat	1390	0.000015
4836	rai	1390	0.000015
4837	inteshaar	1389	0.000015
4838	simi	1389	0.000015
4839	laago	1388	0.000015
4840	visa	1388	0.000015
4841	chalana	1388	0.000015
4842	sahal	1388	0.000015
4843	live	1387	0.000015
4844	mangta	1386	0.000015
4845	dokaan	1384	0.000015
4846	khham	1384	0.000015
4847	korea	1383	0.000015
4848	naaray	1383	0.000015
4849	garma	1382	0.000015
4850	karobari	1382	0.000015
4851	zayan	1382	0.000015
4852	image	1380	0.000015
4853	takalouf	1378	0.000015
4854	patharon	1378	0.000015
4855	fear	1378	0.000015
4856	umia	1377	0.000015
4857	intahaa	1377	0.000015
4858	ilzamaat	1377	0.000015
4859	sahafion	1376	0.000015
4860	tufaan	1376	0.000015
4861	farishta	1375	0.000015
4862	adakari	1374	0.000015
4863	nishanain	1374	0.000015
4864	bzy	1373	0.000015
4865	dene	1373	0.000015
4866	mushahiday	1372	0.000015
4867	hadayat	1371	0.000015
4868	rhiye	1371	0.000015
4869	fiqra	1370	0.000015
4870	rizvi	1370	0.000015
4871	istaqbaal	1370	0.000015
4872	akeli	1370	0.000015
4873	mulzim	1369	0.000015
4874	bareek	1368	0.000015
4875	pemana	1368	0.000015
4876	mat	1367	0.000015
4877	sayasatdan	1367	0.000015
4878	nikaali	1367	0.000015
4879	raahi	1366	0.000015
4880	thanday	1366	0.000015
4881	budget	1366	0.000015
4882	khaanoon	1366	0.000015
4883	ehalkaron	1366	0.000015
4884	benazir	1365	0.000015
4885	colour	1365	0.000015
4886	maarka	1365	0.000015
4887	bohraan	1364	0.000015
4888	siwaye	1363	0.000015
4889	pataayi	1363	0.000015
4890	tadrees	1362	0.000015
4891	nafsiat	1362	0.000015
4892	gariyaan	1362	0.000015
4893	saja	1362	0.000015
4894	bimarion	1361	0.000015
4895	darakhton	1361	0.000015
4896	bakwaas	1361	0.000015
4897	lata	1360	0.000015
4898	bheer	1360	0.000015
4899	chirya	1359	0.000015
4900	khudkushi	1359	0.000015
4901	kehlati	1357	0.000015
4902	kati	1357	0.000015
4903	inqalabi	1356	0.000015
4904	chhorna	1356	0.000015
4905	mangni	1355	0.000015
4906	samajhney	1354	0.000015
4907	haroon	1354	0.000015
4908	muzaffar	1354	0.000015
4909	kumar	1353	0.000015
4910	burrows	1353	0.000015
4911	hojane	1353	0.000015
4912	mansookh	1352	0.000015
4913	laam	1352	0.000015
4914	camp	1351	0.000015
4915	junaid	1351	0.000015
4916	ruswai	1351	0.000015
4917	farmit	1350	0.000015
4918	fida	1350	0.000015
4919	field	1350	0.000015
4920	lagan	1350	0.000015
4921	normal	1350	0.000015
4922	insan	1350	0.000015
4923	naamwar	1349	0.000015
4924	utre	1348	0.000015
4925	khoo	1348	0.000015
4926	abdalaziz	1348	0.000015
4927	aftaari	1348	0.000015
4928	director	1347	0.000015
4929	denmark	1347	0.000015
4930	helly	1347	0.000015
4931	tanveer	1347	0.000015
4932	paicheeda	1346	0.000015
4933	tumahra	1346	0.000015
4934	jasoos	1345	0.000015
4935	palao	1345	0.000015
4936	taraqiyati	1343	0.000015
4937	arooz	1343	0.000015
4938	ulizzat	1343	0.000015
4939	qaafla	1343	0.000015
4940	khaani	1343	0.000015
4941	naazim	1342	0.000015
4942	shujaiat	1342	0.000015
4943	jaza	1342	0.000015
4944	sabit	1342	0.000015
4945	zakr	1341	0.000015
4946	khait	1341	0.000015
4947	mashwara	1341	0.000015
4948	zimmay	1340	0.000015
4949	dafatir	1340	0.000015
4950	waardaat	1340	0.000015
4951	chhorey	1340	0.000015
4952	tora	1340	0.000015
4953	tqi	1339	0.000015
4954	giray	1339	0.000015
4955	jeeti	1338	0.000015
4956	iqtisabaat	1338	0.000015
4957	sites	1338	0.000015
4958	art	1336	0.000015
4959	patt	1336	0.000015
4960	mutanazia	1336	0.000015
4961	maadri	1336	0.000015
4962	sarsari	1336	0.000015
4963	loog	1336	0.000015
4964	waqfay	1335	0.000015
4965	parosi	1335	0.000015
4966	baabat	1333	0.000014
4967	mawazna	1333	0.000014
4968	ruswa	1333	0.000014
4969	zard	1332	0.000014
4970	janasheen	1332	0.000014
4971	panch	1332	0.000014	paanch
4972	jai	1332	0.000014
4973	noo	1331	0.000014
4974	dhal	1331	0.000014
4975	dehaat	1331	0.000014
4976	kharij	1331	0.000014
4977	betiyan	1331	0.000014
4978	aftaar	1331	0.000014
4979	yahya	1330	0.000014
4980	yosfi	1330	0.000014
4981	aazma	1329	0.000014
4982	aawara	1329	0.000014
4983	pehly	1329	0.000014
4984	abadkari	1328	0.000014
4985	moti	1327	0.000014
4986	kareeb	1327	0.000014
4987	dimagh	1326	0.000014
4988	pchpn	1326	0.000014
4989	baggar	1326	0.000014
4990	nh	1326	0.000014
4991	chouti	1325	0.000014
4992	madrasay	1325	0.000014
4993	good	1324	0.000014
4994	yakja	1323	0.000014
4995	suraagh	1323	0.000014
4996	mehngi	1323	0.000014
4997	milaad	1322	0.000014
4998	mutradif	1322	0.000014
4999	chupaney	1321	0.000014
5000	chaho	1321	0.000014
